package_name,version,type,spdx_license
adduser,3.137ubuntu1,dpkg,GPL-2.0-only AND GPL-2.0-or-later
apt,2.8.3,dpkg,BSD-3-Clause AND MIT AND GPL-2.0-only AND GPL-2.0-or-later
base-files,13ubuntu10.2,dpkg,LicenseRef-GPL
base-passwd,3.6.3build1,dpkg,GPL-2.0-only AND LicenseRef-public-domain
bash,5.2.21-2ubuntu4,dpkg,BSD-4-Clause-UC AND GFDL-1.3-only AND LicenseRef-GFDL-NIV-1.3 AND GPL-2.0-only AND GPL-2.0-or-later AND GPL-3.0-only AND GPL-3.0-or-later AND Latex2e AND LicenseRef-MIT-like AND LicenseRef-permissive
bsdutils,1:2.39.3-9ubuntu6.2,dpkg,BSD-3-Clause AND BSD-4-Clause AND LicenseRef-BSLA AND GPL-2.0-only AND GPL-2.0-or-later AND GPL-3.0-only AND GPL-3.0-or-later AND LicenseRef-LGPL AND LGPL-2.0-only AND LGPL-2.0-or-later AND LGPL-2.1-only AND LGPL-2.1-or-later AND LGPL-3.0-only AND LGPL-3.0-or-later AND MIT AND LicenseRef-public-domain
ca-certificates,20240203,dpkg,GPL-2.0-only AND GPL-2.0-or-later AND MPL-2.0
coreutils,9.4-3ubuntu6,dpkg,BSD-4-Clause-UC AND FSFULLR AND GFDL-1.3-only AND LicenseRef-GFDL-NIV-1.3 AND GPL-3.0-only AND GPL-3.0-or-later AND ISC
dash,0.5.12-6ubuntu5,dpkg,BSD-3-Clause AND BSD-3-Clause AND GPL-2.0-only AND GPL-2.0-or-later AND LicenseRef-public-domain
debconf,1.5.86ubuntu1,dpkg,BSD-2-Clause
debianutils,5.17build1,dpkg,GPL-2.0-only AND GPL-2.0-or-later AND SMAIL-GPL AND LicenseRef-public-domain
diffutils,1:3.10-1build1,dpkg,FSFAP AND FSFULLR AND GFDL-1.3-only AND LicenseRef-GFDL-NIV-1.3 AND GPL-2.0-only AND GPL-2.0-or-later AND GPL-3.0-only AND GPL-3.0-or-later AND LGPL-2.0-only AND LGPL-2.0-or-later AND LGPL-2.1-only AND LGPL-2.1-or-later AND LGPL-3.0-only AND LGPL-3.0-or-later AND X11 AND LicenseRef-public-domain
dirmngr,2.4.4-2ubuntu17.4,dpkg,BSD-3-Clause AND CC0-1.0 AND MIT AND GPL-2.0-or-later AND GPL-2.0-only AND GPL-3.0-only AND GPL-3.0-or-later AND LGPL-2.1-only AND LGPL-2.1-or-later AND LGPL-3.0-only AND LGPL-3.0-or-later AND LicenseRef-RFC-Reference AND LicenseRef-TinySCHEME AND LicenseRef-permissive
dpkg,1.22.6ubuntu6.1,dpkg,GPL-2.0-only AND GPL-2.0-or-later AND LicenseRef-public-domain-s-s-d
e2fsprogs,1.47.0-2.4~exp1ubuntu4.1,dpkg,Apache-2.0 AND Apache-2.0 AND BSD-3-Clause AND LicenseRef-GPL AND GPL-2.0-only AND GPL-2.0-or-later AND ISC AND Kazlib AND LGPL-2.0-only AND Latex2e
findutils,4.9.0-5build1,dpkg,BSD-3-Clause AND FSFAP AND FSFULLR AND GFDL-1.3-only AND LicenseRef-GFDL-NIV-1.3- AND LicenseRef-GPL AND GPL-2.0-only AND GPL-2.0-or-later AND GPL-3.0-only AND GPL-3.0-or-later AND ISC AND LGPL-2.0-only AND LGPL-2.0-or-later AND LGPL-2.1-only AND LGPL-2.1-or-later AND LGPL-3.0-only AND LGPL-3.0-or-later AND X11 AND LicenseRef-public-domain
gcc-14-base,14.2.0-4ubuntu2~24.04.1,dpkg,LicenseRef-Artistic AND GFDL-1.2-only AND LicenseRef-GPL AND GPL-3.0-only AND LicenseRef-LGPL
git,1:2.43.0-1ubuntu7.3,dpkg,Apache-2.0 AND LicenseRef-Artistic AND BSD-3-Clause AND LicenseRef-Boost AND LicenseRef-EDL-1.0 AND MIT AND LicenseRef-GPL AND GPL-1.0-or-later AND GPL-2.0-only AND GPL-2.0-or-later AND ISC AND LGPL-2.0-only AND LGPL-2.0-or-later AND LGPL-2.1-only AND LGPL-2.1-or-later AND Zlib AND LicenseRef-dlmalloc AND LicenseRef-mingw-runtime
git-lfs,3.4.1-1ubuntu0.4,dpkg,MIT
git-man,1:2.43.0-1ubuntu7.3,dpkg,Apache-2.0 AND LicenseRef-Artistic AND BSD-3-Clause AND LicenseRef-Boost AND LicenseRef-EDL-1.0 AND MIT AND LicenseRef-GPL AND GPL-1.0-or-later AND GPL-2.0-only AND GPL-2.0-or-later AND ISC AND LGPL-2.0-only AND LGPL-2.0-or-later AND LGPL-2.1-only AND LGPL-2.1-or-later AND Zlib AND LicenseRef-dlmalloc AND LicenseRef-mingw-runtime
gnupg,2.4.4-2ubuntu17.4,dpkg,BSD-3-Clause AND CC0-1.0 AND MIT AND GPL-2.0-or-later AND GPL-2.0-only AND GPL-3.0-only AND GPL-3.0-or-later AND LGPL-2.1-only AND LGPL-2.1-or-later AND LGPL-3.0-only AND LGPL-3.0-or-later AND LicenseRef-RFC-Reference AND LicenseRef-TinySCHEME AND LicenseRef-permissive
gnupg-utils,2.4.4-2ubuntu17.4,dpkg,BSD-3-Clause AND CC0-1.0 AND MIT AND GPL-2.0-or-later AND GPL-2.0-only AND GPL-3.0-only AND GPL-3.0-or-later AND LGPL-2.1-only AND LGPL-2.1-or-later AND LGPL-3.0-only AND LGPL-3.0-or-later AND LicenseRef-RFC-Reference AND LicenseRef-TinySCHEME AND LicenseRef-permissive
gnupg2,2.4.4-2ubuntu17.4,dpkg,BSD-3-Clause AND CC0-1.0 AND MIT AND GPL-2.0-or-later AND GPL-2.0-only AND GPL-3.0-only AND GPL-3.0-or-later AND LGPL-2.1-only AND LGPL-2.1-or-later AND LGPL-3.0-only AND LGPL-3.0-or-later AND LicenseRef-RFC-Reference AND LicenseRef-TinySCHEME AND LicenseRef-permissive
gpg,2.4.4-2ubuntu17.4,dpkg,BSD-3-Clause AND CC0-1.0 AND MIT AND GPL-2.0-or-later AND GPL-2.0-only AND GPL-3.0-only AND GPL-3.0-or-later AND LGPL-2.1-only AND LGPL-2.1-or-later AND LGPL-3.0-only AND LGPL-3.0-or-later AND LicenseRef-RFC-Reference AND LicenseRef-TinySCHEME AND LicenseRef-permissive
gpg-agent,2.4.4-2ubuntu17.4,dpkg,BSD-3-Clause AND CC0-1.0 AND MIT AND GPL-2.0-or-later AND GPL-2.0-only AND GPL-3.0-only AND GPL-3.0-or-later AND LGPL-2.1-only AND LGPL-2.1-or-later AND LGPL-3.0-only AND LGPL-3.0-or-later AND LicenseRef-RFC-Reference AND LicenseRef-TinySCHEME AND LicenseRef-permissive
gpgconf,2.4.4-2ubuntu17.4,dpkg,BSD-3-Clause AND CC0-1.0 AND MIT AND GPL-2.0-or-later AND GPL-2.0-only AND GPL-3.0-only AND GPL-3.0-or-later AND LGPL-2.1-only AND LGPL-2.1-or-later AND LGPL-3.0-only AND LGPL-3.0-or-later AND LicenseRef-RFC-Reference AND LicenseRef-TinySCHEME AND LicenseRef-permissive
gpgsm,2.4.4-2ubuntu17.4,dpkg,BSD-3-Clause AND CC0-1.0 AND MIT AND GPL-2.0-or-later AND GPL-2.0-only AND GPL-3.0-only AND GPL-3.0-or-later AND LGPL-2.1-only AND LGPL-2.1-or-later AND LGPL-3.0-only AND LGPL-3.0-or-later AND LicenseRef-RFC-Reference AND LicenseRef-TinySCHEME AND LicenseRef-permissive
gpgv,2.4.4-2ubuntu17.4,dpkg,BSD-3-Clause AND CC0-1.0 AND MIT AND GPL-2.0-or-later AND GPL-2.0-only AND GPL-3.0-only AND GPL-3.0-or-later AND LGPL-2.1-only AND LGPL-2.1-or-later AND LGPL-3.0-only AND LGPL-3.0-or-later AND LicenseRef-RFC-Reference AND LicenseRef-TinySCHEME AND LicenseRef-permissive
grep,3.11-4build1,dpkg,GPL-3.0-only AND GPL-3.0-or-later
gzip,1.12-1ubuntu3,dpkg,LicenseRef-FSF-manpages AND LicenseRef-GFDL-1.3--no-invariant AND LicenseRef-GFDL-3 AND GPL-3.0-only AND GPL-3.0-or-later
hostname,3.23+nmu2ubuntu2,dpkg,GPL-2.0-only
init-system-helpers,1.66ubuntu1,dpkg,BSD-3-Clause AND GPL-2.0-only AND GPL-2.0-or-later
keyboxd,2.4.4-2ubuntu17.4,dpkg,BSD-3-Clause AND CC0-1.0 AND MIT AND GPL-2.0-or-later AND GPL-2.0-only AND GPL-3.0-only AND GPL-3.0-or-later AND LGPL-2.1-only AND LGPL-2.1-or-later AND LGPL-3.0-only AND LGPL-3.0-or-later AND LicenseRef-RFC-Reference AND LicenseRef-TinySCHEME AND LicenseRef-permissive
libacl1,2.3.2-1build1.1,dpkg,GPL-2.0-only AND GPL-2.0-or-later AND LGPL-2.0-or-later AND LGPL-2.1-only
libapt-pkg6.0t64,2.8.3,dpkg,BSD-3-Clause AND MIT AND GPL-2.0-only AND GPL-2.0-or-later
libassuan0,2.5.6-1build1,dpkg,LicenseRef-GAP AND LicenseRef-GAP-FSF AND GPL-2.0-only AND GPL-2.0-or-later AND GPL-3.0-only AND GPL-3.0-or-later AND LGPL-2.1-only AND LGPL-2.1-or-later AND LGPL-3.0-only AND LGPL-3.0-or-later
libattr1,1:2.5.2-1build1.1,dpkg,GPL-2.0-only AND GPL-2.0-or-later AND LGPL-2.0-or-later AND LGPL-2.1-only
libaudit-common,1:3.1.2-2.1build1.1,dpkg,GPL-1.0-only AND GPL-2.0-only AND LGPL-2.1-only
libaudit1,1:3.1.2-2.1build1.1,dpkg,GPL-1.0-only AND GPL-2.0-only AND LGPL-2.1-only
libblkid1,2.39.3-9ubuntu6.2,dpkg,BSD-3-Clause AND BSD-4-Clause AND LicenseRef-BSLA AND GPL-2.0-only AND GPL-2.0-or-later AND GPL-3.0-only AND GPL-3.0-or-later AND LicenseRef-LGPL AND LGPL-2.0-only AND LGPL-2.0-or-later AND LGPL-2.1-only AND LGPL-2.1-or-later AND LGPL-3.0-only AND LGPL-3.0-or-later AND MIT AND LicenseRef-public-domain
libbrotli1,1.1.0-2build2,dpkg,MIT
libbz2-1.0,1.0.8-5.1build0.1,dpkg,LicenseRef-BSD-variant AND GPL-2.0-only
libc-bin,2.39-0ubuntu8.7,dpkg,GFDL-1.3-only AND GPL-2.0-only AND LGPL-2.1-only
libc-dev-bin,2.39-0ubuntu8.7,dpkg,GFDL-1.3-only AND GPL-2.0-only AND LGPL-2.1-only
libc6,2.39-0ubuntu8.7,dpkg,GFDL-1.3-only AND GPL-2.0-only AND LGPL-2.1-only
libc6-dev,2.39-0ubuntu8.7,dpkg,GFDL-1.3-only AND GPL-2.0-only AND LGPL-2.1-only
libcap-ng0,0.8.4-2build2,dpkg,GPL-2.0-only AND GPL-2.0-or-later AND GPL-3.0-only AND LGPL-2.1-only AND LGPL-2.1-or-later
libcap2,1:2.66-5ubuntu2.2,dpkg,BSD-3-Clause AND GPL-2.0-only AND GPL-2.0-or-later
libcom-err2,1.47.0-2.4~exp1ubuntu4.1,dpkg,Apache-2.0 AND Apache-2.0 AND BSD-3-Clause AND LicenseRef-GPL AND GPL-2.0-only AND GPL-2.0-or-later AND ISC AND Kazlib AND LGPL-2.0-only AND Latex2e
libcrypt-dev,1:4.4.36-4build1,dpkg,LicenseRef-5a5e7ca0e9f3f9679977e3a3e9ede45ad92885a3297ea78e766979f9866c5a16
libcrypt1,1:4.4.36-4build1,dpkg,LicenseRef-5a5e7ca0e9f3f9679977e3a3e9ede45ad92885a3297ea78e766979f9866c5a16
libcurl3t64-gnutls,8.5.0-2ubuntu10.8,dpkg,BSD-3-Clause AND BSD-3-Clause AND BSD-4-Clause-UC AND FSFULLR AND GPL-2.0-only AND GPL-2.0-or-later AND GPL-3.0-or-later AND ISC AND OLDAP-2.8 AND X11 AND curl
libdb5.3t64,5.3.28+dfsg2-7,dpkg,LicenseRef-Artistic AND BSD-3-Clause AND LicenseRef-BSD-3-clause-fjord AND LicenseRef-GPL AND GPL-3.0-only AND LicenseRef-MIT-old AND MS-PL AND Sleepycat AND LicenseRef-TCL-like AND X11 AND Zlib
libdebconfclient0,0.271ubuntu3,dpkg,BSD-2-Clause AND BSD-2-Clause AND GPL-2.0-only AND GPL-2.0-or-later
liberror-perl,0.17029-2,dpkg,LicenseRef-Artistic AND GPL-1.0-only AND GPL-1.0-or-later AND LicenseRef-MIT-X11
libexpat1,2.6.1-2ubuntu0.4,dpkg,MIT
libexpat1-dev,2.6.1-2ubuntu0.4,dpkg,MIT
libext2fs2t64,1.47.0-2.4~exp1ubuntu4.1,dpkg,Apache-2.0 AND Apache-2.0 AND BSD-3-Clause AND LicenseRef-GPL AND GPL-2.0-only AND GPL-2.0-or-later AND ISC AND Kazlib AND LGPL-2.0-only AND Latex2e
libffi8,3.4.6-1build1,dpkg,MIT AND LicenseRef-GPL AND GPL-2.0-or-later AND GPL-3.0-or-later AND MPL-1.1 AND X11 AND LicenseRef-public-domain
libgcc-s1,14.2.0-4ubuntu2~24.04.1,dpkg,LicenseRef-Artistic AND GFDL-1.2-only AND LicenseRef-GPL AND GPL-3.0-only AND LicenseRef-LGPL
libgcrypt20,1.10.3-2build1,dpkg,GPL-2.0-only AND LicenseRef-LGPL
libgdbm-compat4t64,1.23-5.1build1,dpkg,LicenseRef-GFDL-NIV-1.3- AND GPL-2.0-only AND GPL-2.0-or-later AND GPL-3.0-only AND GPL-3.0-or-later
libgdbm6t64,1.23-5.1build1,dpkg,LicenseRef-GFDL-NIV-1.3- AND GPL-2.0-only AND GPL-2.0-or-later AND GPL-3.0-only AND GPL-3.0-or-later
libgmp10,2:6.3.0+dfsg-2ubuntu6.1,dpkg,GPL-2.0-only AND GPL-2.0-or-later AND GPL-3.0-only AND GPL-3.0-or-later AND LGPL-3.0-only AND LGPL-3.0-or-later
libgnutls30t64,3.8.3-1.1ubuntu3.3,dpkg,Apache-2.0 AND BSD-3-Clause AND LicenseRef-CC0 AND MIT AND GFDL-1.3-only AND LicenseRef-GPL AND GPL-3.0-only AND LicenseRef-GPLv3- AND LicenseRef-LGPL AND LGPL-3.0-only AND LicenseRef-LGPLv2.1- AND LicenseRef-LGPLv3--or-GPLv2- AND LicenseRef-The
libgpg-error0,1.47-3build2.1,dpkg,BSD-3-Clause AND GPL-3.0-only AND GPL-3.0-or-later AND LGPL-2.1-only AND LGPL-2.1-or-later AND LicenseRef-g10-permissive
libgssapi-krb5-2,1.20.1-6ubuntu2.6,dpkg,GPL-2.0-only
libhogweed6t64,3.9.1-2.2build1.1,dpkg,MIT AND LicenseRef-GAP AND LicenseRef-GPL AND GPL-2.0-only AND GPL-2.0-or-later AND GPL-3.0-or-later AND LicenseRef-LGPL AND LGPL-2.0-only AND LGPL-2.0-or-later AND LGPL-3.0-or-later AND LicenseRef-public-domain
libidn2-0,2.3.7-2build1.1,dpkg,GPL-2.0-only AND GPL-2.0-or-later AND GPL-3.0-only AND GPL-3.0-or-later AND LGPL-3.0-only AND LGPL-3.0-or-later AND LicenseRef-Unicode
libk5crypto3,1.20.1-6ubuntu2.6,dpkg,GPL-2.0-only
libkeyutils1,1.6.3-3build1,dpkg,GPL-2.0-only AND GPL-2.0-or-later AND LGPL-2.0-only AND LGPL-2.0-or-later
libkrb5-3,1.20.1-6ubuntu2.6,dpkg,GPL-2.0-only
libkrb5support0,1.20.1-6ubuntu2.6,dpkg,GPL-2.0-only
libksba8,1.6.6-1build1,dpkg,FSFUL AND GPL-3.0-only AND LGPL-2.1-or-later
libldap2,2.6.10+dfsg-0ubuntu0.24.04.1,dpkg,BSD-3-Clause AND LicenseRef-BSD-3-clause-California AND LicenseRef-BSD-3-clause-variant AND LicenseRef-BSD-4-clause-California AND Beerware AND MIT AND LicenseRef-Expat-ISC AND LicenseRef-Expat-UNM AND LicenseRef-F5 AND LicenseRef-FSF-unlimited AND GPL-2.0-only AND GPL-2.0-or-later AND GPL-3.0-only AND GPL-3.0-or-later AND LicenseRef-JCG AND LicenseRef-MIT-XC AND LicenseRef-NeoSoft-permissive AND LicenseRef-OpenLDAP-2.8 AND LicenseRef-UMich AND LicenseRef-public-domain
liblz4-1,1.9.4-1build1.1,dpkg,BSD-2-Clause AND GPL-2.0-only AND GPL-2.0-or-later
liblzma5,5.6.1+really5.4.5-1ubuntu0.2,dpkg,LicenseRef-Autoconf AND GPL-2.0-only AND GPL-2.0-or-later AND GPL-3.0-only AND LGPL-2.0-only AND LGPL-2.1-only AND LGPL-2.1-or-later AND LicenseRef-PD AND LicenseRef-PD-debian AND LicenseRef-config-h AND LicenseRef-noderivs AND LicenseRef-permissive-fsf AND LicenseRef-permissive-nowarranty AND LicenseRef-probably-PD
libmd0,1.1.0-2build1.1,dpkg,BSD-2-Clause AND BSD-2-Clause AND BSD-3-Clause AND LicenseRef-BSD-3-clause-Aaron-D-Gifford AND Beerware AND ISC AND LicenseRef-public-domain-md4 AND LicenseRef-public-domain-md5 AND LicenseRef-public-domain-sha1
libmount1,2.39.3-9ubuntu6.2,dpkg,BSD-3-Clause AND BSD-4-Clause AND LicenseRef-BSLA AND GPL-2.0-only AND GPL-2.0-or-later AND GPL-3.0-only AND GPL-3.0-or-later AND LicenseRef-LGPL AND LGPL-2.0-only AND LGPL-2.0-or-later AND LGPL-2.1-only AND LGPL-2.1-or-later AND LGPL-3.0-only AND LGPL-3.0-or-later AND MIT AND LicenseRef-public-domain
libncursesw6,6.4+20240113-1ubuntu2,dpkg,BSD-3-Clause AND LicenseRef-MIT-X11 AND X11
libnettle8t64,3.9.1-2.2build1.1,dpkg,MIT AND LicenseRef-GAP AND LicenseRef-GPL AND GPL-2.0-only AND GPL-2.0-or-later AND GPL-3.0-or-later AND LicenseRef-LGPL AND LGPL-2.0-only AND LGPL-2.0-or-later AND LGPL-3.0-or-later AND LicenseRef-public-domain
libnghttp2-14,1.59.0-1ubuntu0.2,dpkg,BSD-2-Clause AND MIT AND GPL-3.0-only AND GPL-3.0-or-later AND MIT AND LicenseRef-all-permissive
libnpth0t64,1.6-3.1build1,dpkg,LGPL-2.1-only AND LGPL-2.1-or-later
libp11-kit0,0.25.3-4ubuntu2.1,dpkg,Apache-2.0 AND BSD-3-Clause AND FSFAP AND FSFULLR AND GPL-2.0-or-later AND GPL-3.0-or-later AND ISC AND LGPL-2.1-only AND LGPL-2.1-or-later AND X11 AND LicenseRef-customFSFUL AND LicenseRef-customFSFULLRWD
libpam-modules,1.5.3-5ubuntu5.4,dpkg,BSD-3-Clause AND LicenseRef-BSD-tcp-wrappers AND Beerware AND LicenseRef-GPL AND GPL-2.0-only AND GPL-2.0-or-later AND GPL-3.0-only AND GPL-3.0-or-later AND LGPL-2.0-only AND LGPL-2.0-or-later AND LicenseRef-public-domain
libpam-modules-bin,1.5.3-5ubuntu5.4,dpkg,BSD-3-Clause AND LicenseRef-BSD-tcp-wrappers AND Beerware AND LicenseRef-GPL AND GPL-2.0-only AND GPL-2.0-or-later AND GPL-3.0-only AND GPL-3.0-or-later AND LGPL-2.0-only AND LGPL-2.0-or-later AND LicenseRef-public-domain
libpam-runtime,1.5.3-5ubuntu5.4,dpkg,BSD-3-Clause AND LicenseRef-BSD-tcp-wrappers AND Beerware AND LicenseRef-GPL AND GPL-2.0-only AND GPL-2.0-or-later AND GPL-3.0-only AND GPL-3.0-or-later AND LGPL-2.0-only AND LGPL-2.0-or-later AND LicenseRef-public-domain
libpam0g,1.5.3-5ubuntu5.4,dpkg,BSD-3-Clause AND LicenseRef-BSD-tcp-wrappers AND Beerware AND LicenseRef-GPL AND GPL-2.0-only AND GPL-2.0-or-later AND GPL-3.0-only AND GPL-3.0-or-later AND LGPL-2.0-only AND LGPL-2.0-or-later AND LicenseRef-public-domain
libpcre2-8-0,10.42-4ubuntu2.1,dpkg,BSD-2-Clause AND BSD-3-Clause AND LicenseRef-BSD-3-clause-Cambridge AND X11 AND LicenseRef-public-domain
libperl5.38t64,5.38.2-3.2ubuntu0.2,dpkg,LicenseRef-Artistic AND Artistic-2.0 AND Artistic-dist AND BSD-3-Clause AND LicenseRef-BSD-3-clause-GENERIC AND LicenseRef-BSD-3-clause-with-weird-numbering AND LicenseRef-BSD-4-clause-POWERDOG AND LicenseRef-BZIP AND LicenseRef-DONT-CHANGE-THE-GPL AND MIT AND FSFAP AND GPL-1.0-only AND GPL-1.0-or-later AND GPL-2.0-only AND GPL-2.0-or-later AND LicenseRef-GPL-3--WITH-BISON-EXCEPTION AND LGPL-2.1-only AND LicenseRef-REGCOMP AND LicenseRef-REGCOMP- AND LicenseRef-SDBM-PUBLIC-DOMAIN AND LicenseRef-TEXT-TABS AND LicenseRef-Unicode AND Zlib
libproc2-0,2:4.0.4-4ubuntu3.2,dpkg,GPL-2.0-only AND GPL-2.0-or-later AND LGPL-2.0-only AND LGPL-2.0-or-later AND LGPL-2.1-only AND LGPL-2.1-or-later
libpsl5t64,0.21.2-1.1build1,dpkg,LicenseRef-Chromium AND MIT AND LicenseRef-gnulib
libpython3.12-dev,3.12.3-1ubuntu0.13,dpkg,Python-2.0
libpython3.12-minimal,3.12.3-1ubuntu0.13,dpkg,Python-2.0
libpython3.12-stdlib,3.12.3-1ubuntu0.13,dpkg,Python-2.0
libpython3.12t64,3.12.3-1ubuntu0.13,dpkg,Python-2.0
libreadline8t64,8.2-4build1,dpkg,LicenseRef-GFDL AND LicenseRef-GFDL-NIV-1.3- AND GPL-2.0-only AND GPL-2.0-or-later AND GPL-3.0-only AND GPL-3.0-or-later AND LicenseRef-ISC-no-attribution
librtmp1,2.4+20151223.gitfa8646d.1-2build7,dpkg,GPL-2.0-only AND LGPL-2.1-only
libsasl2-2,2.1.28+dfsg1-5ubuntu3.1,dpkg,BSD-2-Clause AND LicenseRef-BSD-2.2-clause AND BSD-3-Clause-Attribution AND BSD-3-Clause AND LicenseRef-BSD-3-clause-JANET AND LicenseRef-BSD-3-clause-PADL AND BSD-4-Clause-UC AND FSFULLR AND GPL-3.0-only AND GPL-3.0-or-later AND LicenseRef-IBM-as-is AND MIT-CMU AND LicenseRef-MIT-Export AND LicenseRef-MIT-OpenVision AND LicenseRef-OpenLDAP AND RSA-MD
libsasl2-modules-db,2.1.28+dfsg1-5ubuntu3.1,dpkg,BSD-2-Clause AND LicenseRef-BSD-2.2-clause AND BSD-3-Clause-Attribution AND BSD-3-Clause AND LicenseRef-BSD-3-clause-JANET AND LicenseRef-BSD-3-clause-PADL AND BSD-4-Clause-UC AND FSFULLR AND GPL-3.0-only AND GPL-3.0-or-later AND LicenseRef-IBM-as-is AND MIT-CMU AND LicenseRef-MIT-Export AND LicenseRef-MIT-OpenVision AND LicenseRef-OpenLDAP AND RSA-MD
libseccomp2,2.5.5-1ubuntu3.1,dpkg,LGPL-2.1-only
libselinux1,3.5-2ubuntu2.1,dpkg,GPL-2.0-only AND LicenseRef-public-domain
libsemanage-common,3.5-1build5,dpkg,GPL-2.0-only AND LGPL-2.1-only AND LGPL-2.1-or-later
libsemanage2,3.5-1build5,dpkg,GPL-2.0-only AND LGPL-2.1-only AND LGPL-2.1-or-later
libsepol2,3.5-2build1,dpkg,GPL-2.0-only AND GPL-2.0-or-later AND LGPL-2.1-only AND LGPL-2.1-or-later AND Zlib
libsmartcols1,2.39.3-9ubuntu6.2,dpkg,BSD-3-Clause AND BSD-4-Clause AND LicenseRef-BSLA AND GPL-2.0-only AND GPL-2.0-or-later AND GPL-3.0-only AND GPL-3.0-or-later AND LicenseRef-LGPL AND LGPL-2.0-only AND LGPL-2.0-or-later AND LGPL-2.1-only AND LGPL-2.1-or-later AND LGPL-3.0-only AND LGPL-3.0-or-later AND MIT AND LicenseRef-public-domain
libsqlite3-0,3.45.1-1ubuntu2.5,dpkg,GPL-2.0-only AND GPL-2.0-or-later AND LicenseRef-public-domain
libss2,1.47.0-2.4~exp1ubuntu4.1,dpkg,Apache-2.0 AND Apache-2.0 AND BSD-3-Clause AND LicenseRef-GPL AND GPL-2.0-only AND GPL-2.0-or-later AND ISC AND Kazlib AND LGPL-2.0-only AND Latex2e
libssh-4,0.10.6-2ubuntu0.4,dpkg,BSD-2-Clause AND BSD-3-Clause AND LGPL-2.1-only AND LicenseRef-LGPL-2.1--OpenSSL AND LicenseRef-public-domain
libssl3t64,3.0.13-0ubuntu3.9,dpkg,Apache-2.0 AND LicenseRef-Artistic AND GPL-1.0-only AND GPL-1.0-or-later
libstdc++6,14.2.0-4ubuntu2~24.04.1,dpkg,LicenseRef-Artistic AND GFDL-1.2-only AND LicenseRef-GPL AND GPL-3.0-only AND LicenseRef-LGPL
libsystemd0,255.4-1ubuntu8.8,dpkg,CC0-1.0 AND MIT AND GPL-2.0-only AND GPL-2.0-or-later AND LGPL-2.1-only AND LGPL-2.1-or-later AND LicenseRef-public-domain
libtasn1-6,4.19.0-3ubuntu0.24.04.1,dpkg,GFDL-1.3-only AND GPL-3.0-only AND LicenseRef-LGPL AND LGPL-2.1-only
libtinfo6,6.4+20240113-1ubuntu2,dpkg,BSD-3-Clause AND LicenseRef-MIT-X11 AND X11
libudev1,255.4-1ubuntu8.8,dpkg,CC0-1.0 AND MIT AND GPL-2.0-only AND GPL-2.0-or-later AND LGPL-2.1-only AND LGPL-2.1-or-later AND LicenseRef-public-domain
libunistring5,1.1-2build1.1,dpkg,LicenseRef-FreeSoftware AND GFDL-1.2-only AND LicenseRef-GFDL-NIV-1.2- AND GPL-2.0-only AND GPL-2.0-or-later AND GPL-3.0-only AND GPL-3.0-or-later AND LGPL-3.0-only AND LGPL-3.0-or-later AND X11
libuuid1,2.39.3-9ubuntu6.2,dpkg,BSD-3-Clause AND BSD-4-Clause AND LicenseRef-BSLA AND GPL-2.0-only AND GPL-2.0-or-later AND GPL-3.0-only AND GPL-3.0-or-later AND LicenseRef-LGPL AND LGPL-2.0-only AND LGPL-2.0-or-later AND LGPL-2.1-only AND LGPL-2.1-or-later AND LGPL-3.0-only AND LGPL-3.0-or-later AND MIT AND LicenseRef-public-domain
libxxhash0,0.8.2-2build1,dpkg,BSD-2-Clause AND GPL-2.0-only AND GPL-2.0-or-later
libzstd1,1.5.5+dfsg2-2build1.1,dpkg,BSD-3-Clause AND MIT AND GPL-2.0-only AND Zlib
linux-libc-dev,6.8.0-110.110,dpkg,GPL-2.0-only
login,1:4.13+dfsg1-4ubuntu3.2,dpkg,BSD-3-Clause AND GPL-1.0-only AND GPL-2.0-only AND GPL-2.0-or-later AND LicenseRef-public-domain
logsave,1.47.0-2.4~exp1ubuntu4.1,dpkg,Apache-2.0 AND Apache-2.0 AND BSD-3-Clause AND LicenseRef-GPL AND GPL-2.0-only AND GPL-2.0-or-later AND ISC AND Kazlib AND LGPL-2.0-only AND Latex2e
mawk,1.3.4.20240123-1build1,dpkg,CC-BY-3.0 AND GPL-2.0-only AND GPL-2.0-only AND X11
media-types,10.1.0,dpkg,LicenseRef-ad-hoc
mount,2.39.3-9ubuntu6.2,dpkg,BSD-3-Clause AND BSD-4-Clause AND LicenseRef-BSLA AND GPL-2.0-only AND GPL-2.0-or-later AND GPL-3.0-only AND GPL-3.0-or-later AND LicenseRef-LGPL AND LGPL-2.0-only AND LGPL-2.0-or-later AND LGPL-2.1-only AND LGPL-2.1-or-later AND LGPL-3.0-only AND LGPL-3.0-or-later AND MIT AND LicenseRef-public-domain
ncurses-base,6.4+20240113-1ubuntu2,dpkg,BSD-3-Clause AND LicenseRef-MIT-X11 AND X11
ncurses-bin,6.4+20240113-1ubuntu2,dpkg,BSD-3-Clause AND LicenseRef-MIT-X11 AND X11
netbase,6.4,dpkg,GPL-2.0-only
openssl,3.0.13-0ubuntu3.9,dpkg,Apache-2.0
passwd,1:4.13+dfsg1-4ubuntu3.2,dpkg,BSD-3-Clause AND GPL-1.0-only AND GPL-2.0-only AND GPL-2.0-or-later AND LicenseRef-public-domain
perl,5.38.2-3.2ubuntu0.2,dpkg,LicenseRef-Artistic AND Artistic-2.0 AND Artistic-dist AND BSD-3-Clause AND LicenseRef-BSD-3-clause-GENERIC AND LicenseRef-BSD-3-clause-with-weird-numbering AND LicenseRef-BSD-4-clause-POWERDOG AND LicenseRef-BZIP AND LicenseRef-DONT-CHANGE-THE-GPL AND MIT AND FSFAP AND GPL-1.0-only AND GPL-1.0-or-later AND GPL-2.0-only AND GPL-2.0-or-later AND LicenseRef-GPL-3--WITH-BISON-EXCEPTION AND LGPL-2.1-only AND LicenseRef-REGCOMP AND LicenseRef-REGCOMP- AND LicenseRef-SDBM-PUBLIC-DOMAIN AND LicenseRef-TEXT-TABS AND LicenseRef-Unicode AND Zlib
perl-base,5.38.2-3.2ubuntu0.2,dpkg,LicenseRef-Artistic AND Artistic-2.0 AND Artistic-dist AND BSD-3-Clause AND LicenseRef-BSD-3-clause-GENERIC AND LicenseRef-BSD-3-clause-with-weird-numbering AND LicenseRef-BSD-4-clause-POWERDOG AND LicenseRef-BZIP AND LicenseRef-DONT-CHANGE-THE-GPL AND MIT AND FSFAP AND GPL-1.0-only AND GPL-1.0-or-later AND GPL-2.0-only AND GPL-2.0-or-later AND LicenseRef-GPL-3--WITH-BISON-EXCEPTION AND LGPL-2.1-only AND LicenseRef-REGCOMP AND LicenseRef-REGCOMP- AND LicenseRef-SDBM-PUBLIC-DOMAIN AND LicenseRef-TEXT-TABS AND LicenseRef-Unicode AND Zlib
perl-modules-5.38,5.38.2-3.2ubuntu0.2,dpkg,LicenseRef-Artistic AND Artistic-2.0 AND Artistic-dist AND BSD-3-Clause AND LicenseRef-BSD-3-clause-GENERIC AND LicenseRef-BSD-3-clause-with-weird-numbering AND LicenseRef-BSD-4-clause-POWERDOG AND LicenseRef-BZIP AND LicenseRef-DONT-CHANGE-THE-GPL AND MIT AND FSFAP AND GPL-1.0-only AND GPL-1.0-or-later AND GPL-2.0-only AND GPL-2.0-or-later AND LicenseRef-GPL-3--WITH-BISON-EXCEPTION AND LGPL-2.1-only AND LicenseRef-REGCOMP AND LicenseRef-REGCOMP- AND LicenseRef-SDBM-PUBLIC-DOMAIN AND LicenseRef-TEXT-TABS AND LicenseRef-Unicode AND Zlib
pinentry-curses,1.2.1-3ubuntu5,dpkg,GPL-2.0-only AND GPL-2.0-or-later AND LGPL-3.0-only AND LGPL-3.0-or-later AND X11
procps,2:4.0.4-4ubuntu3.2,dpkg,GPL-2.0-only AND GPL-2.0-or-later AND LGPL-2.0-only AND LGPL-2.0-or-later AND LGPL-2.1-only AND LGPL-2.1-or-later
python3.12,3.12.3-1ubuntu0.13,dpkg,Python-2.0
python3.12-dev,3.12.3-1ubuntu0.13,dpkg,Python-2.0
python3.12-minimal,3.12.3-1ubuntu0.13,dpkg,Python-2.0
readline-common,8.2-4build1,dpkg,LicenseRef-GFDL AND LicenseRef-GFDL-NIV-1.3- AND GPL-2.0-only AND GPL-2.0-or-later AND GPL-3.0-only AND GPL-3.0-or-later AND LicenseRef-ISC-no-attribution
rpcsvc-proto,1.4.2-0ubuntu7,dpkg,BSD-3-Clause AND GPL-2.0-only AND LicenseRef-GPL-2--autoconf-exception AND GPL-3.0-only AND LicenseRef-GPL-3--autoconf-exception AND MIT AND LicenseRef-permissive-autoconf-m4 AND LicenseRef-permissive-autoconf-m4-no-warranty AND LicenseRef-permissive-configure AND LicenseRef-permissive-fsf AND LicenseRef-permissive-makefile-in
sed,4.9-2build1,dpkg,BSD-4-Clause-UC AND BSL-1.0 AND GFDL-1.3-only AND LicenseRef-GFDL-NIV-1.3- AND GPL-3.0-only AND GPL-3.0-or-later AND ISC AND X11 AND LicenseRef-pcre
sensible-utils,0.0.22,dpkg,LicenseRef-All-permissive AND BSD-2-Clause AND GPL-2.0-only AND GPL-2.0-or-later AND LicenseRef-configure AND LicenseRef-installsh
sysvinit-utils,3.08-6ubuntu3,dpkg,GPL-2.0-only AND GPL-2.0-only AND GPL-2.0-or-later AND GPL-3.0-only AND GPL-3.0-only AND LGPL-2.1-only AND LGPL-2.1-or-later
tar,1.35+dfsg-3build1,dpkg,GPL-2.0-only AND GPL-2.0-or-later AND GPL-3.0-only AND GPL-3.0-or-later AND LGPL-2.1-only AND LGPL-2.1-or-later AND LGPL-3.0-only AND LGPL-3.0-or-later
tzdata,2026a-0ubuntu0.24.04.1,dpkg,ICU AND LicenseRef-public-domain
ubuntu-keyring,2023.11.28.1,dpkg,LicenseRef-GPL
unminimize,0.2.1,dpkg,GPL-2.0-only AND GPL-2.0-or-later
util-linux,2.39.3-9ubuntu6.2,dpkg,BSD-3-Clause AND BSD-4-Clause AND LicenseRef-BSLA AND GPL-2.0-only AND GPL-2.0-or-later AND GPL-3.0-only AND GPL-3.0-or-later AND LicenseRef-LGPL AND LGPL-2.0-only AND LGPL-2.0-or-later AND LGPL-2.1-only AND LGPL-2.1-or-later AND LGPL-3.0-only AND LGPL-3.0-or-later AND MIT AND LicenseRef-public-domain
zlib1g,1:1.3.dfsg-3.1ubuntu2.1,dpkg,Zlib
zlib1g-dev,1:1.3.dfsg-3.1ubuntu2.1,dpkg,Zlib
cel.dev/expr,v0.25.1,go,Apache-2.0
emperror.dev/errors,v0.8.1,go,MIT
github.com/AdaLogics/go-fuzz-headers,v0.0.0-20230811130428-ced1acdcaa24,go,Apache-2.0
github.com/AdamKorcz/go-118-fuzz-build,v0.0.0-20230306123547-8075edf89bb0,go,Apache-2.0
github.com/Masterminds/semver/v3,v3.4.0,go,MIT
github.com/Microsoft/go-winio,v0.6.2,go,MIT
github.com/Microsoft/hcsshim,v0.11.7,go,MIT AND Apache-2.0
github.com/ai-dynamo/grove/operator/api,v0.1.0-alpha.8,go,Apache-2.0
github.com/antlr4-go/antlr/v4,v4.13.0,go,BSD-3-Clause
github.com/antlr4-go/antlr/v4,v4.13.1,go,BSD-3-Clause
github.com/beorn7/perks,v1.0.1,go,MIT
github.com/blang/semver/v4,v4.0.0,go,MIT
github.com/bsm/gomega,v1.27.10,go,MIT
github.com/cenkalti/backoff/v4,v4.3.0,go,MIT
github.com/cenkalti/backoff/v5,v5.0.3,go,MIT
github.com/cespare/xxhash/v2,v2.3.0,go,MIT
github.com/checkpoint-restore/go-criu/v8,v8.2.0,go,Apache-2.0
github.com/cncf/xds/go,v0.0.0-20251210132809-ee656c7534f5,go,Apache-2.0
github.com/containerd/cgroups,v1.1.0,go,Apache-2.0
github.com/containerd/containerd,v1.7.30,go,Apache-2.0
github.com/containerd/containerd/api,v1.8.0,go,Apache-2.0
github.com/containerd/continuity,v0.4.4,go,Apache-2.0
github.com/containerd/errdefs,v0.3.0,go,Apache-2.0
github.com/containerd/fifo,v1.1.0,go,Apache-2.0
github.com/containerd/log,v0.1.0,go,Apache-2.0
github.com/containerd/platforms,v0.2.1,go,Apache-2.0
github.com/containerd/ttrpc,v1.2.7,go,Apache-2.0
github.com/containerd/typeurl/v2,v2.1.1,go,Apache-2.0
github.com/cyphar/filepath-securejoin,v0.5.1,go,BSD-3-Clause AND MPL-2.0
github.com/davecgh/go-spew,v1.1.1,go,ISC
github.com/davecgh/go-spew,v1.1.2-0.20180830191138-d8f796af33cc,go,ISC
github.com/dennwc/varint,v1.0.0,go,MIT
github.com/distribution/reference,v0.6.0,go,Apache-2.0
github.com/docker/go-events,v0.0.0-20190806004212-e31b211e4f1c,go,Apache-2.0
github.com/emicklei/go-restful/v3,v3.12.2,go,MIT
github.com/emicklei/go-restful/v3,v3.13.0,go,MIT
github.com/envoyproxy/go-control-plane/envoy,v1.37.0,go,Apache-2.0
github.com/envoyproxy/protoc-gen-validate,v1.3.0,go,Apache-2.0
github.com/evanphx/json-patch,v5.7.0+incompatible,go,BSD-3-Clause
github.com/evanphx/json-patch/v5,v5.9.11,go,BSD-3-Clause
github.com/felixge/httpsnoop,v1.0.4,go,MIT
github.com/fsnotify/fsnotify,v1.9.0,go,BSD-3-Clause
github.com/fxamacker/cbor/v2,v2.9.0,go,MIT
github.com/go-logr/logr,v1.4.3,go,Apache-2.0
github.com/go-logr/stdr,v1.2.2,go,Apache-2.0
github.com/go-logr/zapr,v1.3.0,go,Apache-2.0
github.com/go-openapi/jsonpointer,v0.21.0,go,Apache-2.0
github.com/go-openapi/jsonpointer,v0.21.2,go,Apache-2.0
github.com/go-openapi/jsonpointer,v0.22.4,go,Apache-2.0
github.com/go-openapi/jsonreference,v0.20.2,go,Apache-2.0
github.com/go-openapi/jsonreference,v0.21.0,go,Apache-2.0
github.com/go-openapi/jsonreference,v0.21.4,go,Apache-2.0
github.com/go-openapi/swag,v0.23.0,go,Apache-2.0
github.com/go-openapi/swag,v0.23.1,go,Apache-2.0
github.com/go-openapi/swag,v0.25.4,go,Apache-2.0
github.com/go-openapi/swag/cmdutils,v0.25.4,go,Apache-2.0
github.com/go-openapi/swag/conv,v0.25.4,go,Apache-2.0
github.com/go-openapi/swag/fileutils,v0.25.4,go,Apache-2.0
github.com/go-openapi/swag/jsonname,v0.25.4,go,Apache-2.0
github.com/go-openapi/swag/jsonutils,v0.25.4,go,Apache-2.0
github.com/go-openapi/swag/loading,v0.25.4,go,Apache-2.0
github.com/go-openapi/swag/mangling,v0.25.4,go,Apache-2.0
github.com/go-openapi/swag/netutils,v0.25.4,go,Apache-2.0
github.com/go-openapi/swag/stringutils,v0.25.4,go,Apache-2.0
github.com/go-openapi/swag/typeutils,v0.25.4,go,Apache-2.0
github.com/go-openapi/swag/yamlutils,v0.25.4,go,Apache-2.0
github.com/go-task/slim-sprig/v3,v3.0.0,go,MIT
github.com/gogo/protobuf,v1.3.2,go,BSD-3-Clause
github.com/golang/groupcache,v0.0.0-20210331224755-41bb18bfe9da,go,Apache-2.0
github.com/golang/protobuf,v1.5.4,go,BSD-3-Clause
github.com/google/btree,v1.1.3,go,Apache-2.0
github.com/google/cel-go,v0.26.0,go,Apache-2.0 AND BSD-3-Clause
github.com/google/cel-go,v0.28.0,go,Apache-2.0 AND BSD-3-Clause
github.com/google/gnostic-models,v0.7.0,go,Apache-2.0
github.com/google/go-cmp,v0.7.0,go,BSD-3-Clause
github.com/google/pprof,v0.0.0-20250923004556-9e5a51aed1e8,go,Apache-2.0 AND BSD-3-Clause
github.com/google/uuid,v1.6.0,go,BSD-3-Clause
github.com/grafana/regexp,v0.0.0-20250905093917-f7b3be9d1853,go,BSD-3-Clause
github.com/grpc-ecosystem/grpc-gateway/v2,v2.26.3,go,BSD-3-Clause
github.com/grpc-ecosystem/grpc-gateway/v2,v2.27.2,go,BSD-3-Clause
github.com/grpc-ecosystem/grpc-gateway/v2,v2.28.0,go,BSD-3-Clause
github.com/hashicorp/golang-lru/v2,v2.0.7,go,MPL-2.0
github.com/imdario/mergo,v0.3.16,go,BSD-3-Clause
github.com/inconshreveable/mousetrap,v1.1.0,go,Apache-2.0
github.com/jellydator/ttlcache/v3,v3.4.0,go,MIT
github.com/josharian/intern,v1.0.0,go,MIT
github.com/json-iterator/go,v1.1.12,go,MIT
github.com/klauspost/compress,v1.18.0,go,BSD-3-Clause AND Apache-2.0 AND MIT
github.com/mailru/easyjson,v0.7.7,go,MIT
github.com/mailru/easyjson,v0.9.0,go,MIT
github.com/moby/locker,v1.0.1,go,Apache-2.0
github.com/moby/sys/mountinfo,v0.7.1,go,Apache-2.0
github.com/moby/sys/sequential,v0.5.0,go,Apache-2.0
github.com/moby/sys/signal,v0.7.0,go,Apache-2.0
github.com/moby/sys/user,v0.3.0,go,Apache-2.0
github.com/moby/sys/userns,v0.1.0,go,Apache-2.0
github.com/modern-go/concurrent,v0.0.0-20180306012644-bacd9c7ef1dd,go,Apache-2.0
github.com/modern-go/reflect2,v1.0.3-0.20250322232337-35a7c28c31ee,go,Apache-2.0
github.com/munnerz/goautoneg,v0.0.0-20191010083416-a7dc8b61c822,go,BSD-3-Clause
github.com/onsi/ginkgo/v2,v2.27.3,go,MIT
github.com/onsi/gomega,v1.38.3,go,MIT
github.com/open-policy-agent/cert-controller,v0.14.0,go,Apache-2.0
github.com/opencontainers/go-digest,v1.0.0,go,Apache-2.0 AND CC-BY-SA-4.0
github.com/opencontainers/image-spec,v1.1.0,go,Apache-2.0
github.com/opencontainers/runtime-spec,v1.2.0,go,Apache-2.0
github.com/opencontainers/selinux,v1.13.1,go,Apache-2.0
github.com/pkg/errors,v0.9.1,go,BSD-2-Clause
github.com/planetscale/vtprotobuf,v0.6.1-0.20240319094008-0393e58bdf10,go,BSD-3-Clause AND MIT
github.com/pmezard/go-difflib,v1.0.0,go,BSD-3-Clause
github.com/pmezard/go-difflib,v1.0.1-0.20181226105442-5d4384ee4fb2,go,BSD-3-Clause
github.com/prometheus-operator/prometheus-operator/pkg/apis/monitoring,v0.71.2,go,Apache-2.0
github.com/prometheus/client_golang,v1.23.2,go,Apache-2.0 AND BSD-3-Clause
github.com/prometheus/client_model,v0.6.2,go,Apache-2.0
github.com/prometheus/common,v0.66.1,go,Apache-2.0
github.com/prometheus/common,v0.67.5,go,Apache-2.0
github.com/prometheus/procfs,v0.16.1,go,Apache-2.0
github.com/prometheus/procfs,v0.17.0,go,Apache-2.0
github.com/prometheus/procfs,v0.19.2,go,Apache-2.0
github.com/prometheus/prometheus,v0.310.0,go,Apache-2.0
github.com/sirupsen/logrus,v1.9.3,go,MIT
github.com/spf13/cobra,v1.10.1,go,Apache-2.0
github.com/spf13/cobra,v1.10.2,go,Apache-2.0
github.com/spf13/pflag,v1.0.10,go,BSD-3-Clause
github.com/spf13/pflag,v1.0.9,go,BSD-3-Clause
github.com/stoewer/go-strcase,v1.3.0,go,MIT
github.com/stretchr/testify,v1.11.1,go,MIT
github.com/x448/float16,v0.8.4,go,MIT
go.opencensus.io,v0.24.0,go,Apache-2.0
go.opentelemetry.io/auto/sdk,v1.2.1,go,Apache-2.0
go.opentelemetry.io/contrib/instrumentation/google.golang.org/grpc/otelgrpc,v0.60.0,go,Apache-2.0
go.opentelemetry.io/contrib/instrumentation/net/http/otelhttp,v0.61.0,go,Apache-2.0
go.opentelemetry.io/contrib/instrumentation/net/http/otelhttp,v0.63.0,go,Apache-2.0 AND BSD-3-Clause
go.opentelemetry.io/contrib/instrumentation/net/http/otelhttp,v0.65.0,go,Apache-2.0 AND BSD-3-Clause
go.opentelemetry.io/otel,v1.41.0,go,Apache-2.0 AND BSD-3-Clause
go.opentelemetry.io/otel,v1.43.0,go,Apache-2.0 AND BSD-3-Clause
go.opentelemetry.io/otel/exporters/otlp/otlptrace,v1.34.0,go,Apache-2.0
go.opentelemetry.io/otel/exporters/otlp/otlptrace,v1.38.0,go,Apache-2.0 AND BSD-3-Clause
go.opentelemetry.io/otel/exporters/otlp/otlptrace,v1.43.0,go,Apache-2.0 AND BSD-3-Clause
go.opentelemetry.io/otel/exporters/otlp/otlptrace/otlptracegrpc,v1.34.0,go,Apache-2.0
go.opentelemetry.io/otel/exporters/otlp/otlptrace/otlptracegrpc,v1.38.0,go,Apache-2.0 AND BSD-3-Clause
go.opentelemetry.io/otel/exporters/otlp/otlptrace/otlptracegrpc,v1.43.0,go,Apache-2.0 AND BSD-3-Clause
go.opentelemetry.io/otel/exporters/stdout/stdouttrace,v1.43.0,go,Apache-2.0 AND BSD-3-Clause
go.opentelemetry.io/otel/metric,v1.41.0,go,Apache-2.0 AND BSD-3-Clause
go.opentelemetry.io/otel/metric,v1.43.0,go,Apache-2.0 AND BSD-3-Clause
go.opentelemetry.io/otel/sdk,v1.40.0,go,Apache-2.0 AND BSD-3-Clause
go.opentelemetry.io/otel/sdk,v1.43.0,go,Apache-2.0 AND BSD-3-Clause
go.opentelemetry.io/otel/trace,v1.41.0,go,Apache-2.0 AND BSD-3-Clause
go.opentelemetry.io/otel/trace,v1.43.0,go,Apache-2.0 AND BSD-3-Clause
go.opentelemetry.io/proto/otlp,v1.10.0,go,Apache-2.0
go.opentelemetry.io/proto/otlp,v1.5.0,go,Apache-2.0
go.opentelemetry.io/proto/otlp,v1.7.1,go,Apache-2.0
go.uber.org/atomic,v1.11.0,go,MIT
go.uber.org/multierr,v1.11.0,go,MIT
go.uber.org/zap,v1.27.1,go,MIT
go.yaml.in/yaml/v2,v2.4.3,go,Apache-2.0
go.yaml.in/yaml/v3,v3.0.4,go,MIT AND Apache-2.0
golang.org/x/crypto,v0.48.0,go,BSD-3-Clause
golang.org/x/exp,v0.0.0-20250808145144-a408d31f581a,go,BSD-3-Clause
golang.org/x/exp,v0.0.0-20260112195511-716be5621a96,go,BSD-3-Clause
golang.org/x/mod,v0.32.0,go,BSD-3-Clause
golang.org/x/net,v0.48.0,go,BSD-3-Clause
golang.org/x/net,v0.49.0,go,BSD-3-Clause
golang.org/x/net,v0.52.0,go,BSD-3-Clause
golang.org/x/oauth2,v0.34.0,go,BSD-3-Clause
golang.org/x/oauth2,v0.35.0,go,BSD-3-Clause
golang.org/x/sync,v0.19.0,go,BSD-3-Clause
golang.org/x/sync,v0.20.0,go,BSD-3-Clause
golang.org/x/sys,v0.40.0,go,BSD-3-Clause
golang.org/x/sys,v0.41.0,go,BSD-3-Clause
golang.org/x/sys,v0.42.0,go,BSD-3-Clause
golang.org/x/term,v0.38.0,go,BSD-3-Clause
golang.org/x/term,v0.40.0,go,BSD-3-Clause
golang.org/x/term,v0.41.0,go,BSD-3-Clause
golang.org/x/text,v0.32.0,go,BSD-3-Clause
golang.org/x/text,v0.34.0,go,BSD-3-Clause
golang.org/x/text,v0.35.0,go,BSD-3-Clause
golang.org/x/time,v0.12.0,go,BSD-3-Clause
golang.org/x/time,v0.13.0,go,BSD-3-Clause
golang.org/x/time,v0.15.0,go,BSD-3-Clause
golang.org/x/tools,v0.41.0,go,BSD-3-Clause
gomodules.xyz/jsonpatch/v2,v2.4.0,go,Apache-2.0
google.golang.org/genproto,v0.0.0-20231211222908-989df2bf70f3,go,Apache-2.0
google.golang.org/genproto/googleapis/api,v0.0.0-20251202230838-ff82c1b0f217,go,Apache-2.0
google.golang.org/genproto/googleapis/api,v0.0.0-20260401024825-9d38bb4040a9,go,Apache-2.0
google.golang.org/genproto/googleapis/rpc,v0.0.0-20251202230838-ff82c1b0f217,go,Apache-2.0
google.golang.org/genproto/googleapis/rpc,v0.0.0-20260401024825-9d38bb4040a9,go,Apache-2.0
google.golang.org/grpc,v1.79.3,go,Apache-2.0
google.golang.org/grpc,v1.80.0,go,Apache-2.0
google.golang.org/protobuf,v1.36.11,go,BSD-3-Clause
gopkg.in/evanphx/json-patch.v4,v4.13.0,go,BSD-3-Clause
gopkg.in/inf.v0,v0.9.1,go,BSD-3-Clause
gopkg.in/yaml.v3,v3.0.1,go,MIT AND Apache-2.0
istio.io/api,v1.23.1,go,Apache-2.0 AND BSD-3-Clause AND MIT
istio.io/client-go,v1.23.1,go,Apache-2.0 AND ISC AND MIT AND BSD-3-Clause AND BSD-2-Clause
k8s.io/api,v0.34.3,go,Apache-2.0
k8s.io/api,v0.35.3,go,Apache-2.0
k8s.io/apiextensions-apiserver,v0.34.3,go,Apache-2.0
k8s.io/apiextensions-apiserver,v0.35.3,go,Apache-2.0
k8s.io/apimachinery,v0.34.3,go,Apache-2.0 AND BSD-3-Clause
k8s.io/apimachinery,v0.35.3,go,Apache-2.0 AND BSD-3-Clause
k8s.io/apiserver,v0.34.3,go,Apache-2.0
k8s.io/apiserver,v0.35.3,go,Apache-2.0
k8s.io/client-go,v0.34.3,go,Apache-2.0 AND BSD-3-Clause
k8s.io/client-go,v0.35.3,go,Apache-2.0 AND BSD-3-Clause
k8s.io/component-base,v0.34.3,go,Apache-2.0
k8s.io/component-base,v0.35.3,go,Apache-2.0
k8s.io/cri-api,v0.34.3,go,Apache-2.0
k8s.io/cri-client,v0.34.3,go,Apache-2.0
k8s.io/klog/v2,v2.130.1,go,Apache-2.0
k8s.io/kube-openapi,v0.0.0-20250910181357-589584f1c912,go,Apache-2.0 AND BSD-3-Clause AND MIT
k8s.io/kube-openapi,v0.0.0-20260127142750-a19766b6e2d4,go,Apache-2.0 AND BSD-3-Clause AND MIT
k8s.io/kubelet,v0.34.3,go,Apache-2.0
k8s.io/utils,v0.0.0-20251002143259-bc988d571ff4,go,Apache-2.0 AND BSD-3-Clause
k8s.io/utils,v0.0.0-20260108192941-914a6e750570,go,Apache-2.0 AND BSD-3-Clause
sigs.k8s.io/apiserver-network-proxy/konnectivity-client,v0.31.2,go,Apache-2.0
sigs.k8s.io/controller-runtime,v0.22.4,go,Apache-2.0
sigs.k8s.io/controller-runtime,v0.23.3,go,Apache-2.0
sigs.k8s.io/gateway-api-inference-extension,v0.0.0-20260416154104-206d40dca75d,go,Apache-2.0
sigs.k8s.io/gateway-api-inference-extension,v1.2.0,go,Apache-2.0
sigs.k8s.io/json,v0.0.0-20250730193827-2d320260d730,go,Apache-2.0 AND BSD-3-Clause
sigs.k8s.io/lws,v0.6.1,go,Apache-2.0
sigs.k8s.io/randfill,v1.0.0,go,Apache-2.0
sigs.k8s.io/structured-merge-diff/v6,v6.3.1,go,Apache-2.0
sigs.k8s.io/structured-merge-diff/v6,v6.3.2,go,Apache-2.0
sigs.k8s.io/yaml,v1.6.0,go,MIT AND BSD-3-Clause AND Apache-2.0
volcano.sh/apis,v1.12.2,go,Apache-2.0
LMCache,,native,Apache-2.0
aws-sdk-cpp,,native,Apache-2.0
criu,,native,GPL-2.0-only
cuda-checkpoint,,native,NVIDIA-Software-License
cuda_plugin.so,,native,GPL-2.0-only
ffmpeg,,native,LGPL-2.1-or-later
gdrcopy,,native,MIT
intel-oneCCL,,native,Apache-2.0
libcriu,,native,LGPL-2.1-only
libfabric,,native,BSD-2-Clause OR GPL-2.0-only
nixl,,native,Apache-2.0
ucx,,native,BSD-3-Clause
vllm,,native,Apache-2.0
vllm-omni,,native,Apache-2.0
absl-py,2.4.0,python,Apache-2.0
aiconfigurator,0.8.0,python,Apache-2.0
aiofiles,24.1.0,python,Apache-2.0
aiohappyeyeballs,2.6.1,python,PSF-2.0
aiohttp,3.13.5,python,(Apache-2.0 AND MIT)
aiosignal,1.4.0,python,Apache-2.0
aiperf,0.7.0,python,Apache-2.0
annotated-doc,0.0.4,python,MIT
annotated-types,0.7.0,python,MIT
anyio,4.13.0,python,MIT
attrs,26.1.0,python,MIT
autocommand,2.2.2,python,LicenseRef-LGPLv3
backports-tarfile,1.2.0,python,MIT
blinker,1.9.0,python,MIT
bokeh,3.9.0,python,BSD-3-Clause
brotli,1.2.0,python,MIT
certifi,2026.4.22,python,MPL-2.0
cffi,2.0.0,python,MIT
charset-normalizer,3.4.7,python,MIT
choreographer,1.3.0,python,MIT
click,8.3.3,python,BSD-3-Clause
contourpy,1.3.3,python,BSD-3-Clause
cryptography,47.0.0,python,(Apache-2.0 OR BSD-3-Clause)
cuda-bindings,13.2.0,python,LicenseRef-NVIDIA-SOFTWARE-LICENSE
cuda-pathfinder,1.5.4,python,Apache-2.0
cuda-toolkit,13.0.2,python,LicenseRef-NVIDIA-Software-License-Agreement
cycler,0.12.1,python,BSD-3-Clause
cyclopts,4.11.0,python,Apache-2.0
dash,3.1.1,python,MIT
dash-bootstrap-components,2.0.4,python,Apache-2.0
data-generator,0.1.0,python,Apache-2.0
datasets,4.8.5,python,Apache-2.0
dill,0.4.1,python,BSD-3-Clause
docstring-parser,0.18.0,python,MIT
docutils,0.22.4,python,BSD-3-Clause AND Unlicense
durationpy,0.10,python,MIT
fastapi,0.111.0,python,MIT
fastapi,0.120.1,python,MIT
ffmpeg-python,0.2.0,python,Apache-2.0
ffmpy,1.0.0,python,MIT
filelock,3.29.0,python,MIT
flask,3.1.3,python,BSD-3-Clause
fonttools,4.62.1,python,MIT
frozenlist,1.8.0,python,Apache-2.0
fsspec,2026.2.0,python,BSD-3-Clause
future,1.0.0,python,MIT
google-auth,2.49.2,python,Apache-2.0
googleapis-common-protos,1.74.0,python,Apache-2.0
gpu-memory-service,0.9.0,python,Apache-2.0
gradio,6.8.0,python,Apache-2.0
gradio-client,2.2.0,python,Apache-2.0
groovy,0.1.2,python,MIT
grpcio,1.67.1,python,Apache-2.0
grpcio-tools,1.67.1,python,Apache-2.0
h11,0.16.0,python,MIT
hf-xet,1.4.3,python,Apache-2.0
httpcore,1.0.9,python,BSD-3-Clause
httptools,0.7.1,python,MIT
httpx,0.26.0,python,BSD-3-Clause
httpx,0.28.1,python,BSD-3-Clause
huggingface-hub,1.12.2,python,Apache-2.0
idna,3.13,python,BSD-3-Clause
imageio,2.37.3,python,BSD-2-Clause
imageio-ffmpeg,0.6.0,python,BSD-2-Clause
importlib-metadata,8.7.1,python,Apache-2.0
iniconfig,2.3.0,python,MIT
itsdangerous,2.2.0,python,BSD-3-Clause
jaraco-context,6.1.0,python,MIT
jaraco-functools,4.4.0,python,MIT
jaraco-text,4.0.0,python,MIT
jinja2,3.1.6,python,BSD-3-Clause
jmespath,1.0.1,python,MIT
kaleido,1.2.0,python,MIT
kiwisolver,1.5.0,python,LicenseRef-4e89b2eeb82ea10ec61119c814f2ca0bbccdc22b72d0eb4f5542ef08f6a73ed2
kubernetes,28.1.0,python,Apache-2.0
kubernetes,32.0.1,python,Apache-2.0
kvbm,1.1.0,python,Apache-2.0
linkify-it-py,2.1.0,python,MIT
logistro,2.0.1,python,MIT
markdown,3.10.2,python,BSD-3-Clause
markdown-it-py,4.0.0,python,MIT
markupsafe,3.0.3,python,BSD-3-Clause
matplotlib,3.10.7,python,LicenseRef-cd062fca27f575a726b633cc431dfa2e97f29899a6f811ab0662c6840ff19231
mdit-py-plugins,0.5.0,python,MIT
mdurl,0.1.2,python,MIT
more-itertools,10.8.0,python,MIT
mpmath,1.3.0,python,LicenseRef-BSD
msgpack,1.1.2,python,Apache-2.0
msgspec,0.19.0,python,LicenseRef-BSD
multidict,6.7.1,python,Apache-2.0
multiprocess,0.70.19,python,BSD-3-Clause
munch,4.0.0,python,MIT
my-test-package,1.0,python,MIT
narwhals,2.20.0,python,MIT
nest-asyncio,1.6.0,python,LicenseRef-BSD
networkx,3.6.1,python,BSD-3-Clause
nixl,0.10.1,python,(MIT AND Apache-2.0)
nixl-cu12,0.10.1,python,(MIT AND Apache-2.0)
numpy,1.26.4,python,BSD-3-Clause
nvidia-cublas,13.1.0.3,python,LicenseRef-NVIDIA-Proprietary
nvidia-cuda-cupti,13.0.85,python,LicenseRef-NVIDIA-Proprietary
nvidia-cuda-nvrtc,13.0.88,python,LicenseRef-NVIDIA-Proprietary
nvidia-cuda-runtime,13.0.96,python,LicenseRef-NVIDIA-Proprietary
nvidia-cudnn-cu13,9.19.0.56,python,LicenseRef-NVIDIA-Proprietary
nvidia-cufft,12.0.0.61,python,LicenseRef-NVIDIA-Proprietary
nvidia-cufile,1.15.1.6,python,LicenseRef-NVIDIA-Proprietary
nvidia-curand,10.4.0.35,python,LicenseRef-NVIDIA-Proprietary
nvidia-cusolver,12.0.4.66,python,LicenseRef-NVIDIA-Proprietary
nvidia-cusparse,12.6.3.3,python,LicenseRef-NVIDIA-Proprietary
nvidia-cusparselt-cu13,0.8.0,python,LicenseRef-NVIDIA-Proprietary-Software
nvidia-ml-py,13.580.65,python,LicenseRef-BSD
nvidia-nccl-cu13,2.28.9,python,LicenseRef-NVIDIA-Proprietary
nvidia-nvjitlink,13.0.88,python,LicenseRef-NVIDIA-Proprietary
nvidia-nvshmem-cu13,3.4.5,python,LicenseRef-NVIDIA-Proprietary
nvidia-nvtx,13.0.85,python,Apache-2.0
nvtx,0.2.14,python,Apache-2.0
oauthlib,3.3.1,python,BSD-3-Clause
opentelemetry-api,1.38.0,python,Apache-2.0
opentelemetry-exporter-otlp,1.38.0,python,Apache-2.0
opentelemetry-exporter-otlp-proto-common,1.38.0,python,Apache-2.0
opentelemetry-exporter-otlp-proto-grpc,1.38.0,python,Apache-2.0
opentelemetry-exporter-otlp-proto-http,1.38.0,python,Apache-2.0
opentelemetry-proto,1.38.0,python,Apache-2.0
opentelemetry-sdk,1.38.0,python,Apache-2.0
opentelemetry-semantic-conventions,0.59b0,python,Apache-2.0
orjson,3.11.8,python,MPL-2.0 AND (Apache-2.0 OR MIT)
packaging,26.0,python,(Apache-2.0 OR BSD-2-Clause)
packaging,26.2,python,(Apache-2.0 OR BSD-2-Clause)
pandas,2.3.3,python,LicenseRef-1efd6de77e03a0dc2652da8c425085e0284cc0e6eb17e64589643ed21ab0054f
perf-analyzer,2.60.0,python,BSD-3-Clause
pillow,12.1.1,python,MIT-CMU
platformdirs,4.4.0,python,MIT
platformdirs,4.9.6,python,MIT
plotext,5.3.2,python,MIT
plotly,6.4.0,python,MIT
pluggy,1.6.0,python,MIT
prettytable,3.17.0,python,BSD-3-Clause
prometheus-client,0.23.1,python,(Apache-2.0 AND BSD-2-Clause)
propcache,0.4.1,python,Apache-2.0
protobuf,5.29.6,python,LicenseRef-3-Clause-BSD-License
psutil,7.0.0,python,BSD-3-Clause
pyarrow,24.0.0,python,Apache-2.0
pyasn1,0.6.3,python,BSD-2-Clause
pyasn1-modules,0.4.2,python,LicenseRef-BSD
pycparser,3.0,python,BSD-3-Clause
pydantic,2.12.5,python,MIT
pydantic,2.5.3,python,MIT
pydantic-core,2.41.5,python,MIT
pydantic-settings,2.12.0,python,MIT
pydub,0.25.1,python,MIT
pygments,2.20.0,python,BSD-2-Clause
pyparsing,3.3.2,python,MIT
pytest,9.0.3,python,MIT
pytest-timeout,2.4.0,python,MIT
python-dateutil,2.9.0.post0,python,LicenseRef-Dual-License
python-dotenv,1.2.2,python,BSD-3-Clause
python-multipart,0.0.20,python,Apache-2.0
python-multipart,0.0.27,python,Apache-2.0
python-rapidjson,1.23,python,MIT
pytz,2026.1.post1,python,MIT
pyyaml,6.0.1,python,MIT
pyyaml,6.0.3,python,MIT
pyzmq,26.4.0,python,BSD-3-Clause
regex,2026.4.4,python,(Apache-2.0 AND CNRI-Python)
requests,2.33.1,python,Apache-2.0
requests-oauthlib,2.0.0,python,ISC
retrying,1.4.2,python,Apache-2.0
rich,14.1.0,python,MIT
rich-rst,1.3.2,python,MIT
ruamel-yaml,0.18.17,python,MIT
ruamel-yaml-clib,0.2.15,python,MIT
safehttpx,0.1.7,python,MIT
safetensors,0.7.0,python,Apache-2.0
scipy,1.17.1,python,BSD-3-Clause
seaborn,0.13.2,python,BSD-3-Clause
semantic-version,2.10.0,python,LicenseRef-BSD
setproctitle,1.3.7,python,BSD-3-Clause
setuptools,81.0.0,python,MIT
shellingham,1.5.4,python,LicenseRef-ISC-License
simplejson,4.1.1,python,(MIT OR AFL-2.1)
six,1.17.0,python,MIT
soundfile,0.13.1,python,BSD-3-Clause
starlette,0.49.3,python,BSD-3-Clause
starlette-compress,1.7.0,python,0BSD
sympy,1.14.0,python,LicenseRef-BSD
tabulate,0.10.0,python,MIT
tensorboard,2.20.0,python,Apache-2.0
tensorboard-data-server,0.7.2,python,Apache-2.0
tensorboardx,2.6.2.2,python,LicenseRef-MIT-license
textual,5.3.0,python,MIT
tokenizers,0.22.2,python,Apache-2.0
tomli,2.4.0,python,MIT
tomlkit,0.13.3,python,MIT
torch,2.11.0,python,BSD-3-Clause
tornado,6.5.5,python,Apache-2.0
tqdm,4.67.3,python,(MPL-2.0 AND MIT)
transformers,5.7.0,python,Apache-2.0
triton,3.6.0,python,MIT
tritonclient,2.62.0,python,LicenseRef-BSD
typer,0.25.0,python,MIT
typing-extensions,4.15.0,python,PSF-2.0
typing-inspection,0.4.2,python,MIT
tzdata,2026.2,python,Apache-2.0
uc-micro-py,2.0.0,python,MIT
urllib3,2.6.3,python,MIT
uvicorn,0.27.0,python,BSD-3-Clause
uvicorn,0.38.0,python,BSD-3-Clause
uvloop,0.21.0,python,MIT
watchfiles,1.1.1,python,MIT
wcwidth,0.6.0,python,MIT
websocket-client,1.9.0,python,Apache-2.0
websockets,16.0,python,BSD-3-Clause
werkzeug,3.1.8,python,BSD-3-Clause
wheel,0.46.3,python,MIT
xxhash,3.7.0,python,LicenseRef-BSD
xyzservices,2026.3.0,python,BSD-3-Clause
yarl,1.23.0,python,Apache-2.0
zipp,3.23.0,python,MIT
zipp,3.23.1,python,MIT
zstandard,0.25.0,python,BSD-3-Clause
adler2,2.0.1,rust,0BSD OR MIT OR Apache-2.0
ahash,0.8.12,rust,MIT OR Apache-2.0
aho-corasick,1.1.4,rust,Unlicense OR MIT
aligned,0.4.3,rust,MIT OR Apache-2.0
aligned-vec,0.6.4,rust,MIT
allocator-api2,0.2.21,rust,MIT OR Apache-2.0
android_system_properties,0.1.5,rust,MIT/Apache-2.0
anes,0.1.6,rust,MIT OR Apache-2.0
anstream,1.0.0,rust,MIT OR Apache-2.0
anstyle,1.0.14,rust,MIT OR Apache-2.0
anstyle-parse,1.0.0,rust,MIT OR Apache-2.0
anstyle-query,1.1.5,rust,MIT OR Apache-2.0
anstyle-wincon,3.0.11,rust,MIT OR Apache-2.0
anyhow,1.0.102,rust,MIT OR Apache-2.0
approx,0.5.1,rust,Apache-2.0
arbitrary,1.4.2,rust,MIT OR Apache-2.0
arc-swap,1.9.1,rust,MIT OR Apache-2.0
arg_enum_proc_macro,0.3.4,rust,MIT
arraydeque,0.5.1,rust,MIT/Apache-2.0
arrayref,0.3.9,rust,BSD-2-Clause
arrayvec,0.7.6,rust,MIT OR Apache-2.0
as-slice,0.2.1,rust,MIT OR Apache-2.0
assert-json-diff,2.0.2,rust,MIT
assert_matches,1.5.0,rust,MIT/Apache-2.0
async-broadcast,0.7.2,rust,MIT OR Apache-2.0
async-nats,0.45.0,rust,Apache-2.0
async-once-cell,0.5.4,rust,MIT OR Apache-2.0
async-openai,0.34.0,rust,MIT
async-stream,0.3.6,rust,MIT
async-stream-impl,0.3.6,rust,MIT
async-trait,0.1.89,rust,MIT OR Apache-2.0
atomic,0.6.1,rust,Apache-2.0/MIT
atomic-waker,1.1.2,rust,Apache-2.0 OR MIT
atty,0.2.14,rust,MIT
autocfg,1.5.0,rust,Apache-2.0 OR MIT
av-scenechange,0.14.1,rust,MIT
av1-grain,0.2.5,rust,BSD-2-Clause
avif-serialize,0.8.8,rust,BSD-3-Clause
aws-config,1.8.14,rust,Apache-2.0
aws-credential-types,1.2.12,rust,Apache-2.0
aws-lc-rs,1.16.3,rust,ISC AND (Apache-2.0 OR ISC)
aws-lc-sys,0.40.0,rust,ISC AND (Apache-2.0 OR ISC) AND Apache-2.0 AND MIT AND BSD-3-Clause AND (Apache-2.0 OR ISC OR MIT) AND (Apache-2.0 OR ISC OR MIT-0)
aws-runtime,1.7.0,rust,Apache-2.0
aws-sdk-s3,1.123.0,rust,Apache-2.0
aws-sdk-sso,1.94.0,rust,Apache-2.0
aws-sdk-ssooidc,1.96.0,rust,Apache-2.0
aws-sdk-sts,1.98.0,rust,Apache-2.0
aws-sigv4,1.4.0,rust,Apache-2.0
aws-smithy-async,1.2.12,rust,Apache-2.0
aws-smithy-checksums,0.64.4,rust,Apache-2.0
aws-smithy-eventstream,0.60.19,rust,Apache-2.0
aws-smithy-http,0.63.4,rust,Apache-2.0
aws-smithy-http-client,1.1.10,rust,Apache-2.0
aws-smithy-json,0.62.4,rust,Apache-2.0
aws-smithy-observability,0.2.5,rust,Apache-2.0
aws-smithy-query,0.60.14,rust,Apache-2.0
aws-smithy-runtime,1.10.1,rust,Apache-2.0
aws-smithy-runtime-api,1.11.4,rust,Apache-2.0
aws-smithy-types,1.4.4,rust,Apache-2.0
aws-smithy-xml,0.60.15,rust,Apache-2.0
aws-types,1.3.12,rust,Apache-2.0
axum,0.7.9,rust,MIT
axum,0.8.4,rust,MIT
axum-core,0.4.5,rust,MIT
axum-core,0.5.6,rust,MIT
axum-macros,0.5.1,rust,MIT
axum-server,0.7.3,rust,MIT
backon,1.6.0,rust,Apache-2.0
base16ct,0.1.1,rust,Apache-2.0 OR MIT
base64,0.13.1,rust,MIT/Apache-2.0
base64,0.21.7,rust,MIT OR Apache-2.0
base64,0.22.1,rust,MIT OR Apache-2.0
base64-simd,0.8.0,rust,MIT
base64ct,1.8.3,rust,Apache-2.0 OR MIT
bincode,1.3.3,rust,MIT
bincode,2.0.1,rust,MIT
bincode_derive,2.0.1,rust,MIT
bindgen,0.71.1,rust,BSD-3-Clause
bindgen,0.72.1,rust,BSD-3-Clause
bit-set,0.5.3,rust,MIT/Apache-2.0
bit-set,0.8.0,rust,Apache-2.0 OR MIT
bit-vec,0.6.3,rust,MIT/Apache-2.0
bit-vec,0.8.0,rust,Apache-2.0 OR MIT
bit_field,0.10.3,rust,Apache-2.0/MIT
bitflags,1.3.2,rust,MIT/Apache-2.0
bitflags,2.11.1,rust,MIT OR Apache-2.0
bitstream-io,4.10.0,rust,MIT/Apache-2.0
blake3,1.8.4,rust,CC0-1.0 OR Apache-2.0 OR Apache-2.0 WITH LLVM-exception
block-buffer,0.10.4,rust,MIT OR Apache-2.0
block2,0.6.2,rust,MIT
bs58,0.5.1,rust,MIT/Apache-2.0
bs62,0.1.4,rust,MIT
bstr,1.12.1,rust,MIT OR Apache-2.0
built,0.8.0,rust,MIT
bumpalo,3.20.2,rust,MIT OR Apache-2.0
bytecount,0.6.9,rust,Apache-2.0/MIT
bytemuck,1.25.0,rust,Zlib OR Apache-2.0 OR MIT
byteorder,1.5.0,rust,Unlicense OR MIT
byteorder-lite,0.1.0,rust,Unlicense OR MIT
bytes,1.11.1,rust,MIT
bytes-utils,0.1.4,rust,Apache-2.0/MIT
cast,0.3.0,rust,MIT OR Apache-2.0
castaway,0.2.4,rust,MIT
cbindgen,0.27.0,rust,MPL-2.0
cc,1.2.61,rust,MIT OR Apache-2.0
cexpr,0.6.0,rust,Apache-2.0/MIT
cfg-expr,0.15.8,rust,MIT OR Apache-2.0
cfg-if,1.0.4,rust,MIT OR Apache-2.0
cfg_aliases,0.2.1,rust,MIT
chrono,0.4.44,rust,MIT OR Apache-2.0
ciborium,0.2.2,rust,Apache-2.0
ciborium-io,0.2.2,rust,Apache-2.0
ciborium-ll,0.2.2,rust,Apache-2.0
clang-sys,1.8.1,rust,Apache-2.0
clap,2.34.0,rust,MIT
clap,4.6.1,rust,MIT OR Apache-2.0
clap_builder,4.6.0,rust,MIT OR Apache-2.0
clap_derive,4.6.1,rust,MIT OR Apache-2.0
clap_lex,1.1.0,rust,MIT OR Apache-2.0
cmake,0.1.58,rust,MIT OR Apache-2.0
color_quant,1.1.0,rust,MIT
colorchoice,1.0.5,rust,MIT OR Apache-2.0
colored,3.1.1,rust,MPL-2.0
compact_str,0.9.0,rust,MIT
concurrent-queue,2.5.0,rust,Apache-2.0 OR MIT
config,0.15.22,rust,MIT OR Apache-2.0
console,0.15.11,rust,MIT
console,0.16.3,rust,MIT
console-api,0.8.1,rust,MIT
console-subscriber,0.4.1,rust,MIT
const-oid,0.9.6,rust,Apache-2.0 OR MIT
const-random,0.1.18,rust,MIT OR Apache-2.0
const-random-macro,0.1.16,rust,MIT OR Apache-2.0
constant_time_eq,0.4.2,rust,CC0-1.0 OR MIT-0 OR Apache-2.0
convert_case,0.6.0,rust,MIT
core-foundation,0.10.1,rust,MIT OR Apache-2.0
core-foundation,0.9.4,rust,MIT OR Apache-2.0
core-foundation-sys,0.8.7,rust,MIT OR Apache-2.0
cpufeatures,0.2.17,rust,MIT OR Apache-2.0
cpufeatures,0.3.0,rust,MIT OR Apache-2.0
crc,3.3.0,rust,MIT OR Apache-2.0
crc-catalog,2.4.0,rust,MIT OR Apache-2.0
crc-fast,1.9.0,rust,MIT OR Apache-2.0
crc32fast,1.5.0,rust,MIT OR Apache-2.0
criterion,0.3.6,rust,Apache-2.0/MIT
criterion,0.5.1,rust,Apache-2.0 OR MIT
criterion-plot,0.4.5,rust,MIT/Apache-2.0
criterion-plot,0.5.0,rust,MIT/Apache-2.0
crossbeam,0.8.4,rust,MIT OR Apache-2.0
crossbeam-channel,0.5.15,rust,MIT OR Apache-2.0
crossbeam-deque,0.8.6,rust,MIT OR Apache-2.0
crossbeam-epoch,0.9.18,rust,MIT OR Apache-2.0
crossbeam-queue,0.3.12,rust,MIT OR Apache-2.0
crossbeam-utils,0.8.21,rust,MIT OR Apache-2.0
crunchy,0.2.4,rust,MIT
crypto-bigint,0.4.9,rust,Apache-2.0 OR MIT
crypto-bigint,0.5.5,rust,Apache-2.0 OR MIT
crypto-common,0.1.7,rust,MIT OR Apache-2.0
csv,1.4.0,rust,Unlicense/MIT
csv-core,0.1.13,rust,Unlicense/MIT
ctor,0.1.26,rust,Apache-2.0 OR MIT
cudarc,0.19.3,rust,MIT OR Apache-2.0
curve25519-dalek,4.1.3,rust,BSD-3-Clause
curve25519-dalek-derive,0.1.1,rust,MIT/Apache-2.0
daachorse,1.0.1,rust,MIT OR Apache-2.0
darling,0.20.11,rust,MIT
darling,0.21.3,rust,MIT
darling,0.23.0,rust,MIT
darling_core,0.20.11,rust,MIT
darling_core,0.21.3,rust,MIT
darling_core,0.23.0,rust,MIT
darling_macro,0.20.11,rust,MIT
darling_macro,0.21.3,rust,MIT
darling_macro,0.23.0,rust,MIT
dary_heap,0.3.9,rust,MIT OR Apache-2.0
dashmap,6.1.0,rust,MIT
data-encoding,2.11.0,rust,MIT
defmac,0.1.3,rust,Apache-2.0/MIT
der,0.6.1,rust,Apache-2.0 OR MIT
der,0.7.10,rust,Apache-2.0 OR MIT
deranged,0.5.8,rust,MIT OR Apache-2.0
derive-getters,0.5.0,rust,MIT
derive_arbitrary,1.4.2,rust,MIT OR Apache-2.0
derive_builder,0.20.2,rust,MIT OR Apache-2.0
derive_builder_core,0.20.2,rust,MIT OR Apache-2.0
derive_builder_macro,0.20.2,rust,MIT OR Apache-2.0
derive_more,1.0.0,rust,MIT
derive_more,2.1.1,rust,MIT
derive_more-impl,1.0.0,rust,MIT
derive_more-impl,2.1.1,rust,MIT
dialoguer,0.11.0,rust,MIT
digest,0.10.7,rust,MIT OR Apache-2.0
dircpy,0.3.20,rust,MIT
dirs,6.0.0,rust,MIT OR Apache-2.0
dirs-sys,0.5.0,rust,MIT OR Apache-2.0
dispatch2,0.3.1,rust,Zlib OR Apache-2.0 OR MIT
displaydoc,0.2.5,rust,MIT OR Apache-2.0
dlv-list,0.5.2,rust,MIT OR Apache-2.0
dunce,1.0.5,rust,CC0-1.0 OR MIT-0 OR Apache-2.0
dyn-clone,1.0.20,rust,MIT OR Apache-2.0
ecdsa,0.14.8,rust,Apache-2.0 OR MIT
ed25519,2.2.3,rust,Apache-2.0 OR MIT
ed25519-dalek,2.2.0,rust,BSD-3-Clause
educe,0.6.0,rust,MIT
either,1.15.0,rust,MIT OR Apache-2.0
elliptic-curve,0.12.3,rust,Apache-2.0 OR MIT
encode_unicode,1.0.0,rust,Apache-2.0 OR MIT
encoding_rs,0.8.35,rust,(Apache-2.0 OR MIT) AND BSD-3-Clause
enum-ordinalize,4.3.2,rust,MIT
enum-ordinalize-derive,4.3.2,rust,MIT
equator,0.4.2,rust,MIT
equator-macro,0.4.2,rust,MIT
equivalent,1.0.2,rust,Apache-2.0 OR MIT
erased-serde,0.4.10,rust,MIT OR Apache-2.0
errno,0.3.14,rust,MIT OR Apache-2.0
esaxx-rs,0.1.10,rust,Apache-2.0
etcd-client,0.17.0,rust,MIT OR Apache-2.0
event-listener,5.4.1,rust,Apache-2.0 OR MIT
event-listener-strategy,0.5.4,rust,Apache-2.0 OR MIT
exr,1.74.0,rust,BSD-3-Clause
fancy-regex,0.11.0,rust,MIT
fancy-regex,0.13.0,rust,MIT
fancy-regex,0.17.0,rust,MIT
fastokens,0.1.1,rust,Apache-2.0
fastrand,2.4.1,rust,Apache-2.0 OR MIT
fax,0.2.6,rust,MIT
fax_derive,0.2.0,rust,MIT
fdeflate,0.3.7,rust,MIT OR Apache-2.0
ff,0.12.1,rust,MIT/Apache-2.0
ffmpeg-next,8.1.0,rust,WTFPL
ffmpeg-sys-next,8.1.0,rust,WTFPL
fiat-crypto,0.2.9,rust,MIT OR Apache-2.0 OR BSD-1-Clause
figment,0.10.19,rust,MIT OR Apache-2.0
filetime,0.2.27,rust,MIT/Apache-2.0
find-msvc-tools,0.1.9,rust,MIT OR Apache-2.0
fixedbitset,0.5.7,rust,MIT OR Apache-2.0
flate2,1.1.9,rust,MIT OR Apache-2.0
flume,0.11.1,rust,Apache-2.0/MIT
flume,0.12.0,rust,Apache-2.0/MIT
fnv,1.0.7,rust,Apache-2.0 / MIT
foldhash,0.1.5,rust,Zlib
foldhash,0.2.0,rust,Zlib
form_urlencoded,1.2.2,rust,MIT OR Apache-2.0
fraction,0.13.1,rust,MIT/Apache-2.0
fs-err,3.3.0,rust,MIT OR Apache-2.0
fs4,0.13.1,rust,MIT OR Apache-2.0
fs_extra,1.3.0,rust,MIT
fsevent-sys,4.1.0,rust,MIT
futures,0.3.32,rust,MIT OR Apache-2.0
futures-channel,0.3.32,rust,MIT OR Apache-2.0
futures-core,0.3.32,rust,MIT OR Apache-2.0
futures-executor,0.3.32,rust,MIT OR Apache-2.0
futures-io,0.3.32,rust,MIT OR Apache-2.0
futures-macro,0.3.32,rust,MIT OR Apache-2.0
futures-sink,0.3.32,rust,MIT OR Apache-2.0
futures-task,0.3.32,rust,MIT OR Apache-2.0
futures-timer,3.0.3,rust,MIT/Apache-2.0
futures-util,0.3.32,rust,MIT OR Apache-2.0
galil-seiferas,0.1.5,rust,MIT/Apache-2.0
generic-array,0.14.7,rust,MIT
getopts,0.2.24,rust,MIT OR Apache-2.0
getrandom,0.2.17,rust,MIT OR Apache-2.0
getrandom,0.3.4,rust,MIT OR Apache-2.0
getrandom,0.4.2,rust,MIT OR Apache-2.0
getset,0.1.6,rust,MIT
gif,0.14.2,rust,MIT OR Apache-2.0
glob,0.3.3,rust,MIT OR Apache-2.0
globset,0.4.18,rust,Unlicense OR MIT
gloo-timers,0.3.0,rust,MIT OR Apache-2.0
group,0.12.1,rust,MIT/Apache-2.0
h2,0.3.27,rust,MIT
h2,0.4.13,rust,MIT
half,1.8.3,rust,MIT OR Apache-2.0
half,2.7.1,rust,MIT OR Apache-2.0
hashbrown,0.12.3,rust,MIT OR Apache-2.0
hashbrown,0.14.5,rust,MIT OR Apache-2.0
hashbrown,0.15.5,rust,MIT OR Apache-2.0
hashbrown,0.16.1,rust,MIT OR Apache-2.0
hashbrown,0.17.0,rust,MIT OR Apache-2.0
hashlink,0.10.0,rust,MIT OR Apache-2.0
hdrhistogram,7.5.4,rust,MIT/Apache-2.0
heck,0.4.1,rust,MIT OR Apache-2.0
heck,0.5.0,rust,MIT OR Apache-2.0
hermit-abi,0.1.19,rust,MIT/Apache-2.0
hermit-abi,0.5.2,rust,MIT OR Apache-2.0
hex,0.4.3,rust,MIT OR Apache-2.0
hf-hub,0.4.3,rust,Apache-2.0
hmac,0.12.1,rust,MIT OR Apache-2.0
home,0.5.12,rust,MIT OR Apache-2.0
hostname,0.4.2,rust,MIT
http,0.2.12,rust,MIT OR Apache-2.0
http,1.4.0,rust,MIT OR Apache-2.0
http-body,0.4.6,rust,MIT
http-body,1.0.1,rust,MIT
http-body-util,0.1.3,rust,MIT
httparse,1.10.1,rust,MIT OR Apache-2.0
httpdate,1.0.3,rust,MIT OR Apache-2.0
humantime,2.3.0,rust,MIT OR Apache-2.0
hyper,0.14.32,rust,MIT
hyper,1.9.0,rust,MIT
hyper-rustls,0.24.2,rust,Apache-2.0 OR ISC OR MIT
hyper-rustls,0.27.9,rust,Apache-2.0 OR ISC OR MIT
hyper-timeout,0.5.2,rust,MIT OR Apache-2.0
hyper-util,0.1.20,rust,MIT
iana-time-zone,0.1.65,rust,MIT OR Apache-2.0
iana-time-zone-haiku,0.1.2,rust,MIT OR Apache-2.0
icu_collections,2.2.0,rust,Unicode-3.0
icu_locale_core,2.2.0,rust,Unicode-3.0
icu_normalizer,2.2.0,rust,Unicode-3.0
icu_normalizer_data,2.2.0,rust,Unicode-3.0
icu_properties,2.2.0,rust,Unicode-3.0
icu_properties_data,2.2.0,rust,Unicode-3.0
icu_provider,2.2.0,rust,Unicode-3.0
id-arena,2.3.0,rust,MIT/Apache-2.0
ident_case,1.0.1,rust,MIT/Apache-2.0
idna,1.1.0,rust,MIT OR Apache-2.0
idna_adapter,1.2.1,rust,Apache-2.0 OR MIT
image,0.25.10,rust,MIT OR Apache-2.0
image-webp,0.2.4,rust,MIT OR Apache-2.0
imgref,1.12.0,rust,CC0-1.0 OR Apache-2.0
indexmap,1.9.3,rust,Apache-2.0 OR MIT
indexmap,2.14.0,rust,Apache-2.0 OR MIT
indicatif,0.17.11,rust,MIT
indicatif,0.18.4,rust,MIT
inlinable_string,0.1.15,rust,Apache-2.0/MIT
inotify,0.9.6,rust,ISC
inotify-sys,0.1.5,rust,ISC
insta,1.47.2,rust,Apache-2.0
interpolate_name,0.2.4,rust,MIT
ipnet,2.12.0,rust,MIT OR Apache-2.0
iri-string,0.7.12,rust,MIT OR Apache-2.0
is-macro,0.3.7,rust,Apache-2.0
is-terminal,0.4.17,rust,MIT
is_terminal_polyfill,1.70.2,rust,MIT OR Apache-2.0
iso8601,0.6.3,rust,MIT
itertools,0.10.5,rust,MIT/Apache-2.0
itertools,0.11.0,rust,MIT OR Apache-2.0
itertools,0.13.0,rust,MIT OR Apache-2.0
itertools,0.14.0,rust,MIT OR Apache-2.0
itoa,1.0.18,rust,MIT OR Apache-2.0
jiff,0.2.24,rust,Unlicense OR MIT
jiff-static,0.2.24,rust,Unlicense OR MIT
jiff-tzdb,0.1.6,rust,Unlicense OR MIT
jiff-tzdb-platform,0.1.3,rust,Unlicense OR MIT
jobserver,0.1.34,rust,MIT OR Apache-2.0
js-sys,0.3.95,rust,MIT OR Apache-2.0
json-five,0.3.1,rust,MIT
json-patch,4.1.0,rust,MIT/Apache-2.0
json5,0.4.1,rust,ISC
jsonpath-rust,0.7.5,rust,MIT
jsonptr,0.7.1,rust,MIT OR Apache-2.0
jsonschema,0.17.1,rust,MIT
jwalk,0.8.1,rust,MIT
k8s-openapi,0.26.1,rust,Apache-2.0
kqueue,1.1.1,rust,MIT
kqueue-sys,1.0.4,rust,MIT
kube,2.0.1,rust,Apache-2.0
kube-client,2.0.1,rust,Apache-2.0
kube-core,2.0.1,rust,Apache-2.0
kube-derive,2.0.1,rust,Apache-2.0
kube-runtime,2.0.1,rust,Apache-2.0
lalrpop-util,0.20.2,rust,Apache-2.0 OR MIT
lazy_static,1.5.0,rust,MIT OR Apache-2.0
leb128fmt,0.1.0,rust,MIT OR Apache-2.0
lebe,0.5.3,rust,BSD-3-Clause
libc,0.2.186,rust,MIT OR Apache-2.0
libfuzzer-sys,0.4.12,rust,(MIT OR Apache-2.0) AND NCSA
libloading,0.8.9,rust,ISC
libloading,0.9.0,rust,ISC
libm,0.2.16,rust,MIT
libredox,0.1.16,rust,MIT
linux-raw-sys,0.12.1,rust,Apache-2.0 WITH LLVM-exception OR Apache-2.0 OR MIT
linux-raw-sys,0.4.15,rust,Apache-2.0 WITH LLVM-exception OR Apache-2.0 OR MIT
litemap,0.8.2,rust,Unicode-3.0
local-ip-address,0.6.12,rust,MIT OR Apache-2.0
lock_api,0.4.14,rust,MIT OR Apache-2.0
log,0.4.29,rust,MIT OR Apache-2.0
loop9,0.1.5,rust,MIT
lru,0.12.5,rust,MIT
lru,0.16.4,rust,MIT
lru-slab,0.1.2,rust,MIT OR Apache-2.0 OR Zlib
macro_rules_attribute,0.2.2,rust,Apache-2.0 OR MIT OR Zlib
macro_rules_attribute-proc_macro,0.2.2,rust,Apache-2.0 OR MIT OR Zlib
malachite,0.4.22,rust,LGPL-3.0-only
malachite-base,0.4.22,rust,LGPL-3.0-only
malachite-bigint,0.2.3,rust,LGPL-3.0-only
malachite-nz,0.4.22,rust,LGPL-3.0-only
malachite-q,0.4.22,rust,LGPL-3.0-only
matchers,0.2.0,rust,MIT
matchit,0.7.3,rust,MIT AND BSD-3-Clause
matchit,0.8.4,rust,MIT AND BSD-3-Clause
matrixmultiply,0.3.10,rust,MIT/Apache-2.0
maybe-rayon,0.1.1,rust,MIT
md-5,0.10.6,rust,MIT OR Apache-2.0
memchr,2.8.0,rust,Unlicense OR MIT
memfile,0.3.2,rust,BSD-2-Clause
memmap2,0.9.10,rust,MIT OR Apache-2.0
memo-map,0.3.3,rust,Apache-2.0
memoffset,0.7.1,rust,MIT
memoffset,0.9.1,rust,MIT
mime,0.3.17,rust,MIT OR Apache-2.0
mime_guess,2.0.5,rust,MIT
minijinja,2.19.0,rust,Apache-2.0
minijinja-contrib,2.19.0,rust,Apache-2.0
minimal-lexical,0.2.1,rust,MIT/Apache-2.0
miniz_oxide,0.8.9,rust,MIT OR Zlib OR Apache-2.0
minstant,0.1.7,rust,MIT
mio,0.8.11,rust,MIT
mio,1.1.1,rust,MIT
mockito,1.7.2,rust,MIT
modelexpress-client,0.3.0,rust,Apache-2.0
modelexpress-common,0.3.0,rust,Apache-2.0
monostate,0.1.18,rust,MIT OR Apache-2.0
monostate-impl,0.1.18,rust,MIT OR Apache-2.0
moxcms,0.8.1,rust,BSD-3-Clause OR Apache-2.0
multimap,0.10.1,rust,MIT OR Apache-2.0
nanorand,0.7.0,rust,Zlib
ndarray,0.16.1,rust,MIT OR Apache-2.0
ndarray,0.17.2,rust,MIT OR Apache-2.0
ndarray-interp,0.5.0,rust,MIT
ndarray-npy,0.9.1,rust,MIT OR Apache-2.0
neli,0.7.4,rust,BSD-3-Clause
neli-proc-macros,0.2.2,rust,BSD-3-Clause
new_debug_unreachable,1.0.6,rust,MIT
nix,0.26.4,rust,MIT
nix,0.30.1,rust,MIT
nixl-sys,0.10.1,rust,MIT AND Apache-2.0
nkeys,0.4.5,rust,Apache-2.0
no_std_io2,0.9.3,rust,Apache-2.0 OR MIT
nom,7.1.3,rust,MIT
nom,8.0.0,rust,MIT
nonmax,0.5.5,rust,MIT OR Apache-2.0
noop_proc_macro,0.3.0,rust,MIT
notify,6.1.1,rust,CC0-1.0
nu-ansi-term,0.50.3,rust,MIT
nuid,0.5.0,rust,Apache-2.0
num,0.4.3,rust,MIT OR Apache-2.0
num-bigint,0.4.6,rust,MIT OR Apache-2.0
num-cmp,0.1.0,rust,MIT/Apache-2.0
num-complex,0.4.6,rust,MIT OR Apache-2.0
num-conv,0.2.1,rust,MIT OR Apache-2.0
num-derive,0.4.2,rust,MIT OR Apache-2.0
num-integer,0.1.46,rust,MIT OR Apache-2.0
num-iter,0.1.45,rust,MIT OR Apache-2.0
num-rational,0.4.2,rust,MIT OR Apache-2.0
num-traits,0.2.19,rust,MIT OR Apache-2.0
num_cpus,1.17.0,rust,MIT OR Apache-2.0
num_threads,0.1.7,rust,MIT OR Apache-2.0
number_prefix,0.4.0,rust,MIT
nvtx,1.3.0,rust,MIT OR Apache-2.0
objc2,0.6.4,rust,MIT
objc2-cloud-kit,0.3.2,rust,Zlib OR Apache-2.0 OR MIT
objc2-core-data,0.3.2,rust,Zlib OR Apache-2.0 OR MIT
objc2-core-foundation,0.3.2,rust,Zlib OR Apache-2.0 OR MIT
objc2-core-graphics,0.3.2,rust,Zlib OR Apache-2.0 OR MIT
objc2-core-image,0.3.2,rust,Zlib OR Apache-2.0 OR MIT
objc2-core-location,0.3.2,rust,Zlib OR Apache-2.0 OR MIT
objc2-core-text,0.3.2,rust,Zlib OR Apache-2.0 OR MIT
objc2-encode,4.1.0,rust,MIT
objc2-foundation,0.3.2,rust,MIT
objc2-io-surface,0.3.2,rust,Zlib OR Apache-2.0 OR MIT
objc2-quartz-core,0.3.2,rust,Zlib OR Apache-2.0 OR MIT
objc2-ui-kit,0.3.2,rust,Zlib OR Apache-2.0 OR MIT
objc2-user-notifications,0.3.2,rust,Zlib OR Apache-2.0 OR MIT
object_store,0.12.5,rust,MIT/Apache-2.0
offset-allocator,0.2.0,rust,MIT
once_cell,1.21.4,rust,MIT OR Apache-2.0
once_cell_polyfill,1.70.2,rust,MIT OR Apache-2.0
oneshot,0.1.13,rust,MIT OR Apache-2.0
onig,6.5.1,rust,MIT
onig_sys,69.9.1,rust,MIT
oorandom,11.1.5,rust,MIT
openai-harmony,0.0.3,rust,Apache-2.0
openssl-probe,0.1.6,rust,MIT/Apache-2.0
openssl-probe,0.2.1,rust,MIT OR Apache-2.0
opentelemetry,0.31.0,rust,Apache-2.0
opentelemetry-appender-tracing,0.31.1,rust,Apache-2.0
opentelemetry-http,0.31.0,rust,Apache-2.0
opentelemetry-otlp,0.31.1,rust,Apache-2.0
opentelemetry-proto,0.31.0,rust,Apache-2.0
opentelemetry_sdk,0.31.0,rust,Apache-2.0
option-ext,0.2.0,rust,MPL-2.0
ordered-float,2.10.1,rust,MIT
ordered-float,4.6.0,rust,MIT
ordered-multimap,0.7.3,rust,MIT
os_info,3.14.0,rust,MIT
outref,0.5.2,rust,MIT
p256,0.11.1,rust,Apache-2.0 OR MIT
parking,2.2.1,rust,Apache-2.0 OR MIT
parking_lot,0.12.5,rust,MIT OR Apache-2.0
parking_lot_core,0.9.12,rust,MIT OR Apache-2.0
paste,1.0.15,rust,MIT OR Apache-2.0
pastey,0.1.1,rust,MIT OR Apache-2.0
pathdiff,0.2.3,rust,MIT/Apache-2.0
pcre2,0.2.11,rust,Unlicense OR MIT
pcre2-sys,0.2.10,rust,Unlicense OR MIT
pear,0.2.9,rust,MIT OR Apache-2.0
pear_codegen,0.2.9,rust,MIT OR Apache-2.0
pem,3.0.6,rust,MIT
pem-rfc7468,0.7.0,rust,Apache-2.0 OR MIT
percent-encoding,2.3.2,rust,MIT OR Apache-2.0
pest,2.8.6,rust,MIT OR Apache-2.0
pest_derive,2.8.6,rust,MIT OR Apache-2.0
pest_generator,2.8.6,rust,MIT OR Apache-2.0
pest_meta,2.8.6,rust,MIT OR Apache-2.0
petgraph,0.7.1,rust,MIT OR Apache-2.0
petgraph,0.8.3,rust,MIT OR Apache-2.0
phf,0.11.3,rust,MIT
phf_codegen,0.11.3,rust,MIT
phf_generator,0.11.3,rust,MIT
phf_shared,0.11.3,rust,MIT
pin-project,1.1.11,rust,Apache-2.0 OR MIT
pin-project-internal,1.1.11,rust,Apache-2.0 OR MIT
pin-project-lite,0.2.17,rust,Apache-2.0 OR MIT
pin-utils,0.1.0,rust,MIT OR Apache-2.0
pkcs8,0.10.2,rust,Apache-2.0 OR MIT
pkcs8,0.9.0,rust,Apache-2.0 OR MIT
pkg-config,0.3.33,rust,MIT OR Apache-2.0
plain,0.2.3,rust,MIT/Apache-2.0
plotters,0.3.7,rust,MIT
plotters-backend,0.3.7,rust,MIT
plotters-svg,0.3.7,rust,MIT
png,0.18.1,rust,MIT OR Apache-2.0
portable-atomic,1.13.1,rust,Apache-2.0 OR MIT
portable-atomic-util,0.2.7,rust,Apache-2.0 OR MIT
potential_utf,0.1.5,rust,Unicode-3.0
powerfmt,0.2.0,rust,MIT OR Apache-2.0
ppv-lite86,0.2.21,rust,MIT OR Apache-2.0
prettyplease,0.2.37,rust,MIT OR Apache-2.0
proc-macro-crate,3.5.0,rust,MIT OR Apache-2.0
proc-macro-error-attr2,2.0.0,rust,MIT OR Apache-2.0
proc-macro-error2,2.0.1,rust,MIT OR Apache-2.0
proc-macro2,1.0.106,rust,MIT OR Apache-2.0
proc-macro2-diagnostics,0.10.1,rust,MIT/Apache-2.0
profiling,1.0.17,rust,MIT OR Apache-2.0
profiling-procmacros,1.0.17,rust,MIT OR Apache-2.0
prometheus,0.14.0,rust,Apache-2.0
proptest,1.11.0,rust,MIT OR Apache-2.0
prost,0.13.5,rust,Apache-2.0
prost,0.14.3,rust,Apache-2.0
prost-build,0.13.5,rust,Apache-2.0
prost-build,0.14.3,rust,Apache-2.0
prost-derive,0.13.5,rust,Apache-2.0
prost-derive,0.14.3,rust,Apache-2.0
prost-types,0.13.5,rust,Apache-2.0
prost-types,0.14.3,rust,Apache-2.0
protobuf,3.7.2,rust,MIT
protobuf-support,3.7.2,rust,MIT
pulldown-cmark,0.13.3,rust,MIT
pulldown-cmark-to-cmark,22.0.0,rust,Apache-2.0
pxfm,0.1.29,rust,BSD-3-Clause OR Apache-2.0
py_literal,0.4.0,rust,MIT OR Apache-2.0
qoi,0.4.1,rust,MIT/Apache-2.0
quick-error,1.2.3,rust,MIT/Apache-2.0
quick-error,2.0.1,rust,MIT/Apache-2.0
quick-xml,0.38.4,rust,MIT
quinn,0.11.9,rust,MIT OR Apache-2.0
quinn-proto,0.11.14,rust,MIT OR Apache-2.0
quinn-udp,0.5.14,rust,MIT OR Apache-2.0
quote,1.0.45,rust,MIT OR Apache-2.0
r-efi,5.3.0,rust,MIT OR Apache-2.0 OR LGPL-2.1-or-later
r-efi,6.0.0,rust,MIT OR Apache-2.0 OR LGPL-2.1-or-later
rand,0.8.6,rust,MIT OR Apache-2.0
rand,0.9.4,rust,MIT OR Apache-2.0
rand_chacha,0.3.1,rust,MIT OR Apache-2.0
rand_chacha,0.9.0,rust,MIT OR Apache-2.0
rand_core,0.6.4,rust,MIT OR Apache-2.0
rand_core,0.9.5,rust,MIT OR Apache-2.0
rand_distr,0.5.1,rust,MIT OR Apache-2.0
rand_xorshift,0.4.0,rust,MIT OR Apache-2.0
rav1e,0.8.1,rust,BSD-2-Clause
ravif,0.13.0,rust,BSD-3-Clause
rawpointer,0.2.1,rust,MIT/Apache-2.0
rayon,1.12.0,rust,MIT OR Apache-2.0
rayon-cond,0.4.0,rust,Apache-2.0/MIT
rayon-core,1.13.0,rust,MIT OR Apache-2.0
redox_syscall,0.5.18,rust,MIT
redox_syscall,0.7.4,rust,MIT
redox_users,0.5.2,rust,MIT
ref-cast,1.0.25,rust,MIT OR Apache-2.0
ref-cast-impl,1.0.25,rust,MIT OR Apache-2.0
regex,1.12.3,rust,MIT OR Apache-2.0
regex-automata,0.4.14,rust,MIT OR Apache-2.0
regex-lite,0.1.9,rust,MIT OR Apache-2.0
regex-syntax,0.8.10,rust,MIT OR Apache-2.0
relative-path,1.9.3,rust,MIT OR Apache-2.0
reqwest,0.11.27,rust,MIT OR Apache-2.0
reqwest,0.12.28,rust,MIT OR Apache-2.0
rfc6979,0.3.1,rust,Apache-2.0 OR MIT
rgb,0.8.53,rust,MIT
ring,0.17.14,rust,Apache-2.0 AND ISC
rmp,0.8.15,rust,MIT
rmp-serde,1.3.1,rust,MIT
ron,0.12.1,rust,MIT OR Apache-2.0
rstest,0.18.2,rust,MIT OR Apache-2.0
rstest,0.23.0,rust,MIT OR Apache-2.0
rstest,0.25.0,rust,MIT OR Apache-2.0
rstest,0.26.1,rust,MIT OR Apache-2.0
rstest_macros,0.18.2,rust,MIT OR Apache-2.0
rstest_macros,0.23.0,rust,MIT OR Apache-2.0
rstest_macros,0.25.0,rust,MIT OR Apache-2.0
rstest_macros,0.26.1,rust,MIT OR Apache-2.0
rstest_reuse,0.7.0,rust,MIT OR Apache-2.0
rust-embed,8.11.0,rust,MIT
rust-embed-impl,8.11.0,rust,MIT
rust-embed-utils,8.11.0,rust,MIT
rust-ini,0.21.3,rust,MIT
rustc-hash,1.1.0,rust,Apache-2.0/MIT
rustc-hash,2.1.2,rust,Apache-2.0 OR MIT
rustc_version,0.4.1,rust,MIT OR Apache-2.0
rustix,0.38.44,rust,Apache-2.0 WITH LLVM-exception OR Apache-2.0 OR MIT
rustix,1.1.4,rust,Apache-2.0 WITH LLVM-exception OR Apache-2.0 OR MIT
rustls,0.21.12,rust,Apache-2.0 OR ISC OR MIT
rustls,0.23.39,rust,Apache-2.0 OR ISC OR MIT
rustls-native-certs,0.7.3,rust,Apache-2.0 OR ISC OR MIT
rustls-native-certs,0.8.3,rust,Apache-2.0 OR ISC OR MIT
rustls-pemfile,2.2.0,rust,Apache-2.0 OR ISC OR MIT
rustls-pki-types,1.14.1,rust,MIT OR Apache-2.0
rustls-webpki,0.101.7,rust,ISC
rustls-webpki,0.102.8,rust,ISC
rustls-webpki,0.103.13,rust,ISC
rustpython-ast,0.4.0,rust,MIT
rustpython-parser,0.4.0,rust,MIT
rustpython-parser-core,0.4.0,rust,MIT
rustpython-parser-vendored,0.4.0,rust,MIT
rustversion,1.0.22,rust,MIT OR Apache-2.0
rusty-fork,0.3.1,rust,MIT/Apache-2.0
ryu,1.0.23,rust,Apache-2.0 OR BSL-1.0
same-file,1.0.6,rust,Unlicense/MIT
scc,2.4.0,rust,Apache-2.0
schannel,0.1.29,rust,MIT
schemars,0.9.0,rust,MIT
schemars,1.2.1,rust,MIT
schemars_derive,1.2.1,rust,MIT
scopeguard,1.2.0,rust,MIT OR Apache-2.0
sct,0.7.1,rust,Apache-2.0 OR ISC OR MIT
sdd,3.0.10,rust,Apache-2.0
sec1,0.3.0,rust,Apache-2.0 OR MIT
secrecy,0.10.3,rust,Apache-2.0 OR MIT
security-framework,2.11.1,rust,MIT OR Apache-2.0
security-framework,3.7.0,rust,MIT OR Apache-2.0
security-framework-sys,2.17.0,rust,MIT OR Apache-2.0
semver,1.0.28,rust,MIT OR Apache-2.0
serde,1.0.228,rust,MIT OR Apache-2.0
serde-untagged,0.1.9,rust,MIT OR Apache-2.0
serde-value,0.7.0,rust,MIT
serde_bytes,0.11.19,rust,MIT OR Apache-2.0
serde_cbor,0.11.2,rust,MIT/Apache-2.0
serde_core,1.0.228,rust,MIT OR Apache-2.0
serde_derive,1.0.228,rust,MIT OR Apache-2.0
serde_derive_internals,0.29.1,rust,MIT OR Apache-2.0
serde_json,1.0.149,rust,MIT OR Apache-2.0
serde_nanos,0.1.4,rust,MIT OR Apache-2.0
serde_path_to_error,0.1.20,rust,MIT OR Apache-2.0
serde_repr,0.1.20,rust,MIT OR Apache-2.0
serde_spanned,0.6.9,rust,MIT OR Apache-2.0
serde_spanned,1.1.1,rust,MIT OR Apache-2.0
serde_urlencoded,0.7.1,rust,MIT/Apache-2.0
serde_with,3.18.0,rust,MIT OR Apache-2.0
serde_with_macros,3.18.0,rust,MIT OR Apache-2.0
serde_yaml,0.9.34+deprecated,rust,MIT OR Apache-2.0
serial_test,3.4.0,rust,MIT
serial_test_derive,3.4.0,rust,MIT
sha1,0.10.6,rust,MIT OR Apache-2.0
sha2,0.10.9,rust,MIT OR Apache-2.0
sharded-slab,0.1.7,rust,MIT
shell-words,1.1.1,rust,MIT/Apache-2.0
shlex,1.3.0,rust,MIT OR Apache-2.0
signal-hook-registry,1.4.8,rust,MIT OR Apache-2.0
signatory,0.27.1,rust,Apache-2.0 OR MIT
signature,1.6.4,rust,Apache-2.0 OR MIT
signature,2.2.0,rust,Apache-2.0 OR MIT
simd-adler32,0.3.9,rust,MIT
simd_helpers,0.1.0,rust,MIT
similar,2.7.0,rust,Apache-2.0
siphasher,1.0.2,rust,MIT/Apache-2.0
slab,0.4.12,rust,MIT
slotmap,1.1.1,rust,Zlib
smallvec,1.15.1,rust,MIT OR Apache-2.0
socket2,0.5.10,rust,MIT OR Apache-2.0
socket2,0.6.3,rust,MIT OR Apache-2.0
socks,0.3.4,rust,MIT/Apache-2.0
spin,0.10.0,rust,MIT
spin,0.9.8,rust,MIT
spki,0.6.0,rust,Apache-2.0 OR MIT
spki,0.7.3,rust,Apache-2.0 OR MIT
spm_precompiled,0.1.4,rust,Apache-2.0
stable_deref_trait,1.2.1,rust,MIT OR Apache-2.0
static_assertions,1.1.0,rust,MIT OR Apache-2.0
stdio-override,0.2.0,rust,MIT/Apache-2.0
strsim,0.11.1,rust,MIT
strum,0.27.2,rust,MIT
strum_macros,0.27.2,rust,MIT
subtle,2.6.1,rust,BSD-3-Clause
syn,1.0.109,rust,MIT OR Apache-2.0
syn,2.0.117,rust,MIT OR Apache-2.0
sync_wrapper,0.1.2,rust,Apache-2.0
sync_wrapper,1.0.2,rust,Apache-2.0
synstructure,0.13.2,rust,MIT
system-configuration,0.5.1,rust,MIT OR Apache-2.0
system-configuration,0.7.0,rust,MIT OR Apache-2.0
system-configuration-sys,0.5.0,rust,MIT OR Apache-2.0
system-configuration-sys,0.6.0,rust,MIT OR Apache-2.0
system-deps,6.2.2,rust,MIT OR Apache-2.0
target-lexicon,0.12.16,rust,Apache-2.0 WITH LLVM-exception
temp-env,0.3.6,rust,MIT OR Apache-2.0
tempfile,3.27.0,rust,MIT OR Apache-2.0
textwrap,0.11.0,rust,MIT
thiserror,1.0.69,rust,MIT OR Apache-2.0
thiserror,2.0.18,rust,MIT OR Apache-2.0
thiserror-impl,1.0.69,rust,MIT OR Apache-2.0
thiserror-impl,2.0.18,rust,MIT OR Apache-2.0
thread_local,1.1.9,rust,MIT OR Apache-2.0
tiff,0.11.3,rust,MIT
tiktoken-rs,0.9.1,rust,MIT
time,0.3.47,rust,MIT OR Apache-2.0
time-core,0.1.8,rust,MIT OR Apache-2.0
time-macros,0.2.27,rust,MIT OR Apache-2.0
timerfd,1.6.0,rust,MIT
tiny-keccak,2.0.2,rust,CC0-1.0
tinystr,0.8.3,rust,Unicode-3.0
tinytemplate,1.2.1,rust,Apache-2.0 OR MIT
tinyvec,1.11.0,rust,Zlib OR Apache-2.0 OR MIT
tinyvec_macros,0.1.1,rust,MIT OR Apache-2.0 OR Zlib
tmq,0.5.0,rust,MIT/Apache-2.0
tokenizers,0.21.4,rust,Apache-2.0
tokio,1.48.0,rust,MIT
tokio-macros,2.6.1,rust,MIT
tokio-rayon,2.1.0,rust,MIT
tokio-rustls,0.24.1,rust,MIT/Apache-2.0
tokio-rustls,0.26.4,rust,MIT OR Apache-2.0
tokio-stream,0.1.18,rust,MIT
tokio-test,0.4.5,rust,MIT
tokio-timerfd,0.2.0,rust,MIT
tokio-util,0.7.18,rust,MIT
tokio-websockets,0.10.1,rust,MIT
toml,0.8.23,rust,MIT OR Apache-2.0
toml,1.1.2+spec-1.1.0,rust,MIT OR Apache-2.0
toml_datetime,0.6.11,rust,MIT OR Apache-2.0
toml_datetime,1.1.1+spec-1.1.0,rust,MIT OR Apache-2.0
toml_edit,0.22.27,rust,MIT OR Apache-2.0
toml_edit,0.25.11+spec-1.1.0,rust,MIT OR Apache-2.0
toml_parser,1.1.2+spec-1.1.0,rust,MIT OR Apache-2.0
toml_write,0.1.2,rust,MIT OR Apache-2.0
tonic,0.12.3,rust,MIT
tonic,0.13.1,rust,MIT
tonic,0.14.5,rust,MIT
tonic-build,0.13.1,rust,MIT
tonic-build,0.14.5,rust,MIT
tonic-prost,0.14.5,rust,MIT
tonic-prost-build,0.14.5,rust,MIT
tower,0.4.13,rust,MIT
tower,0.5.3,rust,MIT
tower-http,0.6.8,rust,MIT
tower-layer,0.3.3,rust,MIT
tower-service,0.3.3,rust,MIT
tracing,0.1.44,rust,MIT
tracing-attributes,0.1.31,rust,MIT
tracing-core,0.1.36,rust,MIT
tracing-log,0.2.0,rust,MIT
tracing-opentelemetry,0.32.1,rust,MIT
tracing-serde,0.2.0,rust,MIT
tracing-subscriber,0.3.23,rust,MIT
try-lock,0.2.5,rust,MIT
tryhard,0.5.2,rust,MIT OR Apache-2.0
typeid,1.0.3,rust,MIT OR Apache-2.0
typenum,1.20.0,rust,MIT OR Apache-2.0
ucd-trie,0.1.7,rust,MIT OR Apache-2.0
unarray,0.1.4,rust,MIT OR Apache-2.0
uncased,0.9.10,rust,MIT OR Apache-2.0
unchecked-index,0.2.2,rust,MIT/Apache-2.0
unic-char-property,0.9.0,rust,MIT/Apache-2.0
unic-char-range,0.9.0,rust,MIT/Apache-2.0
unic-common,0.9.0,rust,MIT/Apache-2.0
unic-emoji-char,0.9.0,rust,MIT/Apache-2.0
unic-ucd-ident,0.9.0,rust,MIT/Apache-2.0
unic-ucd-version,0.9.0,rust,MIT/Apache-2.0
unicase,2.9.0,rust,MIT OR Apache-2.0
unicode-general-category,1.1.0,rust,Apache-2.0
unicode-ident,1.0.24,rust,(MIT OR Apache-2.0) AND Unicode-3.0
unicode-normalization-alignments,0.1.12,rust,MIT/Apache-2.0
unicode-segmentation,1.13.2,rust,MIT OR Apache-2.0
unicode-width,0.1.14,rust,MIT OR Apache-2.0
unicode-width,0.2.2,rust,MIT OR Apache-2.0
unicode-xid,0.2.6,rust,MIT OR Apache-2.0
unicode_categories,0.1.1,rust,MIT OR Apache-2.0
unicode_names2,1.3.0,rust,(MIT OR Apache-2.0) AND Unicode-DFS-2016
unicode_names2_generator,1.3.0,rust,MIT OR Apache-2.0
unit-prefix,0.5.2,rust,MIT
unsafe-libyaml,0.2.11,rust,MIT
untrusted,0.9.0,rust,ISC
unty,0.0.4,rust,MIT OR Apache-2.0
ureq,2.12.1,rust,MIT OR Apache-2.0
url,2.5.8,rust,MIT OR Apache-2.0
urlencoding,2.1.3,rust,MIT
utf16_iter,1.0.5,rust,Apache-2.0 OR MIT
utf8_iter,1.0.4,rust,Apache-2.0 OR MIT
utf8parse,0.2.2,rust,Apache-2.0 OR MIT
utoipa,5.4.0,rust,MIT OR Apache-2.0
utoipa-gen,5.4.0,rust,MIT OR Apache-2.0
utoipa-swagger-ui,9.0.2,rust,MIT OR Apache-2.0
uuid,1.23.1,rust,Apache-2.0 OR MIT
v_frame,0.3.9,rust,BSD-2-Clause
validator,0.20.0,rust,MIT
validator_derive,0.20.0,rust,MIT
valuable,0.1.1,rust,MIT
vcpkg,0.2.15,rust,MIT/Apache-2.0
velo,0.1.0,rust,Apache-2.0
velo-common,0.1.0,rust,Apache-2.0
velo-discovery,0.1.0,rust,Apache-2.0
velo-events,0.1.0,rust,Apache-2.0
velo-messenger,0.1.0,rust,Apache-2.0
velo-observability,0.1.0,rust,Apache-2.0
velo-queue,0.1.0,rust,Apache-2.0
velo-rendezvous,0.1.0,rust,Apache-2.0
velo-streaming,0.1.0,rust,Apache-2.0
velo-transports,0.1.0,rust,Apache-2.0
version-compare,0.2.1,rust,MIT
version_check,0.9.5,rust,MIT/Apache-2.0
video-rs,0.11.0,rust,MIT OR Apache-2.0
virtue,0.0.18,rust,MIT
vsimd,0.8.0,rust,MIT
wait-timeout,0.2.1,rust,MIT/Apache-2.0
walkdir,2.5.0,rust,Unlicense/MIT
want,0.3.1,rust,MIT
wasi,0.11.1+wasi-snapshot-preview1,rust,Apache-2.0 WITH LLVM-exception OR Apache-2.0 OR MIT
wasip2,1.0.3+wasi-0.2.9,rust,Apache-2.0 WITH LLVM-exception OR Apache-2.0 OR MIT
wasip3,0.4.0+wasi-0.3.0-rc-2026-01-06,rust,Apache-2.0 WITH LLVM-exception OR Apache-2.0 OR MIT
wasm-bindgen,0.2.118,rust,MIT OR Apache-2.0
wasm-bindgen-futures,0.4.68,rust,MIT OR Apache-2.0
wasm-bindgen-macro,0.2.118,rust,MIT OR Apache-2.0
wasm-bindgen-macro-support,0.2.118,rust,MIT OR Apache-2.0
wasm-bindgen-shared,0.2.118,rust,MIT OR Apache-2.0
wasm-encoder,0.244.0,rust,Apache-2.0 WITH LLVM-exception OR Apache-2.0 OR MIT
wasm-metadata,0.244.0,rust,Apache-2.0 WITH LLVM-exception OR Apache-2.0 OR MIT
wasm-streams,0.4.2,rust,MIT OR Apache-2.0
wasmparser,0.244.0,rust,Apache-2.0 WITH LLVM-exception OR Apache-2.0 OR MIT
web-sys,0.3.95,rust,MIT OR Apache-2.0
web-time,1.1.0,rust,MIT OR Apache-2.0
webpki-roots,0.26.11,rust,CDLA-Permissive-2.0
webpki-roots,1.0.7,rust,CDLA-Permissive-2.0
weezl,0.1.12,rust,MIT OR Apache-2.0
winapi,0.3.9,rust,MIT/Apache-2.0
winapi-i686-pc-windows-gnu,0.4.0,rust,MIT/Apache-2.0
winapi-util,0.1.11,rust,Unlicense OR MIT
winapi-x86_64-pc-windows-gnu,0.4.0,rust,MIT/Apache-2.0
windows-core,0.62.2,rust,MIT OR Apache-2.0
windows-implement,0.60.2,rust,MIT OR Apache-2.0
windows-interface,0.59.3,rust,MIT OR Apache-2.0
windows-link,0.2.1,rust,MIT OR Apache-2.0
windows-registry,0.6.1,rust,MIT OR Apache-2.0
windows-result,0.4.1,rust,MIT OR Apache-2.0
windows-strings,0.5.1,rust,MIT OR Apache-2.0
windows-sys,0.48.0,rust,MIT OR Apache-2.0
windows-sys,0.52.0,rust,MIT OR Apache-2.0
windows-sys,0.59.0,rust,MIT OR Apache-2.0
windows-sys,0.60.2,rust,MIT OR Apache-2.0
windows-sys,0.61.2,rust,MIT OR Apache-2.0
windows-targets,0.48.5,rust,MIT OR Apache-2.0
windows-targets,0.52.6,rust,MIT OR Apache-2.0
windows-targets,0.53.5,rust,MIT OR Apache-2.0
windows_aarch64_gnullvm,0.48.5,rust,MIT OR Apache-2.0
windows_aarch64_gnullvm,0.52.6,rust,MIT OR Apache-2.0
windows_aarch64_gnullvm,0.53.1,rust,MIT OR Apache-2.0
windows_aarch64_msvc,0.48.5,rust,MIT OR Apache-2.0
windows_aarch64_msvc,0.52.6,rust,MIT OR Apache-2.0
windows_aarch64_msvc,0.53.1,rust,MIT OR Apache-2.0
windows_i686_gnu,0.48.5,rust,MIT OR Apache-2.0
windows_i686_gnu,0.52.6,rust,MIT OR Apache-2.0
windows_i686_gnu,0.53.1,rust,MIT OR Apache-2.0
windows_i686_gnullvm,0.52.6,rust,MIT OR Apache-2.0
windows_i686_gnullvm,0.53.1,rust,MIT OR Apache-2.0
windows_i686_msvc,0.48.5,rust,MIT OR Apache-2.0
windows_i686_msvc,0.52.6,rust,MIT OR Apache-2.0
windows_i686_msvc,0.53.1,rust,MIT OR Apache-2.0
windows_x86_64_gnu,0.48.5,rust,MIT OR Apache-2.0
windows_x86_64_gnu,0.52.6,rust,MIT OR Apache-2.0
windows_x86_64_gnu,0.53.1,rust,MIT OR Apache-2.0
windows_x86_64_gnullvm,0.48.5,rust,MIT OR Apache-2.0
windows_x86_64_gnullvm,0.52.6,rust,MIT OR Apache-2.0
windows_x86_64_gnullvm,0.53.1,rust,MIT OR Apache-2.0
windows_x86_64_msvc,0.48.5,rust,MIT OR Apache-2.0
windows_x86_64_msvc,0.52.6,rust,MIT OR Apache-2.0
windows_x86_64_msvc,0.53.1,rust,MIT OR Apache-2.0
winnow,0.7.15,rust,MIT
winnow,1.0.2,rust,MIT
winreg,0.50.0,rust,MIT
wit-bindgen,0.51.0,rust,Apache-2.0 WITH LLVM-exception OR Apache-2.0 OR MIT
wit-bindgen,0.57.1,rust,Apache-2.0 WITH LLVM-exception OR Apache-2.0 OR MIT
wit-bindgen-core,0.51.0,rust,Apache-2.0 WITH LLVM-exception OR Apache-2.0 OR MIT
wit-bindgen-rust,0.51.0,rust,Apache-2.0 WITH LLVM-exception OR Apache-2.0 OR MIT
wit-bindgen-rust-macro,0.51.0,rust,Apache-2.0 WITH LLVM-exception OR Apache-2.0 OR MIT
wit-component,0.244.0,rust,Apache-2.0 WITH LLVM-exception OR Apache-2.0 OR MIT
wit-parser,0.244.0,rust,Apache-2.0 WITH LLVM-exception OR Apache-2.0 OR MIT
write16,1.0.0,rust,Apache-2.0 OR MIT
writeable,0.6.3,rust,Unicode-3.0
xmlparser,0.13.6,rust,MIT/Apache-2.0
xxhash-rust,0.8.15,rust,BSL-1.0
y4m,0.8.0,rust,MIT
yaml-rust2,0.10.4,rust,MIT OR Apache-2.0
yansi,1.0.1,rust,MIT OR Apache-2.0
yoke,0.8.2,rust,Unicode-3.0
yoke-derive,0.8.2,rust,Unicode-3.0
zerocopy,0.8.48,rust,BSD-2-Clause OR Apache-2.0 OR MIT
zerocopy-derive,0.8.48,rust,BSD-2-Clause OR Apache-2.0 OR MIT
zerofrom,0.1.7,rust,Unicode-3.0
zerofrom-derive,0.1.7,rust,Unicode-3.0
zeroize,1.8.2,rust,Apache-2.0 OR MIT
zeromq-src,0.2.6+4.3.4,rust,MIT OR Apache-2.0
zerotrie,0.2.4,rust,Unicode-3.0
zerovec,0.11.6,rust,Unicode-3.0
zerovec-derive,0.11.3,rust,Unicode-3.0
zip,2.4.2,rust,MIT
zip,3.0.0,rust,MIT
zlib-rs,0.6.3,rust,Zlib
zmij,1.0.21,rust,MIT
zmq,0.10.0,rust,MIT/Apache-2.0
zmq-sys,0.12.0,rust,MIT/Apache-2.0
zopfli,0.8.3,rust,Apache-2.0
zune-core,0.5.1,rust,MIT OR Apache-2.0 OR Zlib
zune-inflate,0.2.54,rust,MIT OR Apache-2.0 OR Zlib
zune-jpeg,0.5.15,rust,MIT OR Apache-2.0 OR Zlib
