Component,Category,Dependency Name,Version,Source File,GitHub URL,Package Source URL,Status,Diff from Latest,Diff from Release,Critical,NVIDIA Product,Notes
trtllm,Framework,Flash Attn,2.7.4.post1,container/Dockerfile.trtllm,https://github.com/ai-dynamo/dynamo/blob/main/container/Dockerfile.trtllm#L166,N/A,Unchanged,N/A,N/A,Yes,Yes,Dockerfile build argument
trtllm,Base Image,NVIDIA CUDA,12.9.1-runtime-ubuntu24.04,container/Dockerfile.trtllm,https://github.com/ai-dynamo/dynamo/blob/main/container/Dockerfile.trtllm#L60,https://catalog.ngc.nvidia.com/orgs/nvidia/containers/nvidia cuda,Unchanged,N/A,N/A,Yes,Yes,Build/Runtime base image
trtllm,Base Image,NVIDIA PyTorch,25.06-py3,container/Dockerfile.trtllm,https://github.com/ai-dynamo/dynamo/blob/main/container/Dockerfile.trtllm#L37,https://catalog.ngc.nvidia.com/orgs/nvidia/containers/nvidia pytorch,Unchanged,N/A,N/A,Yes,Yes,Build/Runtime base image
trtllm,Framework,Python,3.12,container/Dockerfile.trtllm,https://github.com/ai-dynamo/dynamo/blob/main/container/Dockerfile.trtllm#L31,https://www.python.org/downloads/,Unchanged,N/A,N/A,Yes,Yes,Dockerfile build argument
trtllm,Framework,Pytorch Triton,3.3.0+git96316ce52.nvinternal,container/Dockerfile.trtllm,https://github.com/ai-dynamo/dynamo/blob/main/container/Dockerfile.trtllm#L161,N/A,Unchanged,N/A,N/A,Yes,Yes,Dockerfile build argument
trtllm,Framework,Ucx,v1.18.1,container/deps/trtllm/install_nixl.sh,https://github.com/ai-dynamo/dynamo/blob/main/container/deps/trtllm/install_nixl.sh#L26,N/A,Unchanged,N/A,N/A,Yes,Yes,From installation script
trtllm,Framework,Base Image,25.06-py3,container/Dockerfile.trtllm,https://github.com/ai-dynamo/dynamo/blob/main/container/Dockerfile.trtllm#L5,N/A,Unchanged,N/A,N/A,No,Yes,Dockerfile build argument
trtllm,Base Image,Dynamo:latest None,latest,container/Dockerfile.trtllm,https://github.com/ai-dynamo/dynamo/blob/main/container/Dockerfile.trtllm#L34,N/A,Unchanged,N/A,N/A,No,Yes,Build/Runtime base image
trtllm,Framework,Jinja2,3.1.6,container/Dockerfile.trtllm,https://github.com/ai-dynamo/dynamo/blob/main/container/Dockerfile.trtllm#L162,N/A,Unchanged,N/A,N/A,No,Yes,Dockerfile build argument
trtllm,Framework,Mpmath,1.3.0,container/Dockerfile.trtllm,https://github.com/ai-dynamo/dynamo/blob/main/container/Dockerfile.trtllm#L167,N/A,Unchanged,N/A,N/A,No,Yes,Dockerfile build argument
trtllm,Framework,Networkx,3.5,container/Dockerfile.trtllm,https://github.com/ai-dynamo/dynamo/blob/main/container/Dockerfile.trtllm#L163,N/A,Unchanged,N/A,N/A,No,Yes,Dockerfile build argument
trtllm,Framework,Packaging,23.2,container/Dockerfile.trtllm,https://github.com/ai-dynamo/dynamo/blob/main/container/Dockerfile.trtllm#L165,N/A,Unchanged,N/A,N/A,No,Yes,Dockerfile build argument
trtllm,Base Image,Runtime,latest,container/Dockerfile.trtllm,https://github.com/ai-dynamo/dynamo/blob/main/container/Dockerfile.trtllm#L301,N/A,Unchanged,N/A,N/A,No,Yes,Build/Runtime base image
trtllm,Framework,Runtime Image,12.9.1-runtime-ubuntu24.04,container/Dockerfile.trtllm,https://github.com/ai-dynamo/dynamo/blob/main/container/Dockerfile.trtllm#L8,N/A,Unchanged,N/A,N/A,No,Yes,Dockerfile build argument
trtllm,Framework,Setuptools,78.1.1,container/Dockerfile.trtllm,https://github.com/ai-dynamo/dynamo/blob/main/container/Dockerfile.trtllm#L160,N/A,Unchanged,N/A,N/A,No,Yes,Dockerfile build argument
trtllm,Framework,Sympy,1.14.0,container/Dockerfile.trtllm,https://github.com/ai-dynamo/dynamo/blob/main/container/Dockerfile.trtllm#L164,N/A,Unchanged,N/A,N/A,No,Yes,Dockerfile build argument
trtllm,Framework,Torch,2.8.0a0+5228986c39.nv25.6,container/Dockerfile.trtllm,https://github.com/ai-dynamo/dynamo/blob/main/container/Dockerfile.trtllm#L158,N/A,Unchanged,N/A,N/A,No,Yes,Dockerfile build argument
trtllm,Framework,Torchvision,0.22.0a0+95f10a4e,container/Dockerfile.trtllm,https://github.com/ai-dynamo/dynamo/blob/main/container/Dockerfile.trtllm#L159,N/A,Unchanged,N/A,N/A,No,Yes,Dockerfile build argument
vllm,Framework,Cuda,12.8,container/Dockerfile.vllm,https://github.com/ai-dynamo/dynamo/blob/main/container/Dockerfile.vllm#L14,https://developer.nvidia.com/cuda-downloads,Unchanged,N/A,N/A,Yes,Yes,Dockerfile build argument
vllm,Framework,Cuda,12.8,container/deps/vllm/install_vllm.sh,https://github.com/ai-dynamo/dynamo/blob/main/container/deps/vllm/install_vllm.sh#L27,https://developer.nvidia.com/cuda-downloads,Unchanged,N/A,N/A,Yes,Yes,From installation script
vllm,Framework,Deepgemm,,container/Dockerfile.vllm,https://github.com/ai-dynamo/dynamo/blob/main/container/Dockerfile.vllm#L23,N/A,Unchanged,N/A,N/A,Yes,No,Dockerfile build argument
vllm,Framework,Flashinf,v0.3.1,container/Dockerfile.vllm,https://github.com/ai-dynamo/dynamo/blob/main/container/Dockerfile.vllm#L19,N/A,Unchanged,N/A,N/A,Yes,No,Dockerfile build argument
vllm,Framework,Flashinf,v0.3.1,container/deps/vllm/install_vllm.sh,https://github.com/ai-dynamo/dynamo/blob/main/container/deps/vllm/install_vllm.sh#L32,N/A,Unchanged,N/A,N/A,Yes,No,From installation script
vllm,Base Image,NVIDIA CUDA,12.8.1-runtime-ubuntu24.04,container/Dockerfile.vllm,https://github.com/ai-dynamo/dynamo/blob/main/container/Dockerfile.vllm#L172,https://catalog.ngc.nvidia.com/orgs/nvidia/containers/nvidia cuda,Unchanged,N/A,N/A,Yes,Yes,Build/Runtime base image
vllm,Base Image,NVIDIA CUDA-dl-base,25.01-cuda12.8-devel-ubuntu24.04,container/Dockerfile.vllm,https://github.com/ai-dynamo/dynamo/blob/main/container/Dockerfile.vllm#L69,https://catalog.ngc.nvidia.com/orgs/nvidia/containers/nvidia cuda-dl-base,Unchanged,N/A,N/A,Yes,Yes,Build/Runtime base image
vllm,Framework,Python,3.12,container/Dockerfile.vllm,https://github.com/ai-dynamo/dynamo/blob/main/container/Dockerfile.vllm#L45,https://www.python.org/downloads/,Unchanged,N/A,N/A,Yes,No,Dockerfile build argument
vllm,Framework,Vllm,v0.11.0,container/Dockerfile.vllm,https://github.com/ai-dynamo/dynamo/blob/main/container/Dockerfile.vllm#L17,N/A,Unchanged,N/A,N/A,Yes,No,Dockerfile build argument
vllm,Framework,Vllm,v0.11.0,container/deps/vllm/install_vllm.sh,https://github.com/ai-dynamo/dynamo/blob/main/container/deps/vllm/install_vllm.sh#L16,N/A,Unchanged,N/A,N/A,Yes,No,From installation script
vllm,Framework,Base Image,25.01-cuda12.8-devel-ubuntu24.04,container/Dockerfile.vllm,https://github.com/ai-dynamo/dynamo/blob/main/container/Dockerfile.vllm#L10,N/A,Unchanged,N/A,N/A,No,No,Dockerfile build argument
vllm,Base Image,Dynamo:latest None,latest,container/Dockerfile.vllm,https://github.com/ai-dynamo/dynamo/blob/main/container/Dockerfile.vllm#L48,N/A,Unchanged,N/A,N/A,No,No,Build/Runtime base image
vllm,Python Package,Lmcache,0.3.7,container/deps/vllm/install_vllm.sh,https://github.com/ai-dynamo/dynamo/blob/main/container/deps/vllm/install_vllm.sh#L224,https://pypi.org/project/lmcache/,Unchanged,N/A,N/A,No,No,From pip install command
vllm,Base Image,Runtime,latest,container/Dockerfile.vllm,https://github.com/ai-dynamo/dynamo/blob/main/container/Dockerfile.vllm#L299,N/A,Unchanged,N/A,N/A,No,No,Build/Runtime base image
vllm,Framework,Runtime Image,12.8.1-runtime-ubuntu24.04,container/Dockerfile.vllm,https://github.com/ai-dynamo/dynamo/blob/main/container/Dockerfile.vllm#L13,N/A,Unchanged,N/A,N/A,No,No,Dockerfile build argument
vllm,Python Package,Torch,2.7.1+cu128,container/deps/vllm/install_vllm.sh,https://github.com/ai-dynamo/dynamo/blob/main/container/deps/vllm/install_vllm.sh#L157,https://pypi.org/project/torch/,Unchanged,N/A,N/A,No,No,From pip install command
vllm,Python Package,Torchaudio,2.7.1,container/deps/vllm/install_vllm.sh,https://github.com/ai-dynamo/dynamo/blob/main/container/deps/vllm/install_vllm.sh#L157,https://pypi.org/project/torchaudio/,Unchanged,N/A,N/A,No,No,From pip install command
vllm,Python Package,Torchvision,0.22.1,container/deps/vllm/install_vllm.sh,https://github.com/ai-dynamo/dynamo/blob/main/container/deps/vllm/install_vllm.sh#L157,https://pypi.org/project/torchvision/,Unchanged,N/A,N/A,No,No,From pip install command
sglang,Binary Package,Nats Server,v2.10.28,container/Dockerfile.sglang-wideep,https://github.com/ai-dynamo/dynamo/blob/main/container/Dockerfile.sglang-wideep#L54,N/A,Unchanged,N/A,N/A,Yes,No,Downloaded from nats-io/nats-server
sglang,Base Image,NVIDIA CUDA,12.8.1-runtime-ubuntu24.04,container/Dockerfile.sglang,https://github.com/ai-dynamo/dynamo/blob/main/container/Dockerfile.sglang#L130,https://catalog.ngc.nvidia.com/orgs/nvidia/containers/nvidia cuda,Unchanged,N/A,N/A,Yes,Yes,Build/Runtime base image
sglang,Base Image,NVIDIA CUDA-dl-base,25.01-cuda12.8-devel-ubuntu24.04,container/Dockerfile.sglang,https://github.com/ai-dynamo/dynamo/blob/main/container/Dockerfile.sglang#L57,https://catalog.ngc.nvidia.com/orgs/nvidia/containers/nvidia cuda-dl-base,Unchanged,N/A,N/A,Yes,Yes,Build/Runtime base image
sglang,Framework,Python,3.12,container/Dockerfile.sglang,https://github.com/ai-dynamo/dynamo/blob/main/container/Dockerfile.sglang#L34,https://www.python.org/downloads/,Unchanged,N/A,N/A,Yes,No,Dockerfile build argument
sglang,Framework,Sglang,0.5.3.post2,container/Dockerfile.sglang,https://github.com/ai-dynamo/dynamo/blob/main/container/Dockerfile.sglang#L16,N/A,Unchanged,N/A,N/A,Yes,No,Dockerfile build argument
sglang,Base Image,Sglang,v0.5.3.post2,container/Dockerfile.sglang-wideep,https://github.com/ai-dynamo/dynamo/blob/main/container/Dockerfile.sglang-wideep#L11,N/A,Unchanged,N/A,N/A,Yes,No,Build/Runtime base image
sglang,Framework,Sglang Image,v0.5.3.post2,container/Dockerfile.sglang-wideep,https://github.com/ai-dynamo/dynamo/blob/main/container/Dockerfile.sglang-wideep#L4,N/A,Unchanged,N/A,N/A,Yes,No,Dockerfile build argument
sglang,Framework,Base Image,25.01-cuda12.8-devel-ubuntu24.04,container/Dockerfile.sglang,https://github.com/ai-dynamo/dynamo/blob/main/container/Dockerfile.sglang#L11,N/A,Unchanged,N/A,N/A,No,No,Dockerfile build argument
sglang,Base Image,Dynamo:latest None,latest,container/Dockerfile.sglang,https://github.com/ai-dynamo/dynamo/blob/main/container/Dockerfile.sglang#L37,N/A,Unchanged,N/A,N/A,No,No,Build/Runtime base image
sglang,Base Image,Runtime,latest,container/Dockerfile.sglang,https://github.com/ai-dynamo/dynamo/blob/main/container/Dockerfile.sglang#L253,N/A,Unchanged,N/A,N/A,No,No,Build/Runtime base image
sglang,Framework,Runtime Image,12.8.1-runtime-ubuntu24.04,container/Dockerfile.sglang,https://github.com/ai-dynamo/dynamo/blob/main/container/Dockerfile.sglang#L13,N/A,Unchanged,N/A,N/A,No,No,Dockerfile build argument
sglang,Base Image,Scratch,latest,container/Dockerfile.sglang-wideep,https://github.com/ai-dynamo/dynamo/blob/main/container/Dockerfile.sglang-wideep#L8,N/A,Unchanged,N/A,N/A,No,No,Build/Runtime base image
operator,Go Module,github.com/NVIDIA/grove/operator/api,v0.1.0-alpha.3,deploy/cloud/operator/go.mod,https://github.com/ai-dynamo/dynamo/blob/main/deploy/cloud/operator/go.mod#L9,https://pkg.go.dev/github.com/NVIDIA/grove/operator/api,Unchanged,N/A,N/A,Yes,Yes,Direct dependency
operator,Go Module,go.etcd.io/etcd/api/v3,v3.5.21,deploy/cloud/operator/go.mod,https://github.com/ai-dynamo/dynamo/blob/main/deploy/cloud/operator/go.mod#L69,https://pkg.go.dev/go.etcd.io/etcd/api/v3,Unchanged,N/A,N/A,Yes,No,Indirect dependency
operator,Go Module,go.etcd.io/etcd/client/pkg/v3,v3.5.21,deploy/cloud/operator/go.mod,https://github.com/ai-dynamo/dynamo/blob/main/deploy/cloud/operator/go.mod#L70,https://pkg.go.dev/go.etcd.io/etcd/client/pkg/v3,Unchanged,N/A,N/A,Yes,No,Indirect dependency
operator,Go Module,go.etcd.io/etcd/client/v3,v3.5.21,deploy/cloud/operator/go.mod,https://github.com/ai-dynamo/dynamo/blob/main/deploy/cloud/operator/go.mod#L18,https://pkg.go.dev/go.etcd.io/etcd/client/v3,Unchanged,N/A,N/A,Yes,No,Direct dependency
operator,Base Image,Base,latest,deploy/cloud/operator/Dockerfile,https://github.com/ai-dynamo/dynamo/blob/main/deploy/cloud/operator/Dockerfile#L29,N/A,Unchanged,N/A,N/A,No,No,Build/Runtime base image
operator,Base Image,Base,latest,deploy/cloud/operator/Dockerfile,https://github.com/ai-dynamo/dynamo/blob/main/deploy/cloud/operator/Dockerfile#L38,N/A,Unchanged,N/A,N/A,No,No,Build/Runtime base image
operator,Base Image,Base,latest,deploy/cloud/operator/Dockerfile,https://github.com/ai-dynamo/dynamo/blob/main/deploy/cloud/operator/Dockerfile#L47,N/A,Unchanged,N/A,N/A,No,No,Build/Runtime base image
operator,Framework,Base Image,1.24,deploy/cloud/operator/Dockerfile,https://github.com/ai-dynamo/dynamo/blob/main/deploy/cloud/operator/Dockerfile#L7,N/A,Unchanged,N/A,N/A,No,No,Dockerfile build argument
operator,Go Module,emperror.dev/errors,v0.8.1,deploy/cloud/operator/go.mod,https://github.com/ai-dynamo/dynamo/blob/main/deploy/cloud/operator/go.mod#L8,https://pkg.go.dev/emperror.dev/errors,Unchanged,N/A,N/A,No,No,Direct dependency
operator,Go Module,github.com/beorn7/perks,v1.0.1,deploy/cloud/operator/go.mod,https://github.com/ai-dynamo/dynamo/blob/main/deploy/cloud/operator/go.mod#L33,https://pkg.go.dev/github.com/beorn7/perks,Unchanged,N/A,N/A,No,No,Indirect dependency
operator,Go Module,github.com/blang/semver/v4,v4.0.0,deploy/cloud/operator/go.mod,https://github.com/ai-dynamo/dynamo/blob/main/deploy/cloud/operator/go.mod#L34,https://pkg.go.dev/github.com/blang/semver/v4,Unchanged,N/A,N/A,No,No,Indirect dependency
operator,Go Module,github.com/bsm/gomega,v1.27.10,deploy/cloud/operator/go.mod,https://github.com/ai-dynamo/dynamo/blob/main/deploy/cloud/operator/go.mod#L10,https://pkg.go.dev/github.com/bsm/gomega,Unchanged,N/A,N/A,No,No,Direct dependency
operator,Go Module,github.com/cespare/xxhash/v2,v2.3.0,deploy/cloud/operator/go.mod,https://github.com/ai-dynamo/dynamo/blob/main/deploy/cloud/operator/go.mod#L35,https://pkg.go.dev/github.com/cespare/xxhash/v2,Unchanged,N/A,N/A,No,No,Indirect dependency
operator,Go Module,github.com/coreos/go-semver,v0.3.1,deploy/cloud/operator/go.mod,https://github.com/ai-dynamo/dynamo/blob/main/deploy/cloud/operator/go.mod#L36,https://pkg.go.dev/github.com/coreos/go-semver,Unchanged,N/A,N/A,No,No,Indirect dependency
operator,Go Module,github.com/coreos/go-systemd/v22,v22.5.0,deploy/cloud/operator/go.mod,https://github.com/ai-dynamo/dynamo/blob/main/deploy/cloud/operator/go.mod#L37,https://pkg.go.dev/github.com/coreos/go-systemd/v22,Unchanged,N/A,N/A,No,No,Indirect dependency
operator,Go Module,github.com/davecgh/go-spew,v1.1.2-0.20180830191138-d8f796af33cc,deploy/cloud/operator/go.mod,https://github.com/ai-dynamo/dynamo/blob/main/deploy/cloud/operator/go.mod#L38,https://pkg.go.dev/github.com/davecgh/go-spew,Unchanged,N/A,N/A,No,No,Indirect dependency
operator,Go Module,github.com/emicklei/go-restful/v3,v3.12.0,deploy/cloud/operator/go.mod,https://github.com/ai-dynamo/dynamo/blob/main/deploy/cloud/operator/go.mod#L39,https://pkg.go.dev/github.com/emicklei/go-restful/v3,Unchanged,N/A,N/A,No,No,Indirect dependency
operator,Go Module,github.com/evanphx/json-patch,v5.7.0+incompatible,deploy/cloud/operator/go.mod,https://github.com/ai-dynamo/dynamo/blob/main/deploy/cloud/operator/go.mod#L40,https://pkg.go.dev/github.com/evanphx/json-patch,Unchanged,N/A,N/A,No,No,Indirect dependency
operator,Go Module,github.com/evanphx/json-patch/v5,v5.9.11,deploy/cloud/operator/go.mod,https://github.com/ai-dynamo/dynamo/blob/main/deploy/cloud/operator/go.mod#L41,https://pkg.go.dev/github.com/evanphx/json-patch/v5,Unchanged,N/A,N/A,No,No,Indirect dependency
operator,Go Module,github.com/fsnotify/fsnotify,v1.7.0,deploy/cloud/operator/go.mod,https://github.com/ai-dynamo/dynamo/blob/main/deploy/cloud/operator/go.mod#L42,https://pkg.go.dev/github.com/fsnotify/fsnotify,Unchanged,N/A,N/A,No,No,Indirect dependency
operator,Go Module,github.com/fxamacker/cbor/v2,v2.7.0,deploy/cloud/operator/go.mod,https://github.com/ai-dynamo/dynamo/blob/main/deploy/cloud/operator/go.mod#L43,https://pkg.go.dev/github.com/fxamacker/cbor/v2,Unchanged,N/A,N/A,No,No,Indirect dependency
operator,Go Module,github.com/go-logr/logr,v1.4.2,deploy/cloud/operator/go.mod,https://github.com/ai-dynamo/dynamo/blob/main/deploy/cloud/operator/go.mod#L11,https://pkg.go.dev/github.com/go-logr/logr,Unchanged,N/A,N/A,No,No,Direct dependency
operator,Go Module,github.com/go-logr/zapr,v1.3.0,deploy/cloud/operator/go.mod,https://github.com/ai-dynamo/dynamo/blob/main/deploy/cloud/operator/go.mod#L44,https://pkg.go.dev/github.com/go-logr/zapr,Unchanged,N/A,N/A,No,No,Indirect dependency
operator,Go Module,github.com/go-openapi/jsonpointer,v0.21.0,deploy/cloud/operator/go.mod,https://github.com/ai-dynamo/dynamo/blob/main/deploy/cloud/operator/go.mod#L45,https://pkg.go.dev/github.com/go-openapi/jsonpointer,Unchanged,N/A,N/A,No,No,Indirect dependency
operator,Go Module,github.com/go-openapi/jsonreference,v0.21.0,deploy/cloud/operator/go.mod,https://github.com/ai-dynamo/dynamo/blob/main/deploy/cloud/operator/go.mod#L46,https://pkg.go.dev/github.com/go-openapi/jsonreference,Unchanged,N/A,N/A,No,No,Indirect dependency
operator,Go Module,github.com/go-openapi/swag,v0.23.0,deploy/cloud/operator/go.mod,https://github.com/ai-dynamo/dynamo/blob/main/deploy/cloud/operator/go.mod#L47,https://pkg.go.dev/github.com/go-openapi/swag,Unchanged,N/A,N/A,No,No,Indirect dependency
operator,Go Module,github.com/go-task/slim-sprig/v3,v3.0.0,deploy/cloud/operator/go.mod,https://github.com/ai-dynamo/dynamo/blob/main/deploy/cloud/operator/go.mod#L48,https://pkg.go.dev/github.com/go-task/slim-sprig/v3,Unchanged,N/A,N/A,No,No,Indirect dependency
operator,Go Module,github.com/gogo/protobuf,v1.3.2,deploy/cloud/operator/go.mod,https://github.com/ai-dynamo/dynamo/blob/main/deploy/cloud/operator/go.mod#L49,https://pkg.go.dev/github.com/gogo/protobuf,Unchanged,N/A,N/A,No,No,Indirect dependency
operator,Go Module,github.com/golang/protobuf,v1.5.4,deploy/cloud/operator/go.mod,https://github.com/ai-dynamo/dynamo/blob/main/deploy/cloud/operator/go.mod#L50,https://pkg.go.dev/github.com/golang/protobuf,Unchanged,N/A,N/A,No,No,Indirect dependency
operator,Go Module,github.com/google/btree,v1.1.3,deploy/cloud/operator/go.mod,https://github.com/ai-dynamo/dynamo/blob/main/deploy/cloud/operator/go.mod#L51,https://pkg.go.dev/github.com/google/btree,Unchanged,N/A,N/A,No,No,Indirect dependency
operator,Go Module,github.com/google/gnostic-models,v0.6.9,deploy/cloud/operator/go.mod,https://github.com/ai-dynamo/dynamo/blob/main/deploy/cloud/operator/go.mod#L52,https://pkg.go.dev/github.com/google/gnostic-models,Unchanged,N/A,N/A,No,No,Indirect dependency
operator,Go Module,github.com/google/go-cmp,v0.7.0,deploy/cloud/operator/go.mod,https://github.com/ai-dynamo/dynamo/blob/main/deploy/cloud/operator/go.mod#L12,https://pkg.go.dev/github.com/google/go-cmp,Unchanged,N/A,N/A,No,No,Direct dependency
operator,Go Module,github.com/google/pprof,v0.0.0-20250403155104-27863c87afa6,deploy/cloud/operator/go.mod,https://github.com/ai-dynamo/dynamo/blob/main/deploy/cloud/operator/go.mod#L53,https://pkg.go.dev/github.com/google/pprof,Unchanged,N/A,N/A,No,No,Indirect dependency
operator,Go Module,github.com/google/uuid,v1.6.0,deploy/cloud/operator/go.mod,https://github.com/ai-dynamo/dynamo/blob/main/deploy/cloud/operator/go.mod#L54,https://pkg.go.dev/github.com/google/uuid,Unchanged,N/A,N/A,No,No,Indirect dependency
operator,Go Module,github.com/imdario/mergo,v0.3.6,deploy/cloud/operator/go.mod,https://github.com/ai-dynamo/dynamo/blob/main/deploy/cloud/operator/go.mod#L13,https://pkg.go.dev/github.com/imdario/mergo,Unchanged,N/A,N/A,No,No,Direct dependency
operator,Go Module,github.com/josharian/intern,v1.0.0,deploy/cloud/operator/go.mod,https://github.com/ai-dynamo/dynamo/blob/main/deploy/cloud/operator/go.mod#L55,https://pkg.go.dev/github.com/josharian/intern,Unchanged,N/A,N/A,No,No,Indirect dependency
operator,Go Module,github.com/json-iterator/go,v1.1.12,deploy/cloud/operator/go.mod,https://github.com/ai-dynamo/dynamo/blob/main/deploy/cloud/operator/go.mod#L56,https://pkg.go.dev/github.com/json-iterator/go,Unchanged,N/A,N/A,No,No,Indirect dependency
operator,Go Module,github.com/mailru/easyjson,v0.7.7,deploy/cloud/operator/go.mod,https://github.com/ai-dynamo/dynamo/blob/main/deploy/cloud/operator/go.mod#L57,https://pkg.go.dev/github.com/mailru/easyjson,Unchanged,N/A,N/A,No,No,Indirect dependency
operator,Go Module,github.com/modern-go/concurrent,v0.0.0-20180306012644-bacd9c7ef1dd,deploy/cloud/operator/go.mod,https://github.com/ai-dynamo/dynamo/blob/main/deploy/cloud/operator/go.mod#L58,https://pkg.go.dev/github.com/modern-go/concurrent,Unchanged,N/A,N/A,No,No,Indirect dependency
operator,Go Module,github.com/modern-go/reflect2,v1.0.2,deploy/cloud/operator/go.mod,https://github.com/ai-dynamo/dynamo/blob/main/deploy/cloud/operator/go.mod#L59,https://pkg.go.dev/github.com/modern-go/reflect2,Unchanged,N/A,N/A,No,No,Indirect dependency
operator,Go Module,github.com/munnerz/goautoneg,v0.0.0-20191010083416-a7dc8b61c822,deploy/cloud/operator/go.mod,https://github.com/ai-dynamo/dynamo/blob/main/deploy/cloud/operator/go.mod#L60,https://pkg.go.dev/github.com/munnerz/goautoneg,Unchanged,N/A,N/A,No,No,Indirect dependency
operator,Go Module,github.com/onsi/ginkgo/v2,v2.23.4,deploy/cloud/operator/go.mod,https://github.com/ai-dynamo/dynamo/blob/main/deploy/cloud/operator/go.mod#L14,https://pkg.go.dev/github.com/onsi/ginkgo/v2,Unchanged,N/A,N/A,No,No,Direct dependency
operator,Go Module,github.com/onsi/gomega,v1.37.0,deploy/cloud/operator/go.mod,https://github.com/ai-dynamo/dynamo/blob/main/deploy/cloud/operator/go.mod#L15,https://pkg.go.dev/github.com/onsi/gomega,Unchanged,N/A,N/A,No,No,Direct dependency
operator,Go Module,github.com/pkg/errors,v0.9.1,deploy/cloud/operator/go.mod,https://github.com/ai-dynamo/dynamo/blob/main/deploy/cloud/operator/go.mod#L61,https://pkg.go.dev/github.com/pkg/errors,Unchanged,N/A,N/A,No,No,Indirect dependency
operator,Go Module,github.com/pmezard/go-difflib,v1.0.1-0.20181226105442-5d4384ee4fb2,deploy/cloud/operator/go.mod,https://github.com/ai-dynamo/dynamo/blob/main/deploy/cloud/operator/go.mod#L62,https://pkg.go.dev/github.com/pmezard/go-difflib,Unchanged,N/A,N/A,No,No,Indirect dependency
operator,Go Module,github.com/prometheus-operator/prometheus-operator/pkg/apis/monitoring,v0.71.2,deploy/cloud/operator/go.mod,https://github.com/ai-dynamo/dynamo/blob/main/deploy/cloud/operator/go.mod#L16,https://pkg.go.dev/github.com/prometheus-operator/prometheus-operator/pkg/apis/monitoring,Unchanged,N/A,N/A,No,No,Direct dependency
operator,Go Module,github.com/prometheus/client_golang,v1.22.0,deploy/cloud/operator/go.mod,https://github.com/ai-dynamo/dynamo/blob/main/deploy/cloud/operator/go.mod#L63,https://pkg.go.dev/github.com/prometheus/client_golang,Unchanged,N/A,N/A,No,No,Indirect dependency
operator,Go Module,github.com/prometheus/client_model,v0.6.1,deploy/cloud/operator/go.mod,https://github.com/ai-dynamo/dynamo/blob/main/deploy/cloud/operator/go.mod#L64,https://pkg.go.dev/github.com/prometheus/client_model,Unchanged,N/A,N/A,No,No,Indirect dependency
operator,Go Module,github.com/prometheus/common,v0.62.0,deploy/cloud/operator/go.mod,https://github.com/ai-dynamo/dynamo/blob/main/deploy/cloud/operator/go.mod#L65,https://pkg.go.dev/github.com/prometheus/common,Unchanged,N/A,N/A,No,No,Indirect dependency
operator,Go Module,github.com/prometheus/procfs,v0.15.1,deploy/cloud/operator/go.mod,https://github.com/ai-dynamo/dynamo/blob/main/deploy/cloud/operator/go.mod#L66,https://pkg.go.dev/github.com/prometheus/procfs,Unchanged,N/A,N/A,No,No,Indirect dependency
operator,Go Module,github.com/spf13/pflag,v1.0.6,deploy/cloud/operator/go.mod,https://github.com/ai-dynamo/dynamo/blob/main/deploy/cloud/operator/go.mod#L67,https://pkg.go.dev/github.com/spf13/pflag,Unchanged,N/A,N/A,No,No,Indirect dependency
operator,Go Module,github.com/stretchr/testify,v1.10.0,deploy/cloud/operator/go.mod,https://github.com/ai-dynamo/dynamo/blob/main/deploy/cloud/operator/go.mod#L17,https://pkg.go.dev/github.com/stretchr/testify,Unchanged,N/A,N/A,No,No,Direct dependency
operator,Go Module,github.com/x448/float16,v0.8.4,deploy/cloud/operator/go.mod,https://github.com/ai-dynamo/dynamo/blob/main/deploy/cloud/operator/go.mod#L68,https://pkg.go.dev/github.com/x448/float16,Unchanged,N/A,N/A,No,No,Indirect dependency
operator,Language,Go,1.24.0,deploy/cloud/operator/go.mod,https://github.com/ai-dynamo/dynamo/blob/main/deploy/cloud/operator/go.mod#L3,https://go.dev/dl/,Unchanged,N/A,N/A,No,No,Go version
operator,Language,GO Toolchain,go1.24.3,deploy/cloud/operator/go.mod,https://github.com/ai-dynamo/dynamo/blob/main/deploy/cloud/operator/go.mod#L5,N/A,Unchanged,N/A,N/A,No,No,Go toolchain version
operator,Go Module,go.opentelemetry.io/otel,v1.36.0,deploy/cloud/operator/go.mod,https://github.com/ai-dynamo/dynamo/blob/main/deploy/cloud/operator/go.mod#L71,https://pkg.go.dev/go.opentelemetry.io/otel,Unchanged,N/A,N/A,No,No,Indirect dependency
operator,Go Module,go.opentelemetry.io/otel/sdk,v1.36.0,deploy/cloud/operator/go.mod,https://github.com/ai-dynamo/dynamo/blob/main/deploy/cloud/operator/go.mod#L72,https://pkg.go.dev/go.opentelemetry.io/otel/sdk,Unchanged,N/A,N/A,No,No,Indirect dependency
operator,Go Module,go.opentelemetry.io/otel/sdk/metric,v1.35.0,deploy/cloud/operator/go.mod,https://github.com/ai-dynamo/dynamo/blob/main/deploy/cloud/operator/go.mod#L73,https://pkg.go.dev/go.opentelemetry.io/otel/sdk/metric,Unchanged,N/A,N/A,No,No,Indirect dependency
operator,Go Module,go.uber.org/automaxprocs,v1.6.0,deploy/cloud/operator/go.mod,https://github.com/ai-dynamo/dynamo/blob/main/deploy/cloud/operator/go.mod#L74,https://pkg.go.dev/go.uber.org/automaxprocs,Unchanged,N/A,N/A,No,No,Indirect dependency
operator,Go Module,go.uber.org/multierr,v1.11.0,deploy/cloud/operator/go.mod,https://github.com/ai-dynamo/dynamo/blob/main/deploy/cloud/operator/go.mod#L75,https://pkg.go.dev/go.uber.org/multierr,Unchanged,N/A,N/A,No,No,Indirect dependency
operator,Go Module,go.uber.org/zap,v1.27.0,deploy/cloud/operator/go.mod,https://github.com/ai-dynamo/dynamo/blob/main/deploy/cloud/operator/go.mod#L76,https://pkg.go.dev/go.uber.org/zap,Unchanged,N/A,N/A,No,No,Indirect dependency
operator,Go Module,golang.org/x/net,v0.40.0,deploy/cloud/operator/go.mod,https://github.com/ai-dynamo/dynamo/blob/main/deploy/cloud/operator/go.mod#L77,https://pkg.go.dev/golang.org/x/net,Unchanged,N/A,N/A,No,No,Indirect dependency
operator,Go Module,golang.org/x/oauth2,v0.30.0,deploy/cloud/operator/go.mod,https://github.com/ai-dynamo/dynamo/blob/main/deploy/cloud/operator/go.mod#L78,https://pkg.go.dev/golang.org/x/oauth2,Unchanged,N/A,N/A,No,No,Indirect dependency
operator,Go Module,golang.org/x/sync,v0.14.0,deploy/cloud/operator/go.mod,https://github.com/ai-dynamo/dynamo/blob/main/deploy/cloud/operator/go.mod#L79,https://pkg.go.dev/golang.org/x/sync,Unchanged,N/A,N/A,No,No,Indirect dependency
operator,Go Module,golang.org/x/sys,v0.33.0,deploy/cloud/operator/go.mod,https://github.com/ai-dynamo/dynamo/blob/main/deploy/cloud/operator/go.mod#L80,https://pkg.go.dev/golang.org/x/sys,Unchanged,N/A,N/A,No,No,Indirect dependency
operator,Go Module,golang.org/x/term,v0.32.0,deploy/cloud/operator/go.mod,https://github.com/ai-dynamo/dynamo/blob/main/deploy/cloud/operator/go.mod#L81,https://pkg.go.dev/golang.org/x/term,Unchanged,N/A,N/A,No,No,Indirect dependency
operator,Go Module,golang.org/x/text,v0.25.0,deploy/cloud/operator/go.mod,https://github.com/ai-dynamo/dynamo/blob/main/deploy/cloud/operator/go.mod#L82,https://pkg.go.dev/golang.org/x/text,Unchanged,N/A,N/A,No,No,Indirect dependency
operator,Go Module,golang.org/x/time,v0.9.0,deploy/cloud/operator/go.mod,https://github.com/ai-dynamo/dynamo/blob/main/deploy/cloud/operator/go.mod#L83,https://pkg.go.dev/golang.org/x/time,Unchanged,N/A,N/A,No,No,Indirect dependency
operator,Go Module,golang.org/x/tools,v0.33.0,deploy/cloud/operator/go.mod,https://github.com/ai-dynamo/dynamo/blob/main/deploy/cloud/operator/go.mod#L84,https://pkg.go.dev/golang.org/x/tools,Unchanged,N/A,N/A,No,No,Indirect dependency
operator,Go Module,gomodules.xyz/jsonpatch/v2,v2.4.0,deploy/cloud/operator/go.mod,https://github.com/ai-dynamo/dynamo/blob/main/deploy/cloud/operator/go.mod#L85,https://pkg.go.dev/gomodules.xyz/jsonpatch/v2,Unchanged,N/A,N/A,No,No,Indirect dependency
operator,Go Module,google.golang.org/genproto/googleapis/api,v0.0.0-20250519155744-55703ea1f237,deploy/cloud/operator/go.mod,https://github.com/ai-dynamo/dynamo/blob/main/deploy/cloud/operator/go.mod#L86,https://pkg.go.dev/google.golang.org/genproto/googleapis/api,Unchanged,N/A,N/A,No,No,Indirect dependency
operator,Go Module,google.golang.org/genproto/googleapis/rpc,v0.0.0-20250519155744-55703ea1f237,deploy/cloud/operator/go.mod,https://github.com/ai-dynamo/dynamo/blob/main/deploy/cloud/operator/go.mod#L87,https://pkg.go.dev/google.golang.org/genproto/googleapis/rpc,Unchanged,N/A,N/A,No,No,Indirect dependency
operator,Go Module,google.golang.org/grpc,v1.72.1,deploy/cloud/operator/go.mod,https://github.com/ai-dynamo/dynamo/blob/main/deploy/cloud/operator/go.mod#L88,https://pkg.go.dev/google.golang.org/grpc,Unchanged,N/A,N/A,No,No,Indirect dependency
operator,Go Module,google.golang.org/protobuf,v1.36.6,deploy/cloud/operator/go.mod,https://github.com/ai-dynamo/dynamo/blob/main/deploy/cloud/operator/go.mod#L89,https://pkg.go.dev/google.golang.org/protobuf,Unchanged,N/A,N/A,No,No,Indirect dependency
operator,Go Module,gopkg.in/evanphx/json-patch.v4,v4.12.0,deploy/cloud/operator/go.mod,https://github.com/ai-dynamo/dynamo/blob/main/deploy/cloud/operator/go.mod#L90,https://pkg.go.dev/gopkg.in/evanphx/json-patch.v4,Unchanged,N/A,N/A,No,No,Indirect dependency
operator,Go Module,gopkg.in/inf.v0,v0.9.1,deploy/cloud/operator/go.mod,https://github.com/ai-dynamo/dynamo/blob/main/deploy/cloud/operator/go.mod#L91,https://pkg.go.dev/gopkg.in/inf.v0,Unchanged,N/A,N/A,No,No,Indirect dependency
operator,Go Module,gopkg.in/yaml.v3,v3.0.1,deploy/cloud/operator/go.mod,https://github.com/ai-dynamo/dynamo/blob/main/deploy/cloud/operator/go.mod#L92,https://pkg.go.dev/gopkg.in/yaml.v3,Unchanged,N/A,N/A,No,No,Indirect dependency
operator,Go Module,istio.io/api,v1.23.1,deploy/cloud/operator/go.mod,https://github.com/ai-dynamo/dynamo/blob/main/deploy/cloud/operator/go.mod#L19,https://pkg.go.dev/istio.io/api,Unchanged,N/A,N/A,No,No,Direct dependency
operator,Go Module,istio.io/client-go,v1.23.1,deploy/cloud/operator/go.mod,https://github.com/ai-dynamo/dynamo/blob/main/deploy/cloud/operator/go.mod#L20,https://pkg.go.dev/istio.io/client-go,Unchanged,N/A,N/A,No,No,Direct dependency
operator,Go Module,k8s.io/api,v0.33.3,deploy/cloud/operator/go.mod,https://github.com/ai-dynamo/dynamo/blob/main/deploy/cloud/operator/go.mod#L21,https://pkg.go.dev/k8s.io/api,Unchanged,N/A,N/A,No,No,Direct dependency
operator,Go Module,k8s.io/apiextensions-apiserver,v0.33.3,deploy/cloud/operator/go.mod,https://github.com/ai-dynamo/dynamo/blob/main/deploy/cloud/operator/go.mod#L22,https://pkg.go.dev/k8s.io/apiextensions-apiserver,Unchanged,N/A,N/A,No,No,Direct dependency
operator,Go Module,k8s.io/apimachinery,v0.33.3,deploy/cloud/operator/go.mod,https://github.com/ai-dynamo/dynamo/blob/main/deploy/cloud/operator/go.mod#L23,https://pkg.go.dev/k8s.io/apimachinery,Unchanged,N/A,N/A,No,No,Direct dependency
operator,Go Module,k8s.io/client-go,v0.33.3,deploy/cloud/operator/go.mod,https://github.com/ai-dynamo/dynamo/blob/main/deploy/cloud/operator/go.mod#L24,https://pkg.go.dev/k8s.io/client-go,Unchanged,N/A,N/A,No,No,Direct dependency
operator,Go Module,k8s.io/klog/v2,v2.130.1,deploy/cloud/operator/go.mod,https://github.com/ai-dynamo/dynamo/blob/main/deploy/cloud/operator/go.mod#L93,https://pkg.go.dev/k8s.io/klog/v2,Unchanged,N/A,N/A,No,No,Indirect dependency
operator,Go Module,k8s.io/kube-openapi,v0.0.0-20250318190949-c8a335a9a2ff,deploy/cloud/operator/go.mod,https://github.com/ai-dynamo/dynamo/blob/main/deploy/cloud/operator/go.mod#L94,https://pkg.go.dev/k8s.io/kube-openapi,Unchanged,N/A,N/A,No,No,Indirect dependency
operator,Go Module,k8s.io/utils,v0.0.0-20250502105355-0f33e8f1c979,deploy/cloud/operator/go.mod,https://github.com/ai-dynamo/dynamo/blob/main/deploy/cloud/operator/go.mod#L25,https://pkg.go.dev/k8s.io/utils,Unchanged,N/A,N/A,No,No,Direct dependency
operator,Base Image,NVIDIA Go,v3.1.13,deploy/cloud/operator/Dockerfile,https://github.com/ai-dynamo/dynamo/blob/main/deploy/cloud/operator/Dockerfile#L53,https://catalog.ngc.nvidia.com/orgs/nvidia/containers/nvidia go,Unchanged,N/A,N/A,No,Yes,Build/Runtime base image
operator,Go Module,sigs.k8s.io/controller-runtime,v0.21.0,deploy/cloud/operator/go.mod,https://github.com/ai-dynamo/dynamo/blob/main/deploy/cloud/operator/go.mod#L26,https://pkg.go.dev/sigs.k8s.io/controller-runtime,Unchanged,N/A,N/A,No,No,Direct dependency
operator,Go Module,sigs.k8s.io/json,v0.0.0-20241010143419-9aa6b5e7a4b3,deploy/cloud/operator/go.mod,https://github.com/ai-dynamo/dynamo/blob/main/deploy/cloud/operator/go.mod#L95,https://pkg.go.dev/sigs.k8s.io/json,Unchanged,N/A,N/A,No,No,Indirect dependency
operator,Go Module,sigs.k8s.io/lws,v0.6.1,deploy/cloud/operator/go.mod,https://github.com/ai-dynamo/dynamo/blob/main/deploy/cloud/operator/go.mod#L27,https://pkg.go.dev/sigs.k8s.io/lws,Unchanged,N/A,N/A,No,No,Direct dependency
operator,Go Module,sigs.k8s.io/randfill,v1.0.0,deploy/cloud/operator/go.mod,https://github.com/ai-dynamo/dynamo/blob/main/deploy/cloud/operator/go.mod#L96,https://pkg.go.dev/sigs.k8s.io/randfill,Unchanged,N/A,N/A,No,No,Indirect dependency
operator,Go Module,sigs.k8s.io/structured-merge-diff/v4,v4.7.0,deploy/cloud/operator/go.mod,https://github.com/ai-dynamo/dynamo/blob/main/deploy/cloud/operator/go.mod#L97,https://pkg.go.dev/sigs.k8s.io/structured-merge-diff/v4,Unchanged,N/A,N/A,No,No,Indirect dependency
operator,Go Module,sigs.k8s.io/yaml,v1.4.0,deploy/cloud/operator/go.mod,https://github.com/ai-dynamo/dynamo/blob/main/deploy/cloud/operator/go.mod#L28,https://pkg.go.dev/sigs.k8s.io/yaml,Unchanged,N/A,N/A,No,No,Direct dependency
operator,Go Module,volcano.sh/apis,v1.12.2,deploy/cloud/operator/go.mod,https://github.com/ai-dynamo/dynamo/blob/main/deploy/cloud/operator/go.mod#L29,https://pkg.go.dev/volcano.sh/apis,Unchanged,N/A,N/A,No,No,Direct dependency
shared,Python Package,Aiperf,unspecified,container/deps/requirements.txt,https://github.com/ai-dynamo/dynamo/blob/main/container/deps/requirements.txt#L7,https://pypi.org/project/aiperf/,Unchanged,N/A,N/A,Yes,No,Python package from requirements.txt
shared,Python Git Package,Aiperf,70af59489df2,recipes/llama-3-70b/vllm/agg/perf.yaml,https://github.com/ai-dynamo/dynamo/blob/main/recipes/llama-3-70b/vllm/agg/perf.yaml#L23,https://pypi.org/project/aiperf/,Unchanged,N/A,N/A,Yes,No,Installed from Git (ai-dynamo/aiperf)
shared,Python Git Package,Aiperf,70af59489df2,recipes/llama-3-70b/vllm/disagg-multi-node/perf.yaml,https://github.com/ai-dynamo/dynamo/blob/main/recipes/llama-3-70b/vllm/disagg-multi-node/perf.yaml#L23,https://pypi.org/project/aiperf/,Unchanged,N/A,N/A,Yes,No,Installed from Git (ai-dynamo/aiperf)
shared,Python Git Package,Aiperf,70af59489df2,recipes/llama-3-70b/vllm/disagg-single-node/perf.yaml,https://github.com/ai-dynamo/dynamo/blob/main/recipes/llama-3-70b/vllm/disagg-single-node/perf.yaml#L23,https://pypi.org/project/aiperf/,Unchanged,N/A,N/A,Yes,No,Installed from Git (ai-dynamo/aiperf)
shared,Python Git Package,Aiperf,70af59489df2,recipes/gpt-oss-120b/trtllm/agg/perf.yaml,https://github.com/ai-dynamo/dynamo/blob/main/recipes/gpt-oss-120b/trtllm/agg/perf.yaml#L32,https://pypi.org/project/aiperf/,Unchanged,N/A,N/A,Yes,Yes,Installed from Git (ai-dynamo/aiperf)
shared,Docker Compose Service,bitnamilegacy/etcd,3.6.1,deploy/docker-compose.yml,N/A,https://hub.docker.com/r/bitnamilegacy/etcd,Unchanged,N/A,N/A,Yes,No,Docker Compose service
shared,Helm Chart Dependency,Dynamo Operator,0.5.0,deploy/cloud/helm/platform/Chart.yaml,N/A,https://artifacthub.io/packages/search?ts_query_web=dynamo-operator,Unchanged,N/A,N/A,Yes,No,Local Helm chart
shared,Helm Chart Dependency,etcd,12.0.18,deploy/cloud/helm/platform/Chart.yaml,N/A,https://artifacthub.io/packages/search?ts_query_web=etcd,Unchanged,N/A,N/A,Yes,No,Helm chart from charts.bitnami.com
shared,Python Package,Genai Perf,==0.0.15,container/deps/requirements.txt,https://github.com/ai-dynamo/dynamo/blob/main/container/deps/requirements.txt#L11,https://pypi.org/project/genai-perf/,Unchanged,N/A,N/A,Yes,No,Python package from requirements.txt
shared,Helm Chart Dependency,Grove Charts,v0.1.0-alpha.3,deploy/cloud/helm/platform/Chart.yaml,N/A,https://artifacthub.io/packages/search?ts_query_web=grove-charts,Unchanged,N/A,N/A,Yes,Yes,Helm chart from OCI registry
shared,Helm Chart Dependency,Kai Scheduler,v0.9.4,deploy/cloud/helm/platform/Chart.yaml,N/A,https://artifacthub.io/packages/search?ts_query_web=kai-scheduler,Unchanged,N/A,N/A,Yes,Yes,Helm chart from OCI registry
shared,Python Package,Kubernetes,==32.0.1,container/deps/requirements.txt,https://github.com/ai-dynamo/dynamo/blob/main/container/deps/requirements.txt#L15,https://pypi.org/project/kubernetes/,Unchanged,N/A,N/A,Yes,No,Python package from requirements.txt
shared,Python Package,Kubernetes,">=32.0.1,<33.0.0",pyproject.toml,https://github.com/ai-dynamo/dynamo/blob/main/pyproject.toml#L19,https://pypi.org/project/kubernetes/,Unchanged,N/A,N/A,Yes,No,From pyproject.toml
shared,Python Package,Kubernetes_asyncio,unspecified,container/deps/requirements.txt,https://github.com/ai-dynamo/dynamo/blob/main/container/deps/requirements.txt#L16,https://pypi.org/project/kubernetes_asyncio/,Unchanged,N/A,N/A,Yes,No,Python package from requirements.txt
shared,Docker Compose Service,NATS,2.11.4,deploy/docker-compose.yml,N/A,N/A,Unchanged,N/A,N/A,Yes,No,Docker Compose service
shared,Helm Chart Dependency,NATS,1.3.2,deploy/cloud/helm/platform/Chart.yaml,N/A,https://artifacthub.io/packages/search?ts_query_web=nats,Unchanged,N/A,N/A,Yes,No,Helm chart from nats-io.github.io
shared,Python Package (Test),NATS-py,unspecified,container/deps/requirements.test.txt,https://github.com/ai-dynamo/dynamo/blob/main/container/deps/requirements.test.txt#L19,https://pypi.org/project/nats-py/,Unchanged,N/A,N/A,Yes,No,Python package from requirements.test.txt
shared,Docker Compose Service,NATSio/prometheus-NATS-exporter,0.17.3,deploy/docker-compose.yml,N/A,https://hub.docker.com/r/NATSio/prometheus-NATS-exporter,Unchanged,N/A,N/A,Yes,No,Docker Compose service
shared,System,Nixl,0.6.0,container/Dockerfile,https://github.com/ai-dynamo/dynamo/blob/main/container/Dockerfile#L41,N/A,Unchanged,N/A,N/A,Yes,No,Dockerfile build argument
shared,Python Package (vllm),Nixl,<=0.6.0,pyproject.toml,https://github.com/ai-dynamo/dynamo/blob/main/pyproject.toml#L57,https://pypi.org/project/nixl/,Unchanged,N/A,N/A,Yes,No,From pyproject.toml
shared,Python Package (sglang),Nixl,<=0.6.0,pyproject.toml,https://github.com/ai-dynamo/dynamo/blob/main/pyproject.toml#L63,https://pypi.org/project/nixl/,Unchanged,N/A,N/A,Yes,No,From pyproject.toml
shared,Base Image,NVIDIA CUDA-dl-base,25.01-cuda12.8-devel-ubuntu24.04,container/Dockerfile,https://github.com/ai-dynamo/dynamo/blob/main/container/Dockerfile#L50,https://catalog.ngc.nvidia.com/orgs/nvidia/containers/nvidia cuda-dl-base,Unchanged,N/A,N/A,Yes,Yes,Build/Runtime base image
shared,Framework,Python,3.12,container/Dockerfile,https://github.com/ai-dynamo/dynamo/blob/main/container/Dockerfile#L44,https://www.python.org/downloads/,Unchanged,N/A,N/A,Yes,No,Dockerfile build argument
shared,Language,Rust,1.90.0,rust-toolchain.toml,N/A,https://www.rust-lang.org/tools/install,Unchanged,N/A,N/A,Yes,No,Rust toolchain version
shared,Python Package (sglang),Sglang [all],==0.5.3.post2,pyproject.toml,https://github.com/ai-dynamo/dynamo/blob/main/pyproject.toml#L64,https://pypi.org/project/sglang/,Unchanged,N/A,N/A,Yes,No,From pyproject.toml
shared,Python Package (Standard),Ucx PY Cu12,unspecified,container/deps/requirements.standard.txt,https://github.com/ai-dynamo/dynamo/blob/main/container/deps/requirements.standard.txt#L16,https://pypi.org/project/ucx-py-cu12/,Unchanged,N/A,N/A,Yes,No,Python package from requirements.standard.txt
shared,Python Package,Uvicorn,unspecified,container/deps/requirements.txt,https://github.com/ai-dynamo/dynamo/blob/main/container/deps/requirements.txt#L41,https://pypi.org/project/uvicorn/,Unchanged,N/A,N/A,Yes,No,Python package from requirements.txt
shared,Python Package (vllm),Vllm [flashinfer],==0.10.2,pyproject.toml,https://github.com/ai-dynamo/dynamo/blob/main/pyproject.toml#L58,https://pypi.org/project/vllm/,Unchanged,N/A,N/A,Yes,No,From pyproject.toml
shared,Python Package (docs),Ablog,>=0.11,pyproject.toml,https://github.com/ai-dynamo/dynamo/blob/main/pyproject.toml#L73,https://pypi.org/project/ablog/,Unchanged,N/A,N/A,No,No,From pyproject.toml
shared,Python Package,Accelerate,==1.6.0,container/deps/requirements.txt,https://github.com/ai-dynamo/dynamo/blob/main/container/deps/requirements.txt#L4,https://pypi.org/project/accelerate/,Unchanged,N/A,N/A,No,No,Python package from requirements.txt
shared,Project,AI Dynamo,0.6.0,pyproject.toml,https://github.com/ai-dynamo/dynamo/blob/main/pyproject.toml#L6,N/A,Unchanged,N/A,N/A,No,No,Project version
shared,Python Package,AI Dynamo Runtime,==0.6.0,pyproject.toml,https://github.com/ai-dynamo/dynamo/blob/main/pyproject.toml#L16,https://pypi.org/project/ai-dynamo-runtime/,Unchanged,N/A,N/A,No,No,From pyproject.toml
shared,Python Package,Aiconfigurator,unspecified,container/deps/requirements.txt,https://github.com/ai-dynamo/dynamo/blob/main/container/deps/requirements.txt#L5,https://pypi.org/project/aiconfigurator/,Unchanged,N/A,N/A,No,No,Python package from requirements.txt
shared,Python Package,Aiconfigurator,unspecified,benchmarks/pyproject.toml,https://github.com/ai-dynamo/dynamo/blob/main/benchmarks/pyproject.toml#L43,https://pypi.org/project/aiconfigurator/,Unchanged,N/A,N/A,No,No,From pyproject.toml
shared,Python Package,Aiofiles,unspecified,container/deps/requirements.txt,https://github.com/ai-dynamo/dynamo/blob/main/container/deps/requirements.txt#L6,https://pypi.org/project/aiofiles/,Unchanged,N/A,N/A,No,No,Python package from requirements.txt
shared,Python Package,Av,==15.0.0,container/deps/requirements.txt,https://github.com/ai-dynamo/dynamo/blob/main/container/deps/requirements.txt#L8,https://pypi.org/project/av/,Unchanged,N/A,N/A,No,No,Python package from requirements.txt
shared,Base Image,Base,latest,container/Dockerfile,https://github.com/ai-dynamo/dynamo/blob/main/container/Dockerfile#L363,N/A,Unchanged,N/A,N/A,No,No,Build/Runtime base image
shared,Framework,Base Image,25.01-cuda12.8-devel-ubuntu24.04,container/Dockerfile,https://github.com/ai-dynamo/dynamo/blob/main/container/Dockerfile#L15,N/A,Unchanged,N/A,N/A,No,No,Dockerfile build argument
shared,Python Package,Click,<8.2.0,pyproject.toml,https://github.com/ai-dynamo/dynamo/blob/main/pyproject.toml#L25,https://pypi.org/project/click/,Unchanged,N/A,N/A,No,No,From pyproject.toml
shared,Project,Data Generator,0.1.0,benchmarks/pyproject.toml,https://github.com/ai-dynamo/dynamo/blob/main/benchmarks/pyproject.toml#L18,N/A,Unchanged,N/A,N/A,No,No,Project version
shared,Python Package (Test),Datasets,unspecified,container/deps/requirements.test.txt,https://github.com/ai-dynamo/dynamo/blob/main/container/deps/requirements.test.txt#L17,https://pypi.org/project/datasets/,Unchanged,N/A,N/A,No,No,Python package from requirements.test.txt
shared,Python Package,Distro,unspecified,pyproject.toml,https://github.com/ai-dynamo/dynamo/blob/main/pyproject.toml#L21,https://pypi.org/project/distro/,Unchanged,N/A,N/A,No,No,From pyproject.toml
shared,Helm Chart,Dynamo Graph,0.6.0,deploy/helm/chart/Chart.yaml,N/A,https://artifacthub.io/packages/search?ts_query_web=dynamo-graph,Unchanged,N/A,N/A,No,No,Helm chart version
shared,Helm Chart,Dynamo Platform,0.6.0,deploy/cloud/helm/platform/Chart.yaml,N/A,https://artifacthub.io/packages/search?ts_query_web=dynamo-platform,Unchanged,N/A,N/A,No,No,Helm chart version
shared,Python Package,FastAPI,==0.115.12,container/deps/requirements.txt,https://github.com/ai-dynamo/dynamo/blob/main/container/deps/requirements.txt#L9,https://pypi.org/project/fastapi/,Unchanged,N/A,N/A,No,No,Python package from requirements.txt
shared,Python Package,FastAPI,>=0.115.0,pyproject.toml,https://github.com/ai-dynamo/dynamo/blob/main/pyproject.toml#L20,https://pypi.org/project/fastapi/,Unchanged,N/A,N/A,No,No,From pyproject.toml
shared,Python Package,Filelock,unspecified,pyproject.toml,https://github.com/ai-dynamo/dynamo/blob/main/pyproject.toml#L23,https://pypi.org/project/filelock/,Unchanged,N/A,N/A,No,No,From pyproject.toml
shared,Python Package,Ftfy,unspecified,container/deps/requirements.txt,https://github.com/ai-dynamo/dynamo/blob/main/container/deps/requirements.txt#L10,https://pypi.org/project/ftfy/,Unchanged,N/A,N/A,No,No,Python package from requirements.txt
shared,Docker Compose Service,Grafana/grafana Enterprise,12.0.1,deploy/docker-compose.yml,N/A,https://hub.docker.com/r/Grafana/grafana Enterprise,Unchanged,N/A,N/A,No,No,Docker Compose service
shared,Python Package,gRPCio-tools,==1.66.0,container/deps/requirements.txt,https://github.com/ai-dynamo/dynamo/blob/main/container/deps/requirements.txt#L12,https://pypi.org/project/grpcio-tools/,Unchanged,N/A,N/A,No,No,Python package from requirements.txt
shared,Python Package,HTTPX,unspecified,container/deps/requirements.txt,https://github.com/ai-dynamo/dynamo/blob/main/container/deps/requirements.txt#L13,https://pypi.org/project/httpx/,Unchanged,N/A,N/A,No,No,Python package from requirements.txt
shared,Python Package,Kr8s,unspecified,container/deps/requirements.txt,https://github.com/ai-dynamo/dynamo/blob/main/container/deps/requirements.txt#L14,https://pypi.org/project/kr8s/,Unchanged,N/A,N/A,No,No,Python package from requirements.txt
shared,Base Image,Manylinux 2 28 X86 64,latest,container/Dockerfile,https://github.com/ai-dynamo/dynamo/blob/main/container/Dockerfile#L276,N/A,Unchanged,N/A,N/A,No,No,Build/Runtime base image
shared,Python Package,Matplotlib,unspecified,container/deps/requirements.txt,https://github.com/ai-dynamo/dynamo/blob/main/container/deps/requirements.txt#L17,https://pypi.org/project/matplotlib/,Unchanged,N/A,N/A,No,No,Python package from requirements.txt
shared,Python Package,Msgspec,unspecified,container/deps/requirements.txt,https://github.com/ai-dynamo/dynamo/blob/main/container/deps/requirements.txt#L18,https://pypi.org/project/msgspec/,Unchanged,N/A,N/A,No,No,Python package from requirements.txt
shared,Python Package,mypy,unspecified,container/deps/requirements.txt,https://github.com/ai-dynamo/dynamo/blob/main/container/deps/requirements.txt#L19,https://pypi.org/project/mypy/,Unchanged,N/A,N/A,No,No,Python package from requirements.txt
shared,Python Package (docs),Myst NB,>=1.2,pyproject.toml,https://github.com/ai-dynamo/dynamo/blob/main/pyproject.toml#L84,https://pypi.org/project/myst-nb/,Unchanged,N/A,N/A,No,No,From pyproject.toml
shared,Python Package (docs),Myst Parser,>=4.0,pyproject.toml,https://github.com/ai-dynamo/dynamo/blob/main/pyproject.toml#L83,https://pypi.org/project/myst-parser/,Unchanged,N/A,N/A,No,No,From pyproject.toml
shared,Python Package (docs),Nbsphinx,>=0.9,pyproject.toml,https://github.com/ai-dynamo/dynamo/blob/main/pyproject.toml#L85,https://pypi.org/project/nbsphinx/,Unchanged,N/A,N/A,No,No,From pyproject.toml
shared,Python Package,Networkx,unspecified,benchmarks/pyproject.toml,https://github.com/ai-dynamo/dynamo/blob/main/benchmarks/pyproject.toml#L44,https://pypi.org/project/networkx/,Unchanged,N/A,N/A,No,No,From pyproject.toml
shared,Python Package,NVIDIA-ml-py,==13.580.65,container/deps/requirements.txt,https://github.com/ai-dynamo/dynamo/blob/main/container/deps/requirements.txt#L20,https://pypi.org/project/nvidia-ml-py/,Unchanged,N/A,N/A,No,Yes,Python package from requirements.txt
shared,Python Package (docs),NVIDIA-sphinx-theme,>=0.0.8,pyproject.toml,https://github.com/ai-dynamo/dynamo/blob/main/pyproject.toml#L71,https://pypi.org/project/nvidia-sphinx-theme/,Unchanged,N/A,N/A,No,Yes,From pyproject.toml
shared,Docker Compose Service,NVIDIA/dcgm-exporter,4.2.3-4.1.3-ubi9,deploy/docker-compose.yml,N/A,https://catalog.ngc.nvidia.com/orgs/nvidia/containers/dcgm-exporter,Unchanged,N/A,N/A,No,Yes,Docker Compose service
shared,Python Package,Opentelemetry Api,unspecified,container/deps/requirements.txt,https://github.com/ai-dynamo/dynamo/blob/main/container/deps/requirements.txt#L21,https://pypi.org/project/opentelemetry-api/,Unchanged,N/A,N/A,No,No,Python package from requirements.txt
shared,Python Package,Opentelemetry Sdk,unspecified,container/deps/requirements.txt,https://github.com/ai-dynamo/dynamo/blob/main/container/deps/requirements.txt#L22,https://pypi.org/project/opentelemetry-sdk/,Unchanged,N/A,N/A,No,No,Python package from requirements.txt
shared,Python Package,Pandas,unspecified,benchmarks/pyproject.toml,https://github.com/ai-dynamo/dynamo/blob/main/benchmarks/pyproject.toml#L45,https://pypi.org/project/pandas/,Unchanged,N/A,N/A,No,No,From pyproject.toml
shared,Python Package,Pip,unspecified,container/deps/requirements.txt,https://github.com/ai-dynamo/dynamo/blob/main/container/deps/requirements.txt#L23,https://pypi.org/project/pip/,Unchanged,N/A,N/A,No,No,Python package from requirements.txt
shared,Python Package,Pmdarima,unspecified,container/deps/requirements.txt,https://github.com/ai-dynamo/dynamo/blob/main/container/deps/requirements.txt#L24,https://pypi.org/project/pmdarima/,Unchanged,N/A,N/A,No,No,Python package from requirements.txt
shared,Python Package,Pre Commit,unspecified,container/deps/requirements.txt,https://github.com/ai-dynamo/dynamo/blob/main/container/deps/requirements.txt#L25,https://pypi.org/project/pre-commit/,Unchanged,N/A,N/A,No,No,Python package from requirements.txt
shared,Docker Compose Service,Prom/prometheus,v3.4.1,deploy/docker-compose.yml,N/A,https://hub.docker.com/r/Prom/prometheus,Unchanged,N/A,N/A,No,No,Docker Compose service
shared,Python Package,Prometheus Api Client,unspecified,container/deps/requirements.txt,https://github.com/ai-dynamo/dynamo/blob/main/container/deps/requirements.txt#L26,https://pypi.org/project/prometheus-api-client/,Unchanged,N/A,N/A,No,No,Python package from requirements.txt
shared,Python Package,Prometheus Client,unspecified,container/deps/requirements.txt,https://github.com/ai-dynamo/dynamo/blob/main/container/deps/requirements.txt#L27,https://pypi.org/project/prometheus-client/,Unchanged,N/A,N/A,No,No,Python package from requirements.txt
shared,Python Package,Prometheus Client,">=0.23.1,<1.0",pyproject.toml,https://github.com/ai-dynamo/dynamo/blob/main/pyproject.toml#L27,https://pypi.org/project/prometheus-client/,Unchanged,N/A,N/A,No,No,From pyproject.toml
shared,Python Package,Prophet,unspecified,container/deps/requirements.txt,https://github.com/ai-dynamo/dynamo/blob/main/container/deps/requirements.txt#L28,https://pypi.org/project/prophet/,Unchanged,N/A,N/A,No,No,Python package from requirements.txt
shared,Python Package,Protocol Buffers,==5.29.5,container/deps/requirements.txt,https://github.com/ai-dynamo/dynamo/blob/main/container/deps/requirements.txt#L29,https://pypi.org/project/protocol-buffers/,Unchanged,N/A,N/A,No,No,Python package from requirements.txt
shared,Python Package (Test),Psutil,>=5.0.0,container/deps/requirements.test.txt,https://github.com/ai-dynamo/dynamo/blob/main/container/deps/requirements.test.txt#L20,https://pypi.org/project/psutil/,Unchanged,N/A,N/A,No,No,Python package from requirements.test.txt
shared,Python Package,Pydantic,>=2.10.6,container/deps/requirements.txt,https://github.com/ai-dynamo/dynamo/blob/main/container/deps/requirements.txt#L30,https://pypi.org/project/pydantic/,Unchanged,N/A,N/A,No,No,Python package from requirements.txt
shared,Python Package,Pydantic,>=2,benchmarks/pyproject.toml,https://github.com/ai-dynamo/dynamo/blob/main/benchmarks/pyproject.toml#L46,https://pypi.org/project/pydantic/,Unchanged,N/A,N/A,No,No,From pyproject.toml
shared,Python Package (Test),Pyright,unspecified,container/deps/requirements.test.txt,https://github.com/ai-dynamo/dynamo/blob/main/container/deps/requirements.test.txt#L21,https://pypi.org/project/pyright/,Unchanged,N/A,N/A,No,No,Python package from requirements.test.txt
shared,Python Package,Pyright,unspecified,container/deps/requirements.txt,https://github.com/ai-dynamo/dynamo/blob/main/container/deps/requirements.txt#L31,https://pypi.org/project/pyright/,Unchanged,N/A,N/A,No,No,Python package from requirements.txt
shared,Python Package (Test),pytest,unspecified,container/deps/requirements.test.txt,https://github.com/ai-dynamo/dynamo/blob/main/container/deps/requirements.test.txt#L22,https://pypi.org/project/pytest/,Unchanged,N/A,N/A,No,No,Python package from requirements.test.txt
shared,Python Package,pytest,>=8.3.4,pyproject.toml,https://github.com/ai-dynamo/dynamo/blob/main/pyproject.toml#L17,https://pypi.org/project/pytest/,Unchanged,N/A,N/A,No,No,From pyproject.toml
shared,Python Package (Test),pytest-asyncio,unspecified,container/deps/requirements.test.txt,https://github.com/ai-dynamo/dynamo/blob/main/container/deps/requirements.test.txt#L23,https://pypi.org/project/pytest-asyncio/,Unchanged,N/A,N/A,No,No,Python package from requirements.test.txt
shared,Python Package (Test),pytest-benchmark,unspecified,container/deps/requirements.test.txt,https://github.com/ai-dynamo/dynamo/blob/main/container/deps/requirements.test.txt#L24,https://pypi.org/project/pytest-benchmark/,Unchanged,N/A,N/A,No,No,Python package from requirements.test.txt
shared,Python Package (Test),pytest-codeblocks,unspecified,container/deps/requirements.test.txt,https://github.com/ai-dynamo/dynamo/blob/main/container/deps/requirements.test.txt#L25,https://pypi.org/project/pytest-codeblocks/,Unchanged,N/A,N/A,No,No,Python package from requirements.test.txt
shared,Python Package (Test),pytest-cov,unspecified,container/deps/requirements.test.txt,https://github.com/ai-dynamo/dynamo/blob/main/container/deps/requirements.test.txt#L26,https://pypi.org/project/pytest-cov/,Unchanged,N/A,N/A,No,No,Python package from requirements.test.txt
shared,Python Package (Test),pytest-forked,unspecified,container/deps/requirements.test.txt,https://github.com/ai-dynamo/dynamo/blob/main/container/deps/requirements.test.txt#L27,https://pypi.org/project/pytest-forked/,Unchanged,N/A,N/A,No,No,Python package from requirements.test.txt
shared,Python Package (Test),pytest-md-report,unspecified,container/deps/requirements.test.txt,https://github.com/ai-dynamo/dynamo/blob/main/container/deps/requirements.test.txt#L28,https://pypi.org/project/pytest-md-report/,Unchanged,N/A,N/A,No,No,Python package from requirements.test.txt
shared,Python Package (Test),pytest-mypy,unspecified,container/deps/requirements.test.txt,https://github.com/ai-dynamo/dynamo/blob/main/container/deps/requirements.test.txt#L29,https://pypi.org/project/pytest-mypy/,Unchanged,N/A,N/A,No,No,Python package from requirements.test.txt
shared,Python Package,pytest-mypy,unspecified,benchmarks/pyproject.toml,https://github.com/ai-dynamo/dynamo/blob/main/benchmarks/pyproject.toml#L50,https://pypi.org/project/pytest-mypy/,Unchanged,N/A,N/A,No,No,From pyproject.toml
shared,Python Package (Test),pytest-timeout,unspecified,container/deps/requirements.test.txt,https://github.com/ai-dynamo/dynamo/blob/main/container/deps/requirements.test.txt#L30,https://pypi.org/project/pytest-timeout/,Unchanged,N/A,N/A,No,No,Python package from requirements.test.txt
shared,Python Package,PyYAML,unspecified,container/deps/requirements.txt,https://github.com/ai-dynamo/dynamo/blob/main/container/deps/requirements.txt#L32,https://pypi.org/project/pyyaml/,Unchanged,N/A,N/A,No,No,Python package from requirements.txt
shared,Python Package,Scikit Learn,unspecified,container/deps/requirements.txt,https://github.com/ai-dynamo/dynamo/blob/main/container/deps/requirements.txt#L33,https://pypi.org/project/scikit-learn/,Unchanged,N/A,N/A,No,No,Python package from requirements.txt
shared,Python Package,Scipy,<1.14.0,container/deps/requirements.txt,https://github.com/ai-dynamo/dynamo/blob/main/container/deps/requirements.txt#L34,https://pypi.org/project/scipy/,Unchanged,N/A,N/A,No,No,Python package from requirements.txt
shared,Python Package,Sentencepiece,unspecified,container/deps/requirements.txt,https://github.com/ai-dynamo/dynamo/blob/main/container/deps/requirements.txt#L35,https://pypi.org/project/sentencepiece/,Unchanged,N/A,N/A,No,No,Python package from requirements.txt
shared,Python Package,Setuptools,unspecified,pyproject.toml,https://github.com/ai-dynamo/dynamo/blob/main/pyproject.toml#L26,https://pypi.org/project/setuptools/,Unchanged,N/A,N/A,No,No,From pyproject.toml
shared,Python Package (docs),Sphinx,>=8.1,pyproject.toml,https://github.com/ai-dynamo/dynamo/blob/main/pyproject.toml#L70,https://pypi.org/project/sphinx/,Unchanged,N/A,N/A,No,No,From pyproject.toml
shared,Python Package (docs),Sphinx Book Theme,>=1.1,pyproject.toml,https://github.com/ai-dynamo/dynamo/blob/main/pyproject.toml#L79,https://pypi.org/project/sphinx-book-theme/,Unchanged,N/A,N/A,No,No,From pyproject.toml
shared,Python Package (docs),Sphinx Copybutton,>=0.5,pyproject.toml,https://github.com/ai-dynamo/dynamo/blob/main/pyproject.toml#L74,https://pypi.org/project/sphinx-copybutton/,Unchanged,N/A,N/A,No,No,From pyproject.toml
shared,Python Package (docs),Sphinx Design,>=0.6,pyproject.toml,https://github.com/ai-dynamo/dynamo/blob/main/pyproject.toml#L75,https://pypi.org/project/sphinx-design/,Unchanged,N/A,N/A,No,No,From pyproject.toml
shared,Python Package (docs),Sphinx Prompt,>=1.9,pyproject.toml,https://github.com/ai-dynamo/dynamo/blob/main/pyproject.toml#L76,https://pypi.org/project/sphinx-prompt/,Unchanged,N/A,N/A,No,No,From pyproject.toml
shared,Python Package (docs),Sphinx Sitemap,>=2.6,pyproject.toml,https://github.com/ai-dynamo/dynamo/blob/main/pyproject.toml#L77,https://pypi.org/project/sphinx-sitemap/,Unchanged,N/A,N/A,No,No,From pyproject.toml
shared,Python Package (docs),Sphinx Tabs,>=3.4,pyproject.toml,https://github.com/ai-dynamo/dynamo/blob/main/pyproject.toml#L78,https://pypi.org/project/sphinx-tabs/,Unchanged,N/A,N/A,No,No,From pyproject.toml
shared,Python Package (docs),Sphinxcontrib Bibtex,>=2.6,pyproject.toml,https://github.com/ai-dynamo/dynamo/blob/main/pyproject.toml#L81,https://pypi.org/project/sphinxcontrib-bibtex/,Unchanged,N/A,N/A,No,No,From pyproject.toml
shared,Python Package (docs),Sphinxcontrib Mermaid,>=1.0,pyproject.toml,https://github.com/ai-dynamo/dynamo/blob/main/pyproject.toml#L80,https://pypi.org/project/sphinxcontrib-mermaid/,Unchanged,N/A,N/A,No,No,From pyproject.toml
shared,Python Package,Tabulate,unspecified,benchmarks/pyproject.toml,https://github.com/ai-dynamo/dynamo/blob/main/benchmarks/pyproject.toml#L47,https://pypi.org/project/tabulate/,Unchanged,N/A,N/A,No,No,From pyproject.toml
shared,Python Package,Tensorboard,==2.19.0,container/deps/requirements.txt,https://github.com/ai-dynamo/dynamo/blob/main/container/deps/requirements.txt#L36,https://pypi.org/project/tensorboard/,Unchanged,N/A,N/A,No,No,Python package from requirements.txt
shared,Python Package,tensorboard X,==2.6.2.2,container/deps/requirements.txt,https://github.com/ai-dynamo/dynamo/blob/main/container/deps/requirements.txt#L37,https://pypi.org/project/tensorboard-x/,Unchanged,N/A,N/A,No,No,Python package from requirements.txt
shared,Python Package,Transformers,unspecified,container/deps/requirements.txt,https://github.com/ai-dynamo/dynamo/blob/main/container/deps/requirements.txt#L38,https://pypi.org/project/transformers/,Unchanged,N/A,N/A,No,No,Python package from requirements.txt
shared,Python Package,Transformers,unspecified,benchmarks/pyproject.toml,https://github.com/ai-dynamo/dynamo/blob/main/benchmarks/pyproject.toml#L49,https://pypi.org/project/transformers/,Unchanged,N/A,N/A,No,No,From pyproject.toml
shared,Note,Transitive Dependencies,N/A,N/A,N/A,N/A,Unchanged,N/A,N/A,No,Yes,"Transitive dependencies from vLLM, SGLang, and TensorRT-LLM are NOT captured in this CSV. These frameworks have their own dependency trees that would need to be extracted separately."
shared,Python Package,Typer,unspecified,pyproject.toml,https://github.com/ai-dynamo/dynamo/blob/main/pyproject.toml#L24,https://pypi.org/project/typer/,Unchanged,N/A,N/A,No,No,From pyproject.toml
shared,Python Package,Types Aiofiles,unspecified,container/deps/requirements.txt,https://github.com/ai-dynamo/dynamo/blob/main/container/deps/requirements.txt#L39,https://pypi.org/project/types-aiofiles/,Unchanged,N/A,N/A,No,No,Python package from requirements.txt
shared,Python Package,Types Psutil,>=7.0.0.20250218,pyproject.toml,https://github.com/ai-dynamo/dynamo/blob/main/pyproject.toml#L18,https://pypi.org/project/types-psutil/,Unchanged,N/A,N/A,No,No,From pyproject.toml
shared,Python Package (Test),Types Requests,unspecified,container/deps/requirements.test.txt,https://github.com/ai-dynamo/dynamo/blob/main/container/deps/requirements.test.txt#L33,https://pypi.org/project/types-requests/,Unchanged,N/A,N/A,No,No,Python package from requirements.test.txt
shared,Python Package,Types Tabulate,unspecified,benchmarks/pyproject.toml,https://github.com/ai-dynamo/dynamo/blob/main/benchmarks/pyproject.toml#L48,https://pypi.org/project/types-tabulate/,Unchanged,N/A,N/A,No,No,From pyproject.toml
shared,Python Package (Test),types-PyYAML,unspecified,container/deps/requirements.test.txt,https://github.com/ai-dynamo/dynamo/blob/main/container/deps/requirements.test.txt#L32,https://pypi.org/project/types-pyyaml/,Unchanged,N/A,N/A,No,No,Python package from requirements.test.txt
shared,Python Package,types-PyYAML,unspecified,container/deps/requirements.txt,https://github.com/ai-dynamo/dynamo/blob/main/container/deps/requirements.txt#L40,https://pypi.org/project/types-pyyaml/,Unchanged,N/A,N/A,No,No,Python package from requirements.txt
shared,Python Package (vllm),Uvloop,unspecified,pyproject.toml,https://github.com/ai-dynamo/dynamo/blob/main/pyproject.toml#L56,https://pypi.org/project/uvloop/,Unchanged,N/A,N/A,No,No,From pyproject.toml
shared,Python Package (sglang),Uvloop,unspecified,pyproject.toml,https://github.com/ai-dynamo/dynamo/blob/main/pyproject.toml#L62,https://pypi.org/project/uvloop/,Unchanged,N/A,N/A,No,No,From pyproject.toml
