model_key	model_label	model_id	run_id	worker_pod	lane	label	parent	relationship	source	confidence	start_s_after_container	end_s_after_container	duration_s	start_iso	end_iso
qwen3-06b	Qwen3 0.6B	Qwen/Qwen3-0.6B	cold-qwen3-06b-0501002346	cold-qwen3-06b-0501002346-worker-f105028e-758d569ddb-78ktt	critical_path	Container start -> first Python/vLLM log		additive	k8s.container.startedAt + worker log	coarse-start	0.000	5.615	5.615	2026-05-01T00:23:59.000Z	2026-05-01T00:24:04.615Z
qwen3-06b	Qwen3 0.6B	Qwen/Qwen3-0.6B	cold-qwen3-06b-0501002346	cold-qwen3-06b-0501002346-worker-f105028e-758d569ddb-78ktt	critical_path	Main-process vLLM platform detection		additive	vllm.platforms	measured	5.615	5.677	0.062	2026-05-01T00:24:04.615Z	2026-05-01T00:24:04.677Z
qwen3-06b	Qwen3 0.6B	Qwen/Qwen3-0.6B	cold-qwen3-06b-0501002346	cold-qwen3-06b-0501002346-worker-f105028e-758d569ddb-78ktt	critical_path	Python import / Dynamo module load gap		additive	log gap before dynamo.nixl_connect	inferred-gap	5.677	14.617	8.940	2026-05-01T00:24:04.677Z	2026-05-01T00:24:13.617Z
qwen3-06b	Qwen3 0.6B	Qwen/Qwen3-0.6B	cold-qwen3-06b-0501002346	cold-qwen3-06b-0501002346-worker-f105028e-758d569ddb-78ktt	critical_path	Dynamo CLI/config parse to offline model path		additive	arg_utils.__post_init__	inferred-gap	14.617	15.264	0.647	2026-05-01T00:24:13.617Z	2026-05-01T00:24:14.264Z
qwen3-06b	Qwen3 0.6B	Qwen/Qwen3-0.6B	cold-qwen3-06b-0501002346	cold-qwen3-06b-0501002346-worker-f105028e-758d569ddb-78ktt	critical_path	HF cache local path check		additive	dynamo_llm::hub	measured-but-not-blog-critical	15.264	15.629	0.365	2026-05-01T00:24:14.264Z	2026-05-01T00:24:14.629Z
qwen3-06b	Qwen3 0.6B	Qwen/Qwen3-0.6B	cold-qwen3-06b-0501002346	cold-qwen3-06b-0501002346-worker-f105028e-758d569ddb-78ktt	critical_path	Runtime/discovery/status-server bootstrap		additive	Dynamo runtime logs	measured	15.629	15.643	0.014	2026-05-01T00:24:14.629Z	2026-05-01T00:24:14.643Z
qwen3-06b	Qwen3 0.6B	Qwen/Qwen3-0.6B	cold-qwen3-06b-0501002346	cold-qwen3-06b-0501002346-worker-f105028e-758d569ddb-78ktt	critical_path	vLLM model-class inspection		additive	registry.inspect_model_cls	measured	15.658	26.071	10.413	2026-05-01T00:24:14.658Z	2026-05-01T00:24:25.071Z
qwen3-06b	Qwen3 0.6B	Qwen/Qwen3-0.6B	cold-qwen3-06b-0501002346	cold-qwen3-06b-0501002346-worker-f105028e-758d569ddb-78ktt	critical_path	vLLM engine config, tokenizer, renderer, child spawn		additive	create_engine_config + tokenizer/renderer + AsyncLLM child spawn	inferred-gap	26.071	32.017	5.946	2026-05-01T00:24:25.071Z	2026-05-01T00:24:31.017Z
qwen3-06b	Qwen3 0.6B	Qwen/Qwen3-0.6B	cold-qwen3-06b-0501002346	cold-qwen3-06b-0501002346-worker-f105028e-758d569ddb-78ktt	critical_path	EngineCore child Python/bootstrap		additive	EngineCore logs	measured	32.017	32.938	0.921	2026-05-01T00:24:31.017Z	2026-05-01T00:24:31.938Z
qwen3-06b	Qwen3 0.6B	Qwen/Qwen3-0.6B	cold-qwen3-06b-0501002346	cold-qwen3-06b-0501002346-worker-f105028e-758d569ddb-78ktt	critical_path	EngineCore pre-load setup		additive	EngineCore setup before worker.load_model	inferred-gap	32.938	35.905	2.967	2026-05-01T00:24:31.938Z	2026-05-01T00:24:34.905Z
qwen3-06b	Qwen3 0.6B	Qwen/Qwen3-0.6B	cold-qwen3-06b-0501002346	cold-qwen3-06b-0501002346-worker-f105028e-758d569ddb-78ktt	vllm_parent	Model load total		parent	worker.load_model	instrumented	35.905	36.973	1.068	2026-05-01T00:24:34.905Z	2026-05-01T00:24:35.973Z
qwen3-06b	Qwen3 0.6B	Qwen/Qwen3-0.6B	cold-qwen3-06b-0501002346	cold-qwen3-06b-0501002346-worker-f105028e-758d569ddb-78ktt	vllm_parent	KV/profile/warmup total		parent	engine.initialize_kv_caches_total	instrumented	36.974	58.315	21.341	2026-05-01T00:24:35.973Z	2026-05-01T00:24:57.315Z
qwen3-06b	Qwen3 0.6B	Qwen/Qwen3-0.6B	cold-qwen3-06b-0501002346	cold-qwen3-06b-0501002346-worker-f105028e-758d569ddb-78ktt	vllm_child	Determine available memory total	KV/profile/warmup total	nested	worker.determine_available_memory_total	instrumented	36.974	55.286	18.312	2026-05-01T00:24:35.973Z	2026-05-01T00:24:54.286Z
qwen3-06b	Qwen3 0.6B	Qwen/Qwen3-0.6B	cold-qwen3-06b-0501002346	cold-qwen3-06b-0501002346-worker-f105028e-758d569ddb-78ktt	vllm_child	Profile run	Determine available memory total	nested	worker.profile_run	instrumented	37.107	54.404	17.297	2026-05-01T00:24:36.106Z	2026-05-01T00:24:53.404Z
qwen3-06b	Qwen3 0.6B	Qwen/Qwen3-0.6B	cold-qwen3-06b-0501002346	cold-qwen3-06b-0501002346-worker-f105028e-758d569ddb-78ktt	vllm_child	torch.compile	Profile run	nested	vllm.log.torch_compile	log-duration-derived	37.116	53.786	16.670	2026-05-01T00:24:36.116Z	2026-05-01T00:24:52.786Z
qwen3-06b	Qwen3 0.6B	Qwen/Qwen3-0.6B	cold-qwen3-06b-0501002346	cold-qwen3-06b-0501002346-worker-f105028e-758d569ddb-78ktt	vllm_child	Initial profiling/warmup forward	Profile run	nested	vllm.log.initial_profile_warmup	log-duration-derived	53.790	54.070	0.280	2026-05-01T00:24:52.790Z	2026-05-01T00:24:53.070Z
qwen3-06b	Qwen3 0.6B	Qwen/Qwen3-0.6B	cold-qwen3-06b-0501002346	cold-qwen3-06b-0501002346-worker-f105028e-758d569ddb-78ktt	vllm_child	Profile CUDA graph memory	Determine available memory total	nested	worker.profile_cudagraph_memory	instrumented	54.405	55.111	0.706	2026-05-01T00:24:53.404Z	2026-05-01T00:24:54.111Z
qwen3-06b	Qwen3 0.6B	Qwen/Qwen3-0.6B	cold-qwen3-06b-0501002346	cold-qwen3-06b-0501002346-worker-f105028e-758d569ddb-78ktt	vllm_child	Memory profiling context	Determine available memory total	nested	vllm.log.memory_profiling	log-duration-derived	37.106	55.286	18.180	2026-05-01T00:24:36.106Z	2026-05-01T00:24:54.286Z
qwen3-06b	Qwen3 0.6B	Qwen/Qwen3-0.6B	cold-qwen3-06b-0501002346	cold-qwen3-06b-0501002346-worker-f105028e-758d569ddb-78ktt	vllm_child	Engine initialize_from_config	KV/profile/warmup total	nested	engine.initialize_from_config	instrumented	55.287	58.314	3.027	2026-05-01T00:24:54.287Z	2026-05-01T00:24:57.314Z
qwen3-06b	Qwen3 0.6B	Qwen/Qwen3-0.6B	cold-qwen3-06b-0501002346	cold-qwen3-06b-0501002346-worker-f105028e-758d569ddb-78ktt	vllm_child	Worker KV allocation total	Engine initialize_from_config	nested	worker.initialize_from_config_total	instrumented	55.287	55.309	0.022	2026-05-01T00:24:54.287Z	2026-05-01T00:24:54.309Z
qwen3-06b	Qwen3 0.6B	Qwen/Qwen3-0.6B	cold-qwen3-06b-0501002346	cold-qwen3-06b-0501002346-worker-f105028e-758d569ddb-78ktt	vllm_child	Ensure KV transfer init	Worker KV allocation total	nested	worker.ensure_kv_transfer_initialized	instrumented	55.288	55.288	0.000	2026-05-01T00:24:54.287Z	2026-05-01T00:24:54.288Z
qwen3-06b	Qwen3 0.6B	Qwen/Qwen3-0.6B	cold-qwen3-06b-0501002346	cold-qwen3-06b-0501002346-worker-f105028e-758d569ddb-78ktt	vllm_child	Initialize KV cache	Worker KV allocation total	nested	worker.initialize_kv_cache	instrumented	55.288	55.309	0.021	2026-05-01T00:24:54.287Z	2026-05-01T00:24:54.309Z
qwen3-06b	Qwen3 0.6B	Qwen/Qwen3-0.6B	cold-qwen3-06b-0501002346	cold-qwen3-06b-0501002346-worker-f105028e-758d569ddb-78ktt	vllm_child	compile_or_warm_up_model total	Engine initialize_from_config	nested	worker.compile_or_warm_up_model_total	instrumented	55.310	58.314	3.004	2026-05-01T00:24:54.309Z	2026-05-01T00:24:57.314Z
qwen3-06b	Qwen3 0.6B	Qwen/Qwen3-0.6B	cold-qwen3-06b-0501002346	cold-qwen3-06b-0501002346-worker-f105028e-758d569ddb-78ktt	vllm_child	Remove LoRAs after compile warmup	compile_or_warm_up_model total	nested	worker.remove_loras_after_compile_warmup	instrumented	55.310	55.310	0.000	2026-05-01T00:24:54.309Z	2026-05-01T00:24:54.310Z
qwen3-06b	Qwen3 0.6B	Qwen/Qwen3-0.6B	cold-qwen3-06b-0501002346	cold-qwen3-06b-0501002346-worker-f105028e-758d569ddb-78ktt	vllm_child	Kernel warmup	compile_or_warm_up_model total	nested	worker.kernel_warmup	instrumented	55.310	55.406	0.096	2026-05-01T00:24:54.310Z	2026-05-01T00:24:54.406Z
qwen3-06b	Qwen3 0.6B	Qwen/Qwen3-0.6B	cold-qwen3-06b-0501002346	cold-qwen3-06b-0501002346-worker-f105028e-758d569ddb-78ktt	vllm_child	CUDA graph capture	compile_or_warm_up_model total	nested	worker.capture_model	instrumented	55.406	58.301	2.895	2026-05-01T00:24:54.406Z	2026-05-01T00:24:57.301Z
qwen3-06b	Qwen3 0.6B	Qwen/Qwen3-0.6B	cold-qwen3-06b-0501002346	cold-qwen3-06b-0501002346-worker-f105028e-758d569ddb-78ktt	vllm_child	Sampler/V2 warmup	compile_or_warm_up_model total	nested	worker.sampler_warmup	instrumented	58.302	58.314	0.012	2026-05-01T00:24:57.302Z	2026-05-01T00:24:57.314Z
qwen3-06b	Qwen3 0.6B	Qwen/Qwen3-0.6B	cold-qwen3-06b-0501002346	cold-qwen3-06b-0501002346-worker-f105028e-758d569ddb-78ktt	critical_path	Engine post-init parent-process tail		additive	AsyncLLM.from_vllm_config return + parent bookkeeping	inferred-gap	58.315	59.042	0.727	2026-05-01T00:24:57.315Z	2026-05-01T00:24:58.042Z
qwen3-06b	Qwen3 0.6B	Qwen/Qwen3-0.6B	cold-qwen3-06b-0501002346	cold-qwen3-06b-0501002346-worker-f105028e-758d569ddb-78ktt	critical_path	Dynamo registration/discovery to first chat		additive	Dynamo registration + frontend first chat	inferred-gap	59.090	63.846	4.756	2026-05-01T00:24:58.090Z	2026-05-01T00:25:02.846Z
qwen3-8b	Qwen3 8B	Qwen/Qwen3-8B	cold-qwen3-8b-0501002534	cold-qwen3-8b-0501002534-worker-c602582f-7db6b6b9b9-5w8f9	critical_path	Container start -> first Python/vLLM log		additive	k8s.container.startedAt + worker log	coarse-start	0.000	5.081	5.081	2026-05-01T00:25:51.000Z	2026-05-01T00:25:56.081Z
qwen3-8b	Qwen3 8B	Qwen/Qwen3-8B	cold-qwen3-8b-0501002534	cold-qwen3-8b-0501002534-worker-c602582f-7db6b6b9b9-5w8f9	critical_path	Main-process vLLM platform detection		additive	vllm.platforms	measured	5.081	5.143	0.062	2026-05-01T00:25:56.081Z	2026-05-01T00:25:56.143Z
qwen3-8b	Qwen3 8B	Qwen/Qwen3-8B	cold-qwen3-8b-0501002534	cold-qwen3-8b-0501002534-worker-c602582f-7db6b6b9b9-5w8f9	critical_path	Python import / Dynamo module load gap		additive	log gap before dynamo.nixl_connect	inferred-gap	5.143	14.097	8.954	2026-05-01T00:25:56.143Z	2026-05-01T00:26:05.097Z
qwen3-8b	Qwen3 8B	Qwen/Qwen3-8B	cold-qwen3-8b-0501002534	cold-qwen3-8b-0501002534-worker-c602582f-7db6b6b9b9-5w8f9	critical_path	Dynamo CLI/config parse to offline model path		additive	arg_utils.__post_init__	inferred-gap	14.097	14.761	0.664	2026-05-01T00:26:05.097Z	2026-05-01T00:26:05.761Z
qwen3-8b	Qwen3 8B	Qwen/Qwen3-8B	cold-qwen3-8b-0501002534	cold-qwen3-8b-0501002534-worker-c602582f-7db6b6b9b9-5w8f9	critical_path	HF cache local path check		additive	dynamo_llm::hub	measured-but-not-blog-critical	14.761	15.079	0.318	2026-05-01T00:26:05.761Z	2026-05-01T00:26:06.079Z
qwen3-8b	Qwen3 8B	Qwen/Qwen3-8B	cold-qwen3-8b-0501002534	cold-qwen3-8b-0501002534-worker-c602582f-7db6b6b9b9-5w8f9	critical_path	Runtime/discovery/status-server bootstrap		additive	Dynamo runtime logs	measured	15.079	15.094	0.015	2026-05-01T00:26:06.079Z	2026-05-01T00:26:06.094Z
qwen3-8b	Qwen3 8B	Qwen/Qwen3-8B	cold-qwen3-8b-0501002534	cold-qwen3-8b-0501002534-worker-c602582f-7db6b6b9b9-5w8f9	critical_path	vLLM model-class inspection		additive	registry.inspect_model_cls	measured	15.110	25.353	10.243	2026-05-01T00:26:06.110Z	2026-05-01T00:26:16.353Z
qwen3-8b	Qwen3 8B	Qwen/Qwen3-8B	cold-qwen3-8b-0501002534	cold-qwen3-8b-0501002534-worker-c602582f-7db6b6b9b9-5w8f9	critical_path	vLLM engine config, tokenizer, renderer, child spawn		additive	create_engine_config + tokenizer/renderer + AsyncLLM child spawn	inferred-gap	25.353	31.217	5.864	2026-05-01T00:26:16.353Z	2026-05-01T00:26:22.217Z
qwen3-8b	Qwen3 8B	Qwen/Qwen3-8B	cold-qwen3-8b-0501002534	cold-qwen3-8b-0501002534-worker-c602582f-7db6b6b9b9-5w8f9	critical_path	EngineCore child Python/bootstrap		additive	EngineCore logs	measured	31.217	32.051	0.834	2026-05-01T00:26:22.217Z	2026-05-01T00:26:23.051Z
qwen3-8b	Qwen3 8B	Qwen/Qwen3-8B	cold-qwen3-8b-0501002534	cold-qwen3-8b-0501002534-worker-c602582f-7db6b6b9b9-5w8f9	critical_path	EngineCore pre-load setup		additive	EngineCore setup before worker.load_model	inferred-gap	32.051	35.000	2.949	2026-05-01T00:26:23.051Z	2026-05-01T00:26:25.999Z
qwen3-8b	Qwen3 8B	Qwen/Qwen3-8B	cold-qwen3-8b-0501002534	cold-qwen3-8b-0501002534-worker-c602582f-7db6b6b9b9-5w8f9	vllm_parent	Model load total		parent	worker.load_model	instrumented	35.000	38.784	3.784	2026-05-01T00:26:25.999Z	2026-05-01T00:26:29.784Z
qwen3-8b	Qwen3 8B	Qwen/Qwen3-8B	cold-qwen3-8b-0501002534	cold-qwen3-8b-0501002534-worker-c602582f-7db6b6b9b9-5w8f9	vllm_parent	KV/profile/warmup total		parent	engine.initialize_kv_caches_total	instrumented	38.784	63.758	24.974	2026-05-01T00:26:29.784Z	2026-05-01T00:26:54.758Z
qwen3-8b	Qwen3 8B	Qwen/Qwen3-8B	cold-qwen3-8b-0501002534	cold-qwen3-8b-0501002534-worker-c602582f-7db6b6b9b9-5w8f9	vllm_child	Determine available memory total	KV/profile/warmup total	nested	worker.determine_available_memory_total	instrumented	38.785	59.524	20.739	2026-05-01T00:26:29.785Z	2026-05-01T00:26:50.524Z
qwen3-8b	Qwen3 8B	Qwen/Qwen3-8B	cold-qwen3-8b-0501002534	cold-qwen3-8b-0501002534-worker-c602582f-7db6b6b9b9-5w8f9	vllm_child	Profile run	Determine available memory total	nested	worker.profile_run	instrumented	38.904	58.665	19.761	2026-05-01T00:26:29.904Z	2026-05-01T00:26:49.665Z
qwen3-8b	Qwen3 8B	Qwen/Qwen3-8B	cold-qwen3-8b-0501002534	cold-qwen3-8b-0501002534-worker-c602582f-7db6b6b9b9-5w8f9	vllm_child	torch.compile	Profile run	nested	vllm.log.torch_compile	log-duration-derived	38.907	57.857	18.950	2026-05-01T00:26:29.907Z	2026-05-01T00:26:48.857Z
qwen3-8b	Qwen3 8B	Qwen/Qwen3-8B	cold-qwen3-8b-0501002534	cold-qwen3-8b-0501002534-worker-c602582f-7db6b6b9b9-5w8f9	vllm_child	Initial profiling/warmup forward	Profile run	nested	vllm.log.initial_profile_warmup	log-duration-derived	57.857	58.317	0.460	2026-05-01T00:26:48.857Z	2026-05-01T00:26:49.317Z
qwen3-8b	Qwen3 8B	Qwen/Qwen3-8B	cold-qwen3-8b-0501002534	cold-qwen3-8b-0501002534-worker-c602582f-7db6b6b9b9-5w8f9	vllm_child	Profile CUDA graph memory	Determine available memory total	nested	worker.profile_cudagraph_memory	instrumented	58.665	59.347	0.682	2026-05-01T00:26:49.665Z	2026-05-01T00:26:50.347Z
qwen3-8b	Qwen3 8B	Qwen/Qwen3-8B	cold-qwen3-8b-0501002534	cold-qwen3-8b-0501002534-worker-c602582f-7db6b6b9b9-5w8f9	vllm_child	Memory profiling context	Determine available memory total	nested	vllm.log.memory_profiling	log-duration-derived	38.903	59.523	20.620	2026-05-01T00:26:29.903Z	2026-05-01T00:26:50.523Z
qwen3-8b	Qwen3 8B	Qwen/Qwen3-8B	cold-qwen3-8b-0501002534	cold-qwen3-8b-0501002534-worker-c602582f-7db6b6b9b9-5w8f9	vllm_child	Engine initialize_from_config	KV/profile/warmup total	nested	engine.initialize_from_config	instrumented	59.525	63.758	4.233	2026-05-01T00:26:50.525Z	2026-05-01T00:26:54.758Z
qwen3-8b	Qwen3 8B	Qwen/Qwen3-8B	cold-qwen3-8b-0501002534	cold-qwen3-8b-0501002534-worker-c602582f-7db6b6b9b9-5w8f9	vllm_child	Worker KV allocation total	Engine initialize_from_config	nested	worker.initialize_from_config_total	instrumented	59.525	59.547	0.022	2026-05-01T00:26:50.525Z	2026-05-01T00:26:50.547Z
qwen3-8b	Qwen3 8B	Qwen/Qwen3-8B	cold-qwen3-8b-0501002534	cold-qwen3-8b-0501002534-worker-c602582f-7db6b6b9b9-5w8f9	vllm_child	Ensure KV transfer init	Worker KV allocation total	nested	worker.ensure_kv_transfer_initialized	instrumented	59.525	59.525	0.000	2026-05-01T00:26:50.524Z	2026-05-01T00:26:50.525Z
qwen3-8b	Qwen3 8B	Qwen/Qwen3-8B	cold-qwen3-8b-0501002534	cold-qwen3-8b-0501002534-worker-c602582f-7db6b6b9b9-5w8f9	vllm_child	Initialize KV cache	Worker KV allocation total	nested	worker.initialize_kv_cache	instrumented	59.525	59.547	0.022	2026-05-01T00:26:50.525Z	2026-05-01T00:26:50.547Z
qwen3-8b	Qwen3 8B	Qwen/Qwen3-8B	cold-qwen3-8b-0501002534	cold-qwen3-8b-0501002534-worker-c602582f-7db6b6b9b9-5w8f9	vllm_child	compile_or_warm_up_model total	Engine initialize_from_config	nested	worker.compile_or_warm_up_model_total	instrumented	59.548	63.758	4.210	2026-05-01T00:26:50.547Z	2026-05-01T00:26:54.758Z
qwen3-8b	Qwen3 8B	Qwen/Qwen3-8B	cold-qwen3-8b-0501002534	cold-qwen3-8b-0501002534-worker-c602582f-7db6b6b9b9-5w8f9	vllm_child	Remove LoRAs after compile warmup	compile_or_warm_up_model total	nested	worker.remove_loras_after_compile_warmup	instrumented	59.547	59.547	0.000	2026-05-01T00:26:50.546Z	2026-05-01T00:26:50.547Z
qwen3-8b	Qwen3 8B	Qwen/Qwen3-8B	cold-qwen3-8b-0501002534	cold-qwen3-8b-0501002534-worker-c602582f-7db6b6b9b9-5w8f9	vllm_child	Kernel warmup	compile_or_warm_up_model total	nested	worker.kernel_warmup	instrumented	59.548	59.701	0.153	2026-05-01T00:26:50.547Z	2026-05-01T00:26:50.701Z
qwen3-8b	Qwen3 8B	Qwen/Qwen3-8B	cold-qwen3-8b-0501002534	cold-qwen3-8b-0501002534-worker-c602582f-7db6b6b9b9-5w8f9	vllm_child	CUDA graph capture	compile_or_warm_up_model total	nested	worker.capture_model	instrumented	59.701	63.745	4.044	2026-05-01T00:26:50.701Z	2026-05-01T00:26:54.745Z
qwen3-8b	Qwen3 8B	Qwen/Qwen3-8B	cold-qwen3-8b-0501002534	cold-qwen3-8b-0501002534-worker-c602582f-7db6b6b9b9-5w8f9	vllm_child	Sampler/V2 warmup	compile_or_warm_up_model total	nested	worker.sampler_warmup	instrumented	63.745	63.757	0.012	2026-05-01T00:26:54.745Z	2026-05-01T00:26:54.757Z
qwen3-8b	Qwen3 8B	Qwen/Qwen3-8B	cold-qwen3-8b-0501002534	cold-qwen3-8b-0501002534-worker-c602582f-7db6b6b9b9-5w8f9	critical_path	Engine post-init parent-process tail		additive	AsyncLLM.from_vllm_config return + parent bookkeeping	inferred-gap	63.758	64.447	0.689	2026-05-01T00:26:54.758Z	2026-05-01T00:26:55.447Z
qwen3-8b	Qwen3 8B	Qwen/Qwen3-8B	cold-qwen3-8b-0501002534	cold-qwen3-8b-0501002534-worker-c602582f-7db6b6b9b9-5w8f9	critical_path	Dynamo registration/discovery to first chat		additive	Dynamo registration + frontend first chat	inferred-gap	64.497	72.389	7.892	2026-05-01T00:26:55.497Z	2026-05-01T00:27:03.389Z
qwen3-14b	Qwen3 14B	Qwen/Qwen3-14B	cold-qwen3-14b-0501003244	cold-qwen3-14b-0501003244-worker-53e6e20c-77cd7b7bf-bjtxm	critical_path	Container start -> first Python/vLLM log		additive	k8s.container.startedAt + worker log	coarse-start	0.000	5.341	5.341	2026-05-01T00:33:28.000Z	2026-05-01T00:33:33.341Z
qwen3-14b	Qwen3 14B	Qwen/Qwen3-14B	cold-qwen3-14b-0501003244	cold-qwen3-14b-0501003244-worker-53e6e20c-77cd7b7bf-bjtxm	critical_path	Main-process vLLM platform detection		additive	vllm.platforms	measured	5.341	5.405	0.064	2026-05-01T00:33:33.341Z	2026-05-01T00:33:33.405Z
qwen3-14b	Qwen3 14B	Qwen/Qwen3-14B	cold-qwen3-14b-0501003244	cold-qwen3-14b-0501003244-worker-53e6e20c-77cd7b7bf-bjtxm	critical_path	Python import / Dynamo module load gap		additive	log gap before dynamo.nixl_connect	inferred-gap	5.405	14.424	9.019	2026-05-01T00:33:33.405Z	2026-05-01T00:33:42.424Z
qwen3-14b	Qwen3 14B	Qwen/Qwen3-14B	cold-qwen3-14b-0501003244	cold-qwen3-14b-0501003244-worker-53e6e20c-77cd7b7bf-bjtxm	critical_path	Dynamo CLI/config parse to offline model path		additive	arg_utils.__post_init__	inferred-gap	14.424	15.087	0.663	2026-05-01T00:33:42.424Z	2026-05-01T00:33:43.087Z
qwen3-14b	Qwen3 14B	Qwen/Qwen3-14B	cold-qwen3-14b-0501003244	cold-qwen3-14b-0501003244-worker-53e6e20c-77cd7b7bf-bjtxm	critical_path	HF cache local path check		additive	dynamo_llm::hub	measured-but-not-blog-critical	15.087	15.397	0.310	2026-05-01T00:33:43.087Z	2026-05-01T00:33:43.397Z
qwen3-14b	Qwen3 14B	Qwen/Qwen3-14B	cold-qwen3-14b-0501003244	cold-qwen3-14b-0501003244-worker-53e6e20c-77cd7b7bf-bjtxm	critical_path	Runtime/discovery/status-server bootstrap		additive	Dynamo runtime logs	measured	15.397	15.413	0.016	2026-05-01T00:33:43.397Z	2026-05-01T00:33:43.413Z
qwen3-14b	Qwen3 14B	Qwen/Qwen3-14B	cold-qwen3-14b-0501003244	cold-qwen3-14b-0501003244-worker-53e6e20c-77cd7b7bf-bjtxm	critical_path	vLLM model-class inspection		additive	registry.inspect_model_cls	measured	15.428	25.423	9.995	2026-05-01T00:33:43.428Z	2026-05-01T00:33:53.423Z
qwen3-14b	Qwen3 14B	Qwen/Qwen3-14B	cold-qwen3-14b-0501003244	cold-qwen3-14b-0501003244-worker-53e6e20c-77cd7b7bf-bjtxm	critical_path	vLLM engine config, tokenizer, renderer, child spawn		additive	create_engine_config + tokenizer/renderer + AsyncLLM child spawn	inferred-gap	25.423	31.204	5.781	2026-05-01T00:33:53.423Z	2026-05-01T00:33:59.204Z
qwen3-14b	Qwen3 14B	Qwen/Qwen3-14B	cold-qwen3-14b-0501003244	cold-qwen3-14b-0501003244-worker-53e6e20c-77cd7b7bf-bjtxm	critical_path	EngineCore child Python/bootstrap		additive	EngineCore logs	measured	31.204	32.045	0.841	2026-05-01T00:33:59.204Z	2026-05-01T00:34:00.045Z
qwen3-14b	Qwen3 14B	Qwen/Qwen3-14B	cold-qwen3-14b-0501003244	cold-qwen3-14b-0501003244-worker-53e6e20c-77cd7b7bf-bjtxm	critical_path	EngineCore pre-load setup		additive	EngineCore setup before worker.load_model	inferred-gap	32.045	35.060	3.015	2026-05-01T00:34:00.045Z	2026-05-01T00:34:03.060Z
qwen3-14b	Qwen3 14B	Qwen/Qwen3-14B	cold-qwen3-14b-0501003244	cold-qwen3-14b-0501003244-worker-53e6e20c-77cd7b7bf-bjtxm	vllm_parent	Model load total		parent	worker.load_model	instrumented	35.060	40.410	5.350	2026-05-01T00:34:03.060Z	2026-05-01T00:34:08.410Z
qwen3-14b	Qwen3 14B	Qwen/Qwen3-14B	cold-qwen3-14b-0501003244	cold-qwen3-14b-0501003244-worker-53e6e20c-77cd7b7bf-bjtxm	vllm_parent	KV/profile/warmup total		parent	engine.initialize_kv_caches_total	instrumented	40.410	67.440	27.030	2026-05-01T00:34:08.409Z	2026-05-01T00:34:35.440Z
qwen3-14b	Qwen3 14B	Qwen/Qwen3-14B	cold-qwen3-14b-0501003244	cold-qwen3-14b-0501003244-worker-53e6e20c-77cd7b7bf-bjtxm	vllm_child	Determine available memory total	KV/profile/warmup total	nested	worker.determine_available_memory_total	instrumented	40.410	63.484	23.074	2026-05-01T00:34:08.410Z	2026-05-01T00:34:31.484Z
qwen3-14b	Qwen3 14B	Qwen/Qwen3-14B	cold-qwen3-14b-0501003244	cold-qwen3-14b-0501003244-worker-53e6e20c-77cd7b7bf-bjtxm	vllm_child	Profile run	Determine available memory total	nested	worker.profile_run	instrumented	40.536	62.600	22.064	2026-05-01T00:34:08.535Z	2026-05-01T00:34:30.600Z
qwen3-14b	Qwen3 14B	Qwen/Qwen3-14B	cold-qwen3-14b-0501003244	cold-qwen3-14b-0501003244-worker-53e6e20c-77cd7b7bf-bjtxm	vllm_child	torch.compile	Profile run	nested	vllm.log.torch_compile	log-duration-derived	40.539	61.649	21.110	2026-05-01T00:34:08.539Z	2026-05-01T00:34:29.649Z
qwen3-14b	Qwen3 14B	Qwen/Qwen3-14B	cold-qwen3-14b-0501003244	cold-qwen3-14b-0501003244-worker-53e6e20c-77cd7b7bf-bjtxm	vllm_child	Initial profiling/warmup forward	Profile run	nested	vllm.log.initial_profile_warmup	log-duration-derived	61.654	62.294	0.640	2026-05-01T00:34:29.654Z	2026-05-01T00:34:30.294Z
qwen3-14b	Qwen3 14B	Qwen/Qwen3-14B	cold-qwen3-14b-0501003244	cold-qwen3-14b-0501003244-worker-53e6e20c-77cd7b7bf-bjtxm	vllm_child	Profile CUDA graph memory	Determine available memory total	nested	worker.profile_cudagraph_memory	instrumented	62.600	63.310	0.710	2026-05-01T00:34:30.599Z	2026-05-01T00:34:31.310Z
qwen3-14b	Qwen3 14B	Qwen/Qwen3-14B	cold-qwen3-14b-0501003244	cold-qwen3-14b-0501003244-worker-53e6e20c-77cd7b7bf-bjtxm	vllm_child	Memory profiling context	Determine available memory total	nested	vllm.log.memory_profiling	log-duration-derived	40.534	63.484	22.950	2026-05-01T00:34:08.534Z	2026-05-01T00:34:31.484Z
qwen3-14b	Qwen3 14B	Qwen/Qwen3-14B	cold-qwen3-14b-0501003244	cold-qwen3-14b-0501003244-worker-53e6e20c-77cd7b7bf-bjtxm	vllm_child	Engine initialize_from_config	KV/profile/warmup total	nested	engine.initialize_from_config	instrumented	63.485	67.440	3.955	2026-05-01T00:34:31.485Z	2026-05-01T00:34:35.440Z
qwen3-14b	Qwen3 14B	Qwen/Qwen3-14B	cold-qwen3-14b-0501003244	cold-qwen3-14b-0501003244-worker-53e6e20c-77cd7b7bf-bjtxm	vllm_child	Worker KV allocation total	Engine initialize_from_config	nested	worker.initialize_from_config_total	instrumented	63.485	63.511	0.026	2026-05-01T00:34:31.485Z	2026-05-01T00:34:31.511Z
qwen3-14b	Qwen3 14B	Qwen/Qwen3-14B	cold-qwen3-14b-0501003244	cold-qwen3-14b-0501003244-worker-53e6e20c-77cd7b7bf-bjtxm	vllm_child	Ensure KV transfer init	Worker KV allocation total	nested	worker.ensure_kv_transfer_initialized	instrumented	63.486	63.486	0.000	2026-05-01T00:34:31.485Z	2026-05-01T00:34:31.486Z
qwen3-14b	Qwen3 14B	Qwen/Qwen3-14B	cold-qwen3-14b-0501003244	cold-qwen3-14b-0501003244-worker-53e6e20c-77cd7b7bf-bjtxm	vllm_child	Initialize KV cache	Worker KV allocation total	nested	worker.initialize_kv_cache	instrumented	63.486	63.511	0.025	2026-05-01T00:34:31.485Z	2026-05-01T00:34:31.511Z
qwen3-14b	Qwen3 14B	Qwen/Qwen3-14B	cold-qwen3-14b-0501003244	cold-qwen3-14b-0501003244-worker-53e6e20c-77cd7b7bf-bjtxm	vllm_child	compile_or_warm_up_model total	Engine initialize_from_config	nested	worker.compile_or_warm_up_model_total	instrumented	63.512	67.440	3.928	2026-05-01T00:34:31.511Z	2026-05-01T00:34:35.440Z
qwen3-14b	Qwen3 14B	Qwen/Qwen3-14B	cold-qwen3-14b-0501003244	cold-qwen3-14b-0501003244-worker-53e6e20c-77cd7b7bf-bjtxm	vllm_child	Remove LoRAs after compile warmup	compile_or_warm_up_model total	nested	worker.remove_loras_after_compile_warmup	instrumented	63.511	63.511	0.000	2026-05-01T00:34:31.510Z	2026-05-01T00:34:31.511Z
qwen3-14b	Qwen3 14B	Qwen/Qwen3-14B	cold-qwen3-14b-0501003244	cold-qwen3-14b-0501003244-worker-53e6e20c-77cd7b7bf-bjtxm	vllm_child	Kernel warmup	compile_or_warm_up_model total	nested	worker.kernel_warmup	instrumented	63.512	63.743	0.231	2026-05-01T00:34:31.511Z	2026-05-01T00:34:31.743Z
qwen3-14b	Qwen3 14B	Qwen/Qwen3-14B	cold-qwen3-14b-0501003244	cold-qwen3-14b-0501003244-worker-53e6e20c-77cd7b7bf-bjtxm	vllm_child	CUDA graph capture	compile_or_warm_up_model total	nested	worker.capture_model	instrumented	63.744	67.423	3.679	2026-05-01T00:34:31.743Z	2026-05-01T00:34:35.423Z
qwen3-14b	Qwen3 14B	Qwen/Qwen3-14B	cold-qwen3-14b-0501003244	cold-qwen3-14b-0501003244-worker-53e6e20c-77cd7b7bf-bjtxm	vllm_child	Sampler/V2 warmup	compile_or_warm_up_model total	nested	worker.sampler_warmup	instrumented	67.423	67.439	0.016	2026-05-01T00:34:35.423Z	2026-05-01T00:34:35.439Z
qwen3-14b	Qwen3 14B	Qwen/Qwen3-14B	cold-qwen3-14b-0501003244	cold-qwen3-14b-0501003244-worker-53e6e20c-77cd7b7bf-bjtxm	critical_path	Engine post-init parent-process tail		additive	AsyncLLM.from_vllm_config return + parent bookkeeping	inferred-gap	67.440	68.118	0.678	2026-05-01T00:34:35.440Z	2026-05-01T00:34:36.118Z
qwen3-14b	Qwen3 14B	Qwen/Qwen3-14B	cold-qwen3-14b-0501003244	cold-qwen3-14b-0501003244-worker-53e6e20c-77cd7b7bf-bjtxm	critical_path	Dynamo registration/discovery to first chat		additive	Dynamo registration + frontend first chat	inferred-gap	68.127	72.967	4.840	2026-05-01T00:34:36.127Z	2026-05-01T00:34:40.967Z
qwen3-32b	Qwen3 32B	Qwen/Qwen3-32B	cold-qwen3-32b-0501003524	cold-qwen3-32b-0501003524-worker-bdf6fe7b-68469f475b-fcgq6	critical_path	Container start -> first Python/vLLM log		additive	k8s.container.startedAt + worker log	coarse-start	0.000	5.687	5.687	2026-05-01T00:35:35.000Z	2026-05-01T00:35:40.687Z
qwen3-32b	Qwen3 32B	Qwen/Qwen3-32B	cold-qwen3-32b-0501003524	cold-qwen3-32b-0501003524-worker-bdf6fe7b-68469f475b-fcgq6	critical_path	Main-process vLLM platform detection		additive	vllm.platforms	measured	5.687	5.750	0.063	2026-05-01T00:35:40.687Z	2026-05-01T00:35:40.750Z
qwen3-32b	Qwen3 32B	Qwen/Qwen3-32B	cold-qwen3-32b-0501003524	cold-qwen3-32b-0501003524-worker-bdf6fe7b-68469f475b-fcgq6	critical_path	Python import / Dynamo module load gap		additive	log gap before dynamo.nixl_connect	inferred-gap	5.750	14.728	8.978	2026-05-01T00:35:40.750Z	2026-05-01T00:35:49.728Z
qwen3-32b	Qwen3 32B	Qwen/Qwen3-32B	cold-qwen3-32b-0501003524	cold-qwen3-32b-0501003524-worker-bdf6fe7b-68469f475b-fcgq6	critical_path	Dynamo CLI/config parse to offline model path		additive	arg_utils.__post_init__	inferred-gap	14.728	15.406	0.678	2026-05-01T00:35:49.728Z	2026-05-01T00:35:50.406Z
qwen3-32b	Qwen3 32B	Qwen/Qwen3-32B	cold-qwen3-32b-0501003524	cold-qwen3-32b-0501003524-worker-bdf6fe7b-68469f475b-fcgq6	critical_path	HF cache local path check		additive	dynamo_llm::hub	measured-but-not-blog-critical	15.406	15.728	0.322	2026-05-01T00:35:50.406Z	2026-05-01T00:35:50.728Z
qwen3-32b	Qwen3 32B	Qwen/Qwen3-32B	cold-qwen3-32b-0501003524	cold-qwen3-32b-0501003524-worker-bdf6fe7b-68469f475b-fcgq6	critical_path	Runtime/discovery/status-server bootstrap		additive	Dynamo runtime logs	measured	15.728	15.742	0.014	2026-05-01T00:35:50.728Z	2026-05-01T00:35:50.742Z
qwen3-32b	Qwen3 32B	Qwen/Qwen3-32B	cold-qwen3-32b-0501003524	cold-qwen3-32b-0501003524-worker-bdf6fe7b-68469f475b-fcgq6	critical_path	vLLM model-class inspection		additive	registry.inspect_model_cls	measured	15.759	25.887	10.128	2026-05-01T00:35:50.759Z	2026-05-01T00:36:00.887Z
qwen3-32b	Qwen3 32B	Qwen/Qwen3-32B	cold-qwen3-32b-0501003524	cold-qwen3-32b-0501003524-worker-bdf6fe7b-68469f475b-fcgq6	critical_path	vLLM engine config, tokenizer, renderer, child spawn		additive	create_engine_config + tokenizer/renderer + AsyncLLM child spawn	inferred-gap	25.887	31.835	5.948	2026-05-01T00:36:00.887Z	2026-05-01T00:36:06.835Z
qwen3-32b	Qwen3 32B	Qwen/Qwen3-32B	cold-qwen3-32b-0501003524	cold-qwen3-32b-0501003524-worker-bdf6fe7b-68469f475b-fcgq6	critical_path	EngineCore child Python/bootstrap		additive	EngineCore logs	measured	31.835	32.669	0.834	2026-05-01T00:36:06.835Z	2026-05-01T00:36:07.669Z
qwen3-32b	Qwen3 32B	Qwen/Qwen3-32B	cold-qwen3-32b-0501003524	cold-qwen3-32b-0501003524-worker-bdf6fe7b-68469f475b-fcgq6	critical_path	EngineCore pre-load setup		additive	EngineCore setup before worker.load_model	inferred-gap	32.669	35.641	2.972	2026-05-01T00:36:07.669Z	2026-05-01T00:36:10.641Z
qwen3-32b	Qwen3 32B	Qwen/Qwen3-32B	cold-qwen3-32b-0501003524	cold-qwen3-32b-0501003524-worker-bdf6fe7b-68469f475b-fcgq6	vllm_parent	Model load total		parent	worker.load_model	instrumented	35.641	49.046	13.405	2026-05-01T00:36:10.641Z	2026-05-01T00:36:24.046Z
qwen3-32b	Qwen3 32B	Qwen/Qwen3-32B	cold-qwen3-32b-0501003524	cold-qwen3-32b-0501003524-worker-bdf6fe7b-68469f475b-fcgq6	vllm_parent	KV/profile/warmup total		parent	engine.initialize_kv_caches_total	instrumented	49.046	85.542	36.496	2026-05-01T00:36:24.046Z	2026-05-01T00:37:00.542Z
qwen3-32b	Qwen3 32B	Qwen/Qwen3-32B	cold-qwen3-32b-0501003524	cold-qwen3-32b-0501003524-worker-bdf6fe7b-68469f475b-fcgq6	vllm_child	Determine available memory total	KV/profile/warmup total	nested	worker.determine_available_memory_total	instrumented	49.047	79.228	30.181	2026-05-01T00:36:24.047Z	2026-05-01T00:36:54.228Z
qwen3-32b	Qwen3 32B	Qwen/Qwen3-32B	cold-qwen3-32b-0501003524	cold-qwen3-32b-0501003524-worker-bdf6fe7b-68469f475b-fcgq6	vllm_child	Profile run	Determine available memory total	nested	worker.profile_run	instrumented	49.173	78.143	28.970	2026-05-01T00:36:24.173Z	2026-05-01T00:36:53.143Z
qwen3-32b	Qwen3 32B	Qwen/Qwen3-32B	cold-qwen3-32b-0501003524	cold-qwen3-32b-0501003524-worker-bdf6fe7b-68469f475b-fcgq6	vllm_child	torch.compile	Profile run	nested	vllm.log.torch_compile	log-duration-derived	49.183	76.903	27.720	2026-05-01T00:36:24.183Z	2026-05-01T00:36:51.903Z
qwen3-32b	Qwen3 32B	Qwen/Qwen3-32B	cold-qwen3-32b-0501003524	cold-qwen3-32b-0501003524-worker-bdf6fe7b-68469f475b-fcgq6	vllm_child	Initial profiling/warmup forward	Profile run	nested	vllm.log.initial_profile_warmup	log-duration-derived	76.904	77.774	0.870	2026-05-01T00:36:51.904Z	2026-05-01T00:36:52.774Z
qwen3-32b	Qwen3 32B	Qwen/Qwen3-32B	cold-qwen3-32b-0501003524	cold-qwen3-32b-0501003524-worker-bdf6fe7b-68469f475b-fcgq6	vllm_child	Profile CUDA graph memory	Determine available memory total	nested	worker.profile_cudagraph_memory	instrumented	78.143	79.020	0.877	2026-05-01T00:36:53.143Z	2026-05-01T00:36:54.020Z
qwen3-32b	Qwen3 32B	Qwen/Qwen3-32B	cold-qwen3-32b-0501003524	cold-qwen3-32b-0501003524-worker-bdf6fe7b-68469f475b-fcgq6	vllm_child	Memory profiling context	Determine available memory total	nested	vllm.log.memory_profiling	log-duration-derived	49.177	79.227	30.050	2026-05-01T00:36:24.177Z	2026-05-01T00:36:54.227Z
qwen3-32b	Qwen3 32B	Qwen/Qwen3-32B	cold-qwen3-32b-0501003524	cold-qwen3-32b-0501003524-worker-bdf6fe7b-68469f475b-fcgq6	vllm_child	Engine initialize_from_config	KV/profile/warmup total	nested	engine.initialize_from_config	instrumented	79.229	85.542	6.313	2026-05-01T00:36:54.229Z	2026-05-01T00:37:00.542Z
qwen3-32b	Qwen3 32B	Qwen/Qwen3-32B	cold-qwen3-32b-0501003524	cold-qwen3-32b-0501003524-worker-bdf6fe7b-68469f475b-fcgq6	vllm_child	Worker KV allocation total	Engine initialize_from_config	nested	worker.initialize_from_config_total	instrumented	79.230	79.253	0.023	2026-05-01T00:36:54.229Z	2026-05-01T00:36:54.253Z
qwen3-32b	Qwen3 32B	Qwen/Qwen3-32B	cold-qwen3-32b-0501003524	cold-qwen3-32b-0501003524-worker-bdf6fe7b-68469f475b-fcgq6	vllm_child	Ensure KV transfer init	Worker KV allocation total	nested	worker.ensure_kv_transfer_initialized	instrumented	79.229	79.229	0.000	2026-05-01T00:36:54.228Z	2026-05-01T00:36:54.229Z
qwen3-32b	Qwen3 32B	Qwen/Qwen3-32B	cold-qwen3-32b-0501003524	cold-qwen3-32b-0501003524-worker-bdf6fe7b-68469f475b-fcgq6	vllm_child	Initialize KV cache	Worker KV allocation total	nested	worker.initialize_kv_cache	instrumented	79.230	79.253	0.023	2026-05-01T00:36:54.229Z	2026-05-01T00:36:54.253Z
qwen3-32b	Qwen3 32B	Qwen/Qwen3-32B	cold-qwen3-32b-0501003524	cold-qwen3-32b-0501003524-worker-bdf6fe7b-68469f475b-fcgq6	vllm_child	compile_or_warm_up_model total	Engine initialize_from_config	nested	worker.compile_or_warm_up_model_total	instrumented	79.254	85.542	6.288	2026-05-01T00:36:54.253Z	2026-05-01T00:37:00.542Z
qwen3-32b	Qwen3 32B	Qwen/Qwen3-32B	cold-qwen3-32b-0501003524	cold-qwen3-32b-0501003524-worker-bdf6fe7b-68469f475b-fcgq6	vllm_child	Remove LoRAs after compile warmup	compile_or_warm_up_model total	nested	worker.remove_loras_after_compile_warmup	instrumented	79.253	79.253	0.000	2026-05-01T00:36:54.252Z	2026-05-01T00:36:54.253Z
qwen3-32b	Qwen3 32B	Qwen/Qwen3-32B	cold-qwen3-32b-0501003524	cold-qwen3-32b-0501003524-worker-bdf6fe7b-68469f475b-fcgq6	vllm_child	Kernel warmup	compile_or_warm_up_model total	nested	worker.kernel_warmup	instrumented	79.254	79.639	0.385	2026-05-01T00:36:54.253Z	2026-05-01T00:36:54.639Z
qwen3-32b	Qwen3 32B	Qwen/Qwen3-32B	cold-qwen3-32b-0501003524	cold-qwen3-32b-0501003524-worker-bdf6fe7b-68469f475b-fcgq6	vllm_child	CUDA graph capture	compile_or_warm_up_model total	nested	worker.capture_model	instrumented	79.639	85.517	5.878	2026-05-01T00:36:54.638Z	2026-05-01T00:37:00.517Z
qwen3-32b	Qwen3 32B	Qwen/Qwen3-32B	cold-qwen3-32b-0501003524	cold-qwen3-32b-0501003524-worker-bdf6fe7b-68469f475b-fcgq6	vllm_child	Sampler/V2 warmup	compile_or_warm_up_model total	nested	worker.sampler_warmup	instrumented	85.518	85.541	0.023	2026-05-01T00:37:00.518Z	2026-05-01T00:37:00.541Z
qwen3-32b	Qwen3 32B	Qwen/Qwen3-32B	cold-qwen3-32b-0501003524	cold-qwen3-32b-0501003524-worker-bdf6fe7b-68469f475b-fcgq6	critical_path	Engine post-init parent-process tail		additive	AsyncLLM.from_vllm_config return + parent bookkeeping	inferred-gap	85.542	86.261	0.719	2026-05-01T00:37:00.542Z	2026-05-01T00:37:01.261Z
qwen3-32b	Qwen3 32B	Qwen/Qwen3-32B	cold-qwen3-32b-0501003524	cold-qwen3-32b-0501003524-worker-bdf6fe7b-68469f475b-fcgq6	critical_path	Dynamo registration/discovery to first chat		additive	Dynamo registration + frontend first chat	inferred-gap	86.309	94.205	7.896	2026-05-01T00:37:01.309Z	2026-05-01T00:37:09.205Z
qwen25-05b	Qwen2.5 0.5B	Qwen/Qwen2.5-0.5B-Instruct	cold-qwen25-05b-0501003742	cold-qwen25-05b-0501003742-worker-3298c294-65dcc98cdd-nkn6h	critical_path	Container start -> first Python/vLLM log		additive	k8s.container.startedAt + worker log	coarse-start	0.000	5.697	5.697	2026-05-01T00:37:58.000Z	2026-05-01T00:38:03.697Z
qwen25-05b	Qwen2.5 0.5B	Qwen/Qwen2.5-0.5B-Instruct	cold-qwen25-05b-0501003742	cold-qwen25-05b-0501003742-worker-3298c294-65dcc98cdd-nkn6h	critical_path	Main-process vLLM platform detection		additive	vllm.platforms	measured	5.697	5.799	0.102	2026-05-01T00:38:03.697Z	2026-05-01T00:38:03.799Z
qwen25-05b	Qwen2.5 0.5B	Qwen/Qwen2.5-0.5B-Instruct	cold-qwen25-05b-0501003742	cold-qwen25-05b-0501003742-worker-3298c294-65dcc98cdd-nkn6h	critical_path	Python import / Dynamo module load gap		additive	log gap before dynamo.nixl_connect	inferred-gap	5.799	14.674	8.875	2026-05-01T00:38:03.799Z	2026-05-01T00:38:12.674Z
qwen25-05b	Qwen2.5 0.5B	Qwen/Qwen2.5-0.5B-Instruct	cold-qwen25-05b-0501003742	cold-qwen25-05b-0501003742-worker-3298c294-65dcc98cdd-nkn6h	critical_path	Dynamo CLI/config parse to offline model path		additive	arg_utils.__post_init__	inferred-gap	14.674	15.351	0.677	2026-05-01T00:38:12.674Z	2026-05-01T00:38:13.351Z
qwen25-05b	Qwen2.5 0.5B	Qwen/Qwen2.5-0.5B-Instruct	cold-qwen25-05b-0501003742	cold-qwen25-05b-0501003742-worker-3298c294-65dcc98cdd-nkn6h	critical_path	HF cache local path check		additive	dynamo_llm::hub	measured-but-not-blog-critical	15.351	15.658	0.307	2026-05-01T00:38:13.351Z	2026-05-01T00:38:13.658Z
qwen25-05b	Qwen2.5 0.5B	Qwen/Qwen2.5-0.5B-Instruct	cold-qwen25-05b-0501003742	cold-qwen25-05b-0501003742-worker-3298c294-65dcc98cdd-nkn6h	critical_path	Runtime/discovery/status-server bootstrap		additive	Dynamo runtime logs	measured	15.658	15.673	0.015	2026-05-01T00:38:13.658Z	2026-05-01T00:38:13.673Z
qwen25-05b	Qwen2.5 0.5B	Qwen/Qwen2.5-0.5B-Instruct	cold-qwen25-05b-0501003742	cold-qwen25-05b-0501003742-worker-3298c294-65dcc98cdd-nkn6h	critical_path	vLLM model-class inspection		additive	registry.inspect_model_cls	measured	15.687	25.984	10.297	2026-05-01T00:38:13.687Z	2026-05-01T00:38:23.984Z
qwen25-05b	Qwen2.5 0.5B	Qwen/Qwen2.5-0.5B-Instruct	cold-qwen25-05b-0501003742	cold-qwen25-05b-0501003742-worker-3298c294-65dcc98cdd-nkn6h	critical_path	vLLM engine config, tokenizer, renderer, child spawn		additive	create_engine_config + tokenizer/renderer + AsyncLLM child spawn	inferred-gap	25.984	31.503	5.519	2026-05-01T00:38:23.984Z	2026-05-01T00:38:29.503Z
qwen25-05b	Qwen2.5 0.5B	Qwen/Qwen2.5-0.5B-Instruct	cold-qwen25-05b-0501003742	cold-qwen25-05b-0501003742-worker-3298c294-65dcc98cdd-nkn6h	critical_path	EngineCore child Python/bootstrap		additive	EngineCore logs	measured	31.503	32.342	0.839	2026-05-01T00:38:29.503Z	2026-05-01T00:38:30.342Z
qwen25-05b	Qwen2.5 0.5B	Qwen/Qwen2.5-0.5B-Instruct	cold-qwen25-05b-0501003742	cold-qwen25-05b-0501003742-worker-3298c294-65dcc98cdd-nkn6h	critical_path	EngineCore pre-load setup		additive	EngineCore setup before worker.load_model	inferred-gap	32.342	35.283	2.941	2026-05-01T00:38:30.342Z	2026-05-01T00:38:33.282Z
qwen25-05b	Qwen2.5 0.5B	Qwen/Qwen2.5-0.5B-Instruct	cold-qwen25-05b-0501003742	cold-qwen25-05b-0501003742-worker-3298c294-65dcc98cdd-nkn6h	vllm_parent	Model load total		parent	worker.load_model	instrumented	35.283	36.999	1.716	2026-05-01T00:38:33.282Z	2026-05-01T00:38:34.999Z
qwen25-05b	Qwen2.5 0.5B	Qwen/Qwen2.5-0.5B-Instruct	cold-qwen25-05b-0501003742	cold-qwen25-05b-0501003742-worker-3298c294-65dcc98cdd-nkn6h	vllm_parent	KV/profile/warmup total		parent	engine.initialize_kv_caches_total	instrumented	37.000	52.830	15.830	2026-05-01T00:38:35.000Z	2026-05-01T00:38:50.830Z
qwen25-05b	Qwen2.5 0.5B	Qwen/Qwen2.5-0.5B-Instruct	cold-qwen25-05b-0501003742	cold-qwen25-05b-0501003742-worker-3298c294-65dcc98cdd-nkn6h	vllm_child	Determine available memory total	KV/profile/warmup total	nested	worker.determine_available_memory_total	instrumented	37.000	50.180	13.180	2026-05-01T00:38:35.000Z	2026-05-01T00:38:48.180Z
qwen25-05b	Qwen2.5 0.5B	Qwen/Qwen2.5-0.5B-Instruct	cold-qwen25-05b-0501003742	cold-qwen25-05b-0501003742-worker-3298c294-65dcc98cdd-nkn6h	vllm_child	Profile run	Determine available memory total	nested	worker.profile_run	instrumented	37.122	49.381	12.259	2026-05-01T00:38:35.122Z	2026-05-01T00:38:47.381Z
qwen25-05b	Qwen2.5 0.5B	Qwen/Qwen2.5-0.5B-Instruct	cold-qwen25-05b-0501003742	cold-qwen25-05b-0501003742-worker-3298c294-65dcc98cdd-nkn6h	vllm_child	torch.compile	Profile run	nested	vllm.log.torch_compile	log-duration-derived	37.131	48.841	11.710	2026-05-01T00:38:35.131Z	2026-05-01T00:38:46.841Z
qwen25-05b	Qwen2.5 0.5B	Qwen/Qwen2.5-0.5B-Instruct	cold-qwen25-05b-0501003742	cold-qwen25-05b-0501003742-worker-3298c294-65dcc98cdd-nkn6h	vllm_child	Initial profiling/warmup forward	Profile run	nested	vllm.log.initial_profile_warmup	log-duration-derived	48.840	49.080	0.240	2026-05-01T00:38:46.840Z	2026-05-01T00:38:47.080Z
qwen25-05b	Qwen2.5 0.5B	Qwen/Qwen2.5-0.5B-Instruct	cold-qwen25-05b-0501003742	cold-qwen25-05b-0501003742-worker-3298c294-65dcc98cdd-nkn6h	vllm_child	Profile CUDA graph memory	Determine available memory total	nested	worker.profile_cudagraph_memory	instrumented	49.381	50.009	0.628	2026-05-01T00:38:47.381Z	2026-05-01T00:38:48.009Z
qwen25-05b	Qwen2.5 0.5B	Qwen/Qwen2.5-0.5B-Instruct	cold-qwen25-05b-0501003742	cold-qwen25-05b-0501003742-worker-3298c294-65dcc98cdd-nkn6h	vllm_child	Memory profiling context	Determine available memory total	nested	vllm.log.memory_profiling	log-duration-derived	37.119	50.179	13.060	2026-05-01T00:38:35.119Z	2026-05-01T00:38:48.179Z
qwen25-05b	Qwen2.5 0.5B	Qwen/Qwen2.5-0.5B-Instruct	cold-qwen25-05b-0501003742	cold-qwen25-05b-0501003742-worker-3298c294-65dcc98cdd-nkn6h	vllm_child	Engine initialize_from_config	KV/profile/warmup total	nested	engine.initialize_from_config	instrumented	50.181	52.830	2.649	2026-05-01T00:38:48.181Z	2026-05-01T00:38:50.830Z
qwen25-05b	Qwen2.5 0.5B	Qwen/Qwen2.5-0.5B-Instruct	cold-qwen25-05b-0501003742	cold-qwen25-05b-0501003742-worker-3298c294-65dcc98cdd-nkn6h	vllm_child	Worker KV allocation total	Engine initialize_from_config	nested	worker.initialize_from_config_total	instrumented	50.181	50.205	0.024	2026-05-01T00:38:48.181Z	2026-05-01T00:38:48.205Z
qwen25-05b	Qwen2.5 0.5B	Qwen/Qwen2.5-0.5B-Instruct	cold-qwen25-05b-0501003742	cold-qwen25-05b-0501003742-worker-3298c294-65dcc98cdd-nkn6h	vllm_child	Ensure KV transfer init	Worker KV allocation total	nested	worker.ensure_kv_transfer_initialized	instrumented	50.181	50.181	0.000	2026-05-01T00:38:48.180Z	2026-05-01T00:38:48.181Z
qwen25-05b	Qwen2.5 0.5B	Qwen/Qwen2.5-0.5B-Instruct	cold-qwen25-05b-0501003742	cold-qwen25-05b-0501003742-worker-3298c294-65dcc98cdd-nkn6h	vllm_child	Initialize KV cache	Worker KV allocation total	nested	worker.initialize_kv_cache	instrumented	50.181	50.205	0.024	2026-05-01T00:38:48.181Z	2026-05-01T00:38:48.205Z
qwen25-05b	Qwen2.5 0.5B	Qwen/Qwen2.5-0.5B-Instruct	cold-qwen25-05b-0501003742	cold-qwen25-05b-0501003742-worker-3298c294-65dcc98cdd-nkn6h	vllm_child	compile_or_warm_up_model total	Engine initialize_from_config	nested	worker.compile_or_warm_up_model_total	instrumented	50.205	52.829	2.624	2026-05-01T00:38:48.205Z	2026-05-01T00:38:50.829Z
qwen25-05b	Qwen2.5 0.5B	Qwen/Qwen2.5-0.5B-Instruct	cold-qwen25-05b-0501003742	cold-qwen25-05b-0501003742-worker-3298c294-65dcc98cdd-nkn6h	vllm_child	Remove LoRAs after compile warmup	compile_or_warm_up_model total	nested	worker.remove_loras_after_compile_warmup	instrumented	50.205	50.205	0.000	2026-05-01T00:38:48.204Z	2026-05-01T00:38:48.205Z
qwen25-05b	Qwen2.5 0.5B	Qwen/Qwen2.5-0.5B-Instruct	cold-qwen25-05b-0501003742	cold-qwen25-05b-0501003742-worker-3298c294-65dcc98cdd-nkn6h	vllm_child	Kernel warmup	compile_or_warm_up_model total	nested	worker.kernel_warmup	instrumented	50.206	50.306	0.100	2026-05-01T00:38:48.206Z	2026-05-01T00:38:48.306Z
qwen25-05b	Qwen2.5 0.5B	Qwen/Qwen2.5-0.5B-Instruct	cold-qwen25-05b-0501003742	cold-qwen25-05b-0501003742-worker-3298c294-65dcc98cdd-nkn6h	vllm_child	CUDA graph capture	compile_or_warm_up_model total	nested	worker.capture_model	instrumented	50.306	52.813	2.507	2026-05-01T00:38:48.306Z	2026-05-01T00:38:50.813Z
qwen25-05b	Qwen2.5 0.5B	Qwen/Qwen2.5-0.5B-Instruct	cold-qwen25-05b-0501003742	cold-qwen25-05b-0501003742-worker-3298c294-65dcc98cdd-nkn6h	vllm_child	Sampler/V2 warmup	compile_or_warm_up_model total	nested	worker.sampler_warmup	instrumented	52.813	52.829	0.016	2026-05-01T00:38:50.813Z	2026-05-01T00:38:50.829Z
qwen25-05b	Qwen2.5 0.5B	Qwen/Qwen2.5-0.5B-Instruct	cold-qwen25-05b-0501003742	cold-qwen25-05b-0501003742-worker-3298c294-65dcc98cdd-nkn6h	critical_path	Engine post-init parent-process tail		additive	AsyncLLM.from_vllm_config return + parent bookkeeping	inferred-gap	52.830	54.221	1.391	2026-05-01T00:38:50.830Z	2026-05-01T00:38:52.221Z
qwen25-05b	Qwen2.5 0.5B	Qwen/Qwen2.5-0.5B-Instruct	cold-qwen25-05b-0501003742	cold-qwen25-05b-0501003742-worker-3298c294-65dcc98cdd-nkn6h	critical_path	Dynamo registration/discovery to first chat		additive	Dynamo registration + frontend first chat	inferred-gap	54.230	62.521	8.291	2026-05-01T00:38:52.230Z	2026-05-01T00:39:00.521Z
qwen25-7b	Qwen2.5 7B	Qwen/Qwen2.5-7B-Instruct	cold-qwen25-7b-0501003934	cold-qwen25-7b-0501003934-worker-873a3694-6966676647-bgfkb	critical_path	Container start -> first Python/vLLM log		additive	k8s.container.startedAt + worker log	coarse-start	0.000	5.114	5.114	2026-05-01T00:39:49.000Z	2026-05-01T00:39:54.114Z
qwen25-7b	Qwen2.5 7B	Qwen/Qwen2.5-7B-Instruct	cold-qwen25-7b-0501003934	cold-qwen25-7b-0501003934-worker-873a3694-6966676647-bgfkb	critical_path	Main-process vLLM platform detection		additive	vllm.platforms	measured	5.114	5.176	0.062	2026-05-01T00:39:54.114Z	2026-05-01T00:39:54.176Z
qwen25-7b	Qwen2.5 7B	Qwen/Qwen2.5-7B-Instruct	cold-qwen25-7b-0501003934	cold-qwen25-7b-0501003934-worker-873a3694-6966676647-bgfkb	critical_path	Python import / Dynamo module load gap		additive	log gap before dynamo.nixl_connect	inferred-gap	5.176	14.117	8.941	2026-05-01T00:39:54.176Z	2026-05-01T00:40:03.117Z
qwen25-7b	Qwen2.5 7B	Qwen/Qwen2.5-7B-Instruct	cold-qwen25-7b-0501003934	cold-qwen25-7b-0501003934-worker-873a3694-6966676647-bgfkb	critical_path	Dynamo CLI/config parse to offline model path		additive	arg_utils.__post_init__	inferred-gap	14.117	14.810	0.693	2026-05-01T00:40:03.117Z	2026-05-01T00:40:03.810Z
qwen25-7b	Qwen2.5 7B	Qwen/Qwen2.5-7B-Instruct	cold-qwen25-7b-0501003934	cold-qwen25-7b-0501003934-worker-873a3694-6966676647-bgfkb	critical_path	HF cache local path check		additive	dynamo_llm::hub	measured-but-not-blog-critical	14.810	15.123	0.313	2026-05-01T00:40:03.810Z	2026-05-01T00:40:04.123Z
qwen25-7b	Qwen2.5 7B	Qwen/Qwen2.5-7B-Instruct	cold-qwen25-7b-0501003934	cold-qwen25-7b-0501003934-worker-873a3694-6966676647-bgfkb	critical_path	Runtime/discovery/status-server bootstrap		additive	Dynamo runtime logs	measured	15.123	15.138	0.015	2026-05-01T00:40:04.123Z	2026-05-01T00:40:04.138Z
qwen25-7b	Qwen2.5 7B	Qwen/Qwen2.5-7B-Instruct	cold-qwen25-7b-0501003934	cold-qwen25-7b-0501003934-worker-873a3694-6966676647-bgfkb	critical_path	vLLM model-class inspection		additive	registry.inspect_model_cls	measured	15.153	25.283	10.130	2026-05-01T00:40:04.153Z	2026-05-01T00:40:14.283Z
qwen25-7b	Qwen2.5 7B	Qwen/Qwen2.5-7B-Instruct	cold-qwen25-7b-0501003934	cold-qwen25-7b-0501003934-worker-873a3694-6966676647-bgfkb	critical_path	vLLM engine config, tokenizer, renderer, child spawn		additive	create_engine_config + tokenizer/renderer + AsyncLLM child spawn	inferred-gap	25.283	30.866	5.583	2026-05-01T00:40:14.283Z	2026-05-01T00:40:19.866Z
qwen25-7b	Qwen2.5 7B	Qwen/Qwen2.5-7B-Instruct	cold-qwen25-7b-0501003934	cold-qwen25-7b-0501003934-worker-873a3694-6966676647-bgfkb	critical_path	EngineCore child Python/bootstrap		additive	EngineCore logs	measured	30.866	31.697	0.831	2026-05-01T00:40:19.866Z	2026-05-01T00:40:20.697Z
qwen25-7b	Qwen2.5 7B	Qwen/Qwen2.5-7B-Instruct	cold-qwen25-7b-0501003934	cold-qwen25-7b-0501003934-worker-873a3694-6966676647-bgfkb	critical_path	EngineCore pre-load setup		additive	EngineCore setup before worker.load_model	inferred-gap	31.697	34.642	2.945	2026-05-01T00:40:20.697Z	2026-05-01T00:40:23.642Z
qwen25-7b	Qwen2.5 7B	Qwen/Qwen2.5-7B-Instruct	cold-qwen25-7b-0501003934	cold-qwen25-7b-0501003934-worker-873a3694-6966676647-bgfkb	vllm_parent	Model load total		parent	worker.load_model	instrumented	34.642	43.233	8.591	2026-05-01T00:40:23.642Z	2026-05-01T00:40:32.233Z
qwen25-7b	Qwen2.5 7B	Qwen/Qwen2.5-7B-Instruct	cold-qwen25-7b-0501003934	cold-qwen25-7b-0501003934-worker-873a3694-6966676647-bgfkb	vllm_parent	KV/profile/warmup total		parent	engine.initialize_kv_caches_total	instrumented	43.233	61.599	18.366	2026-05-01T00:40:32.233Z	2026-05-01T00:40:50.599Z
qwen25-7b	Qwen2.5 7B	Qwen/Qwen2.5-7B-Instruct	cold-qwen25-7b-0501003934	cold-qwen25-7b-0501003934-worker-873a3694-6966676647-bgfkb	vllm_child	Determine available memory total	KV/profile/warmup total	nested	worker.determine_available_memory_total	instrumented	43.233	58.172	14.939	2026-05-01T00:40:32.233Z	2026-05-01T00:40:47.172Z
qwen25-7b	Qwen2.5 7B	Qwen/Qwen2.5-7B-Instruct	cold-qwen25-7b-0501003934	cold-qwen25-7b-0501003934-worker-873a3694-6966676647-bgfkb	vllm_child	Profile run	Determine available memory total	nested	worker.profile_run	instrumented	43.360	57.353	13.993	2026-05-01T00:40:32.359Z	2026-05-01T00:40:46.353Z
qwen25-7b	Qwen2.5 7B	Qwen/Qwen2.5-7B-Instruct	cold-qwen25-7b-0501003934	cold-qwen25-7b-0501003934-worker-873a3694-6966676647-bgfkb	vllm_child	torch.compile	Profile run	nested	vllm.log.torch_compile	log-duration-derived	43.371	56.641	13.270	2026-05-01T00:40:32.371Z	2026-05-01T00:40:45.641Z
qwen25-7b	Qwen2.5 7B	Qwen/Qwen2.5-7B-Instruct	cold-qwen25-7b-0501003934	cold-qwen25-7b-0501003934-worker-873a3694-6966676647-bgfkb	vllm_child	Initial profiling/warmup forward	Profile run	nested	vllm.log.initial_profile_warmup	log-duration-derived	56.640	57.020	0.380	2026-05-01T00:40:45.640Z	2026-05-01T00:40:46.020Z
qwen25-7b	Qwen2.5 7B	Qwen/Qwen2.5-7B-Instruct	cold-qwen25-7b-0501003934	cold-qwen25-7b-0501003934-worker-873a3694-6966676647-bgfkb	vllm_child	Profile CUDA graph memory	Determine available memory total	nested	worker.profile_cudagraph_memory	instrumented	57.354	58.004	0.650	2026-05-01T00:40:46.353Z	2026-05-01T00:40:47.004Z
qwen25-7b	Qwen2.5 7B	Qwen/Qwen2.5-7B-Instruct	cold-qwen25-7b-0501003934	cold-qwen25-7b-0501003934-worker-873a3694-6966676647-bgfkb	vllm_child	Memory profiling context	Determine available memory total	nested	vllm.log.memory_profiling	log-duration-derived	43.362	58.172	14.810	2026-05-01T00:40:32.362Z	2026-05-01T00:40:47.172Z
qwen25-7b	Qwen2.5 7B	Qwen/Qwen2.5-7B-Instruct	cold-qwen25-7b-0501003934	cold-qwen25-7b-0501003934-worker-873a3694-6966676647-bgfkb	vllm_child	Engine initialize_from_config	KV/profile/warmup total	nested	engine.initialize_from_config	instrumented	58.173	61.598	3.425	2026-05-01T00:40:47.172Z	2026-05-01T00:40:50.598Z
qwen25-7b	Qwen2.5 7B	Qwen/Qwen2.5-7B-Instruct	cold-qwen25-7b-0501003934	cold-qwen25-7b-0501003934-worker-873a3694-6966676647-bgfkb	vllm_child	Worker KV allocation total	Engine initialize_from_config	nested	worker.initialize_from_config_total	instrumented	58.174	58.194	0.020	2026-05-01T00:40:47.173Z	2026-05-01T00:40:47.194Z
qwen25-7b	Qwen2.5 7B	Qwen/Qwen2.5-7B-Instruct	cold-qwen25-7b-0501003934	cold-qwen25-7b-0501003934-worker-873a3694-6966676647-bgfkb	vllm_child	Ensure KV transfer init	Worker KV allocation total	nested	worker.ensure_kv_transfer_initialized	instrumented	58.173	58.173	0.000	2026-05-01T00:40:47.172Z	2026-05-01T00:40:47.173Z
qwen25-7b	Qwen2.5 7B	Qwen/Qwen2.5-7B-Instruct	cold-qwen25-7b-0501003934	cold-qwen25-7b-0501003934-worker-873a3694-6966676647-bgfkb	vllm_child	Initialize KV cache	Worker KV allocation total	nested	worker.initialize_kv_cache	instrumented	58.174	58.194	0.020	2026-05-01T00:40:47.173Z	2026-05-01T00:40:47.194Z
qwen25-7b	Qwen2.5 7B	Qwen/Qwen2.5-7B-Instruct	cold-qwen25-7b-0501003934	cold-qwen25-7b-0501003934-worker-873a3694-6966676647-bgfkb	vllm_child	compile_or_warm_up_model total	Engine initialize_from_config	nested	worker.compile_or_warm_up_model_total	instrumented	58.194	61.598	3.404	2026-05-01T00:40:47.193Z	2026-05-01T00:40:50.598Z
qwen25-7b	Qwen2.5 7B	Qwen/Qwen2.5-7B-Instruct	cold-qwen25-7b-0501003934	cold-qwen25-7b-0501003934-worker-873a3694-6966676647-bgfkb	vllm_child	Remove LoRAs after compile warmup	compile_or_warm_up_model total	nested	worker.remove_loras_after_compile_warmup	instrumented	58.194	58.194	0.000	2026-05-01T00:40:47.193Z	2026-05-01T00:40:47.194Z
qwen25-7b	Qwen2.5 7B	Qwen/Qwen2.5-7B-Instruct	cold-qwen25-7b-0501003934	cold-qwen25-7b-0501003934-worker-873a3694-6966676647-bgfkb	vllm_child	Kernel warmup	compile_or_warm_up_model total	nested	worker.kernel_warmup	instrumented	58.194	58.340	0.146	2026-05-01T00:40:47.194Z	2026-05-01T00:40:47.340Z
qwen25-7b	Qwen2.5 7B	Qwen/Qwen2.5-7B-Instruct	cold-qwen25-7b-0501003934	cold-qwen25-7b-0501003934-worker-873a3694-6966676647-bgfkb	vllm_child	CUDA graph capture	compile_or_warm_up_model total	nested	worker.capture_model	instrumented	58.341	61.585	3.244	2026-05-01T00:40:47.340Z	2026-05-01T00:40:50.585Z
qwen25-7b	Qwen2.5 7B	Qwen/Qwen2.5-7B-Instruct	cold-qwen25-7b-0501003934	cold-qwen25-7b-0501003934-worker-873a3694-6966676647-bgfkb	vllm_child	Sampler/V2 warmup	compile_or_warm_up_model total	nested	worker.sampler_warmup	instrumented	61.586	61.598	0.012	2026-05-01T00:40:50.585Z	2026-05-01T00:40:50.598Z
qwen25-7b	Qwen2.5 7B	Qwen/Qwen2.5-7B-Instruct	cold-qwen25-7b-0501003934	cold-qwen25-7b-0501003934-worker-873a3694-6966676647-bgfkb	critical_path	Engine post-init parent-process tail		additive	AsyncLLM.from_vllm_config return + parent bookkeeping	inferred-gap	61.599	62.285	0.686	2026-05-01T00:40:50.599Z	2026-05-01T00:40:51.285Z
qwen25-7b	Qwen2.5 7B	Qwen/Qwen2.5-7B-Instruct	cold-qwen25-7b-0501003934	cold-qwen25-7b-0501003934-worker-873a3694-6966676647-bgfkb	critical_path	Dynamo registration/discovery to first chat		additive	Dynamo registration + frontend first chat	inferred-gap	62.294	72.662	10.368	2026-05-01T00:40:51.294Z	2026-05-01T00:41:01.662Z
qwen25-14b	Qwen2.5 14B	Qwen/Qwen2.5-14B-Instruct	cold-qwen25-14b-0501004135	cold-qwen25-14b-0501004135-worker-d02df358-546749b5fd-lkkqb	critical_path	Container start -> first Python/vLLM log		additive	k8s.container.startedAt + worker log	coarse-start	0.000	5.497	5.497	2026-05-01T00:41:49.000Z	2026-05-01T00:41:54.497Z
qwen25-14b	Qwen2.5 14B	Qwen/Qwen2.5-14B-Instruct	cold-qwen25-14b-0501004135	cold-qwen25-14b-0501004135-worker-d02df358-546749b5fd-lkkqb	critical_path	Main-process vLLM platform detection		additive	vllm.platforms	measured	5.497	5.560	0.063	2026-05-01T00:41:54.497Z	2026-05-01T00:41:54.560Z
qwen25-14b	Qwen2.5 14B	Qwen/Qwen2.5-14B-Instruct	cold-qwen25-14b-0501004135	cold-qwen25-14b-0501004135-worker-d02df358-546749b5fd-lkkqb	critical_path	Python import / Dynamo module load gap		additive	log gap before dynamo.nixl_connect	inferred-gap	5.560	14.535	8.975	2026-05-01T00:41:54.560Z	2026-05-01T00:42:03.535Z
qwen25-14b	Qwen2.5 14B	Qwen/Qwen2.5-14B-Instruct	cold-qwen25-14b-0501004135	cold-qwen25-14b-0501004135-worker-d02df358-546749b5fd-lkkqb	critical_path	Dynamo CLI/config parse to offline model path		additive	arg_utils.__post_init__	inferred-gap	14.535	15.221	0.686	2026-05-01T00:42:03.535Z	2026-05-01T00:42:04.221Z
qwen25-14b	Qwen2.5 14B	Qwen/Qwen2.5-14B-Instruct	cold-qwen25-14b-0501004135	cold-qwen25-14b-0501004135-worker-d02df358-546749b5fd-lkkqb	critical_path	HF cache local path check		additive	dynamo_llm::hub	measured-but-not-blog-critical	15.221	15.548	0.327	2026-05-01T00:42:04.221Z	2026-05-01T00:42:04.548Z
qwen25-14b	Qwen2.5 14B	Qwen/Qwen2.5-14B-Instruct	cold-qwen25-14b-0501004135	cold-qwen25-14b-0501004135-worker-d02df358-546749b5fd-lkkqb	critical_path	Runtime/discovery/status-server bootstrap		additive	Dynamo runtime logs	measured	15.548	15.562	0.014	2026-05-01T00:42:04.548Z	2026-05-01T00:42:04.562Z
qwen25-14b	Qwen2.5 14B	Qwen/Qwen2.5-14B-Instruct	cold-qwen25-14b-0501004135	cold-qwen25-14b-0501004135-worker-d02df358-546749b5fd-lkkqb	critical_path	vLLM model-class inspection		additive	registry.inspect_model_cls	measured	15.576	25.517	9.941	2026-05-01T00:42:04.576Z	2026-05-01T00:42:14.517Z
qwen25-14b	Qwen2.5 14B	Qwen/Qwen2.5-14B-Instruct	cold-qwen25-14b-0501004135	cold-qwen25-14b-0501004135-worker-d02df358-546749b5fd-lkkqb	critical_path	vLLM engine config, tokenizer, renderer, child spawn		additive	create_engine_config + tokenizer/renderer + AsyncLLM child spawn	inferred-gap	25.517	31.148	5.631	2026-05-01T00:42:14.517Z	2026-05-01T00:42:20.148Z
qwen25-14b	Qwen2.5 14B	Qwen/Qwen2.5-14B-Instruct	cold-qwen25-14b-0501004135	cold-qwen25-14b-0501004135-worker-d02df358-546749b5fd-lkkqb	critical_path	EngineCore child Python/bootstrap		additive	EngineCore logs	measured	31.148	31.994	0.846	2026-05-01T00:42:20.148Z	2026-05-01T00:42:20.994Z
qwen25-14b	Qwen2.5 14B	Qwen/Qwen2.5-14B-Instruct	cold-qwen25-14b-0501004135	cold-qwen25-14b-0501004135-worker-d02df358-546749b5fd-lkkqb	critical_path	EngineCore pre-load setup		additive	EngineCore setup before worker.load_model	inferred-gap	31.994	35.035	3.041	2026-05-01T00:42:20.994Z	2026-05-01T00:42:24.035Z
qwen25-14b	Qwen2.5 14B	Qwen/Qwen2.5-14B-Instruct	cold-qwen25-14b-0501004135	cold-qwen25-14b-0501004135-worker-d02df358-546749b5fd-lkkqb	vllm_parent	Model load total		parent	worker.load_model	instrumented	35.035	42.063	7.028	2026-05-01T00:42:24.035Z	2026-05-01T00:42:31.063Z
qwen25-14b	Qwen2.5 14B	Qwen/Qwen2.5-14B-Instruct	cold-qwen25-14b-0501004135	cold-qwen25-14b-0501004135-worker-d02df358-546749b5fd-lkkqb	vllm_parent	KV/profile/warmup total		parent	engine.initialize_kv_caches_total	instrumented	42.063	67.247	25.184	2026-05-01T00:42:31.063Z	2026-05-01T00:42:56.247Z
qwen25-14b	Qwen2.5 14B	Qwen/Qwen2.5-14B-Instruct	cold-qwen25-14b-0501004135	cold-qwen25-14b-0501004135-worker-d02df358-546749b5fd-lkkqb	vllm_child	Determine available memory total	KV/profile/warmup total	nested	worker.determine_available_memory_total	instrumented	42.064	62.772	20.708	2026-05-01T00:42:31.063Z	2026-05-01T00:42:51.772Z
qwen25-14b	Qwen2.5 14B	Qwen/Qwen2.5-14B-Instruct	cold-qwen25-14b-0501004135	cold-qwen25-14b-0501004135-worker-d02df358-546749b5fd-lkkqb	vllm_child	Profile run	Determine available memory total	nested	worker.profile_run	instrumented	42.183	61.874	19.691	2026-05-01T00:42:31.183Z	2026-05-01T00:42:50.874Z
qwen25-14b	Qwen2.5 14B	Qwen/Qwen2.5-14B-Instruct	cold-qwen25-14b-0501004135	cold-qwen25-14b-0501004135-worker-d02df358-546749b5fd-lkkqb	vllm_child	torch.compile	Profile run	nested	vllm.log.torch_compile	log-duration-derived	42.187	60.997	18.810	2026-05-01T00:42:31.187Z	2026-05-01T00:42:49.997Z
qwen25-14b	Qwen2.5 14B	Qwen/Qwen2.5-14B-Instruct	cold-qwen25-14b-0501004135	cold-qwen25-14b-0501004135-worker-d02df358-546749b5fd-lkkqb	vllm_child	Initial profiling/warmup forward	Profile run	nested	vllm.log.initial_profile_warmup	log-duration-derived	61.001	61.541	0.540	2026-05-01T00:42:50.001Z	2026-05-01T00:42:50.541Z
qwen25-14b	Qwen2.5 14B	Qwen/Qwen2.5-14B-Instruct	cold-qwen25-14b-0501004135	cold-qwen25-14b-0501004135-worker-d02df358-546749b5fd-lkkqb	vllm_child	Profile CUDA graph memory	Determine available memory total	nested	worker.profile_cudagraph_memory	instrumented	61.875	62.593	0.718	2026-05-01T00:42:50.874Z	2026-05-01T00:42:51.593Z
qwen25-14b	Qwen2.5 14B	Qwen/Qwen2.5-14B-Instruct	cold-qwen25-14b-0501004135	cold-qwen25-14b-0501004135-worker-d02df358-546749b5fd-lkkqb	vllm_child	Memory profiling context	Determine available memory total	nested	vllm.log.memory_profiling	log-duration-derived	42.182	62.772	20.590	2026-05-01T00:42:31.182Z	2026-05-01T00:42:51.772Z
qwen25-14b	Qwen2.5 14B	Qwen/Qwen2.5-14B-Instruct	cold-qwen25-14b-0501004135	cold-qwen25-14b-0501004135-worker-d02df358-546749b5fd-lkkqb	vllm_child	Engine initialize_from_config	KV/profile/warmup total	nested	engine.initialize_from_config	instrumented	62.773	67.247	4.474	2026-05-01T00:42:51.773Z	2026-05-01T00:42:56.247Z
qwen25-14b	Qwen2.5 14B	Qwen/Qwen2.5-14B-Instruct	cold-qwen25-14b-0501004135	cold-qwen25-14b-0501004135-worker-d02df358-546749b5fd-lkkqb	vllm_child	Worker KV allocation total	Engine initialize_from_config	nested	worker.initialize_from_config_total	instrumented	62.773	62.797	0.024	2026-05-01T00:42:51.773Z	2026-05-01T00:42:51.797Z
qwen25-14b	Qwen2.5 14B	Qwen/Qwen2.5-14B-Instruct	cold-qwen25-14b-0501004135	cold-qwen25-14b-0501004135-worker-d02df358-546749b5fd-lkkqb	vllm_child	Ensure KV transfer init	Worker KV allocation total	nested	worker.ensure_kv_transfer_initialized	instrumented	62.774	62.774	0.000	2026-05-01T00:42:51.773Z	2026-05-01T00:42:51.774Z
qwen25-14b	Qwen2.5 14B	Qwen/Qwen2.5-14B-Instruct	cold-qwen25-14b-0501004135	cold-qwen25-14b-0501004135-worker-d02df358-546749b5fd-lkkqb	vllm_child	Initialize KV cache	Worker KV allocation total	nested	worker.initialize_kv_cache	instrumented	62.774	62.797	0.023	2026-05-01T00:42:51.773Z	2026-05-01T00:42:51.797Z
qwen25-14b	Qwen2.5 14B	Qwen/Qwen2.5-14B-Instruct	cold-qwen25-14b-0501004135	cold-qwen25-14b-0501004135-worker-d02df358-546749b5fd-lkkqb	vllm_child	compile_or_warm_up_model total	Engine initialize_from_config	nested	worker.compile_or_warm_up_model_total	instrumented	62.798	67.247	4.449	2026-05-01T00:42:51.797Z	2026-05-01T00:42:56.247Z
qwen25-14b	Qwen2.5 14B	Qwen/Qwen2.5-14B-Instruct	cold-qwen25-14b-0501004135	cold-qwen25-14b-0501004135-worker-d02df358-546749b5fd-lkkqb	vllm_child	Remove LoRAs after compile warmup	compile_or_warm_up_model total	nested	worker.remove_loras_after_compile_warmup	instrumented	62.798	62.798	0.000	2026-05-01T00:42:51.797Z	2026-05-01T00:42:51.798Z
qwen25-14b	Qwen2.5 14B	Qwen/Qwen2.5-14B-Instruct	cold-qwen25-14b-0501004135	cold-qwen25-14b-0501004135-worker-d02df358-546749b5fd-lkkqb	vllm_child	Kernel warmup	compile_or_warm_up_model total	nested	worker.kernel_warmup	instrumented	62.798	63.012	0.214	2026-05-01T00:42:51.797Z	2026-05-01T00:42:52.012Z
qwen25-14b	Qwen2.5 14B	Qwen/Qwen2.5-14B-Instruct	cold-qwen25-14b-0501004135	cold-qwen25-14b-0501004135-worker-d02df358-546749b5fd-lkkqb	vllm_child	CUDA graph capture	compile_or_warm_up_model total	nested	worker.capture_model	instrumented	63.013	67.229	4.216	2026-05-01T00:42:52.012Z	2026-05-01T00:42:56.229Z
qwen25-14b	Qwen2.5 14B	Qwen/Qwen2.5-14B-Instruct	cold-qwen25-14b-0501004135	cold-qwen25-14b-0501004135-worker-d02df358-546749b5fd-lkkqb	vllm_child	Sampler/V2 warmup	compile_or_warm_up_model total	nested	worker.sampler_warmup	instrumented	67.229	67.246	0.017	2026-05-01T00:42:56.229Z	2026-05-01T00:42:56.246Z
qwen25-14b	Qwen2.5 14B	Qwen/Qwen2.5-14B-Instruct	cold-qwen25-14b-0501004135	cold-qwen25-14b-0501004135-worker-d02df358-546749b5fd-lkkqb	critical_path	Engine post-init parent-process tail		additive	AsyncLLM.from_vllm_config return + parent bookkeeping	inferred-gap	67.247	67.882	0.635	2026-05-01T00:42:56.247Z	2026-05-01T00:42:56.882Z
qwen25-14b	Qwen2.5 14B	Qwen/Qwen2.5-14B-Instruct	cold-qwen25-14b-0501004135	cold-qwen25-14b-0501004135-worker-d02df358-546749b5fd-lkkqb	critical_path	Dynamo registration/discovery to first chat		additive	Dynamo registration + frontend first chat	inferred-gap	67.890	73.533	5.643	2026-05-01T00:42:56.890Z	2026-05-01T00:43:02.533Z
qwen25-32b	Qwen2.5 32B	Qwen/Qwen2.5-32B-Instruct	cold-qwen25-32b-0501004337	cold-qwen25-32b-0501004337-worker-d6eb25ad-75db98fbcc-5w9ct	critical_path	Container start -> first Python/vLLM log		additive	k8s.container.startedAt + worker log	coarse-start	0.000	5.606	5.606	2026-05-01T00:43:59.000Z	2026-05-01T00:44:04.606Z
qwen25-32b	Qwen2.5 32B	Qwen/Qwen2.5-32B-Instruct	cold-qwen25-32b-0501004337	cold-qwen25-32b-0501004337-worker-d6eb25ad-75db98fbcc-5w9ct	critical_path	Main-process vLLM platform detection		additive	vllm.platforms	measured	5.606	5.668	0.062	2026-05-01T00:44:04.606Z	2026-05-01T00:44:04.668Z
qwen25-32b	Qwen2.5 32B	Qwen/Qwen2.5-32B-Instruct	cold-qwen25-32b-0501004337	cold-qwen25-32b-0501004337-worker-d6eb25ad-75db98fbcc-5w9ct	critical_path	Python import / Dynamo module load gap		additive	log gap before dynamo.nixl_connect	inferred-gap	5.668	14.635	8.967	2026-05-01T00:44:04.668Z	2026-05-01T00:44:13.635Z
qwen25-32b	Qwen2.5 32B	Qwen/Qwen2.5-32B-Instruct	cold-qwen25-32b-0501004337	cold-qwen25-32b-0501004337-worker-d6eb25ad-75db98fbcc-5w9ct	critical_path	Dynamo CLI/config parse to offline model path		additive	arg_utils.__post_init__	inferred-gap	14.635	15.318	0.683	2026-05-01T00:44:13.635Z	2026-05-01T00:44:14.318Z
qwen25-32b	Qwen2.5 32B	Qwen/Qwen2.5-32B-Instruct	cold-qwen25-32b-0501004337	cold-qwen25-32b-0501004337-worker-d6eb25ad-75db98fbcc-5w9ct	critical_path	HF cache local path check		additive	dynamo_llm::hub	measured-but-not-blog-critical	15.318	15.637	0.319	2026-05-01T00:44:14.318Z	2026-05-01T00:44:14.637Z
qwen25-32b	Qwen2.5 32B	Qwen/Qwen2.5-32B-Instruct	cold-qwen25-32b-0501004337	cold-qwen25-32b-0501004337-worker-d6eb25ad-75db98fbcc-5w9ct	critical_path	Runtime/discovery/status-server bootstrap		additive	Dynamo runtime logs	measured	15.637	15.652	0.015	2026-05-01T00:44:14.637Z	2026-05-01T00:44:14.652Z
qwen25-32b	Qwen2.5 32B	Qwen/Qwen2.5-32B-Instruct	cold-qwen25-32b-0501004337	cold-qwen25-32b-0501004337-worker-d6eb25ad-75db98fbcc-5w9ct	critical_path	vLLM model-class inspection		additive	registry.inspect_model_cls	measured	15.669	25.655	9.986	2026-05-01T00:44:14.669Z	2026-05-01T00:44:24.655Z
qwen25-32b	Qwen2.5 32B	Qwen/Qwen2.5-32B-Instruct	cold-qwen25-32b-0501004337	cold-qwen25-32b-0501004337-worker-d6eb25ad-75db98fbcc-5w9ct	critical_path	vLLM engine config, tokenizer, renderer, child spawn		additive	create_engine_config + tokenizer/renderer + AsyncLLM child spawn	inferred-gap	25.655	31.248	5.593	2026-05-01T00:44:24.655Z	2026-05-01T00:44:30.248Z
qwen25-32b	Qwen2.5 32B	Qwen/Qwen2.5-32B-Instruct	cold-qwen25-32b-0501004337	cold-qwen25-32b-0501004337-worker-d6eb25ad-75db98fbcc-5w9ct	critical_path	EngineCore child Python/bootstrap		additive	EngineCore logs	measured	31.248	32.081	0.833	2026-05-01T00:44:30.248Z	2026-05-01T00:44:31.081Z
qwen25-32b	Qwen2.5 32B	Qwen/Qwen2.5-32B-Instruct	cold-qwen25-32b-0501004337	cold-qwen25-32b-0501004337-worker-d6eb25ad-75db98fbcc-5w9ct	critical_path	EngineCore pre-load setup		additive	EngineCore setup before worker.load_model	inferred-gap	32.081	35.052	2.971	2026-05-01T00:44:31.081Z	2026-05-01T00:44:34.051Z
qwen25-32b	Qwen2.5 32B	Qwen/Qwen2.5-32B-Instruct	cold-qwen25-32b-0501004337	cold-qwen25-32b-0501004337-worker-d6eb25ad-75db98fbcc-5w9ct	vllm_parent	Model load total		parent	worker.load_model	instrumented	35.052	49.990	14.938	2026-05-01T00:44:34.051Z	2026-05-01T00:44:48.990Z
qwen25-32b	Qwen2.5 32B	Qwen/Qwen2.5-32B-Instruct	cold-qwen25-32b-0501004337	cold-qwen25-32b-0501004337-worker-d6eb25ad-75db98fbcc-5w9ct	vllm_parent	KV/profile/warmup total		parent	engine.initialize_kv_caches_total	instrumented	49.991	80.535	30.544	2026-05-01T00:44:48.990Z	2026-05-01T00:45:19.535Z
qwen25-32b	Qwen2.5 32B	Qwen/Qwen2.5-32B-Instruct	cold-qwen25-32b-0501004337	cold-qwen25-32b-0501004337-worker-d6eb25ad-75db98fbcc-5w9ct	vllm_child	Determine available memory total	KV/profile/warmup total	nested	worker.determine_available_memory_total	instrumented	49.991	74.444	24.453	2026-05-01T00:44:48.990Z	2026-05-01T00:45:13.444Z
qwen25-32b	Qwen2.5 32B	Qwen/Qwen2.5-32B-Instruct	cold-qwen25-32b-0501004337	cold-qwen25-32b-0501004337-worker-d6eb25ad-75db98fbcc-5w9ct	vllm_child	Profile run	Determine available memory total	nested	worker.profile_run	instrumented	50.120	73.388	23.268	2026-05-01T00:44:49.119Z	2026-05-01T00:45:12.388Z
qwen25-32b	Qwen2.5 32B	Qwen/Qwen2.5-32B-Instruct	cold-qwen25-32b-0501004337	cold-qwen25-32b-0501004337-worker-d6eb25ad-75db98fbcc-5w9ct	vllm_child	torch.compile	Profile run	nested	vllm.log.torch_compile	log-duration-derived	50.127	72.337	22.210	2026-05-01T00:44:49.127Z	2026-05-01T00:45:11.337Z
qwen25-32b	Qwen2.5 32B	Qwen/Qwen2.5-32B-Instruct	cold-qwen25-32b-0501004337	cold-qwen25-32b-0501004337-worker-d6eb25ad-75db98fbcc-5w9ct	vllm_child	Initial profiling/warmup forward	Profile run	nested	vllm.log.initial_profile_warmup	log-duration-derived	72.337	73.047	0.710	2026-05-01T00:45:11.337Z	2026-05-01T00:45:12.047Z
qwen25-32b	Qwen2.5 32B	Qwen/Qwen2.5-32B-Instruct	cold-qwen25-32b-0501004337	cold-qwen25-32b-0501004337-worker-d6eb25ad-75db98fbcc-5w9ct	vllm_child	Profile CUDA graph memory	Determine available memory total	nested	worker.profile_cudagraph_memory	instrumented	73.389	74.251	0.862	2026-05-01T00:45:12.388Z	2026-05-01T00:45:13.251Z
qwen25-32b	Qwen2.5 32B	Qwen/Qwen2.5-32B-Instruct	cold-qwen25-32b-0501004337	cold-qwen25-32b-0501004337-worker-d6eb25ad-75db98fbcc-5w9ct	vllm_child	Memory profiling context	Determine available memory total	nested	vllm.log.memory_profiling	log-duration-derived	50.123	74.443	24.320	2026-05-01T00:44:49.123Z	2026-05-01T00:45:13.443Z
qwen25-32b	Qwen2.5 32B	Qwen/Qwen2.5-32B-Instruct	cold-qwen25-32b-0501004337	cold-qwen25-32b-0501004337-worker-d6eb25ad-75db98fbcc-5w9ct	vllm_child	Engine initialize_from_config	KV/profile/warmup total	nested	engine.initialize_from_config	instrumented	74.446	80.535	6.089	2026-05-01T00:45:13.445Z	2026-05-01T00:45:19.535Z
qwen25-32b	Qwen2.5 32B	Qwen/Qwen2.5-32B-Instruct	cold-qwen25-32b-0501004337	cold-qwen25-32b-0501004337-worker-d6eb25ad-75db98fbcc-5w9ct	vllm_child	Worker KV allocation total	Engine initialize_from_config	nested	worker.initialize_from_config_total	instrumented	74.446	74.470	0.024	2026-05-01T00:45:13.445Z	2026-05-01T00:45:13.470Z
qwen25-32b	Qwen2.5 32B	Qwen/Qwen2.5-32B-Instruct	cold-qwen25-32b-0501004337	cold-qwen25-32b-0501004337-worker-d6eb25ad-75db98fbcc-5w9ct	vllm_child	Ensure KV transfer init	Worker KV allocation total	nested	worker.ensure_kv_transfer_initialized	instrumented	74.446	74.446	0.000	2026-05-01T00:45:13.445Z	2026-05-01T00:45:13.446Z
qwen25-32b	Qwen2.5 32B	Qwen/Qwen2.5-32B-Instruct	cold-qwen25-32b-0501004337	cold-qwen25-32b-0501004337-worker-d6eb25ad-75db98fbcc-5w9ct	vllm_child	Initialize KV cache	Worker KV allocation total	nested	worker.initialize_kv_cache	instrumented	74.446	74.470	0.024	2026-05-01T00:45:13.446Z	2026-05-01T00:45:13.470Z
qwen25-32b	Qwen2.5 32B	Qwen/Qwen2.5-32B-Instruct	cold-qwen25-32b-0501004337	cold-qwen25-32b-0501004337-worker-d6eb25ad-75db98fbcc-5w9ct	vllm_child	compile_or_warm_up_model total	Engine initialize_from_config	nested	worker.compile_or_warm_up_model_total	instrumented	74.470	80.534	6.064	2026-05-01T00:45:13.469Z	2026-05-01T00:45:19.534Z
qwen25-32b	Qwen2.5 32B	Qwen/Qwen2.5-32B-Instruct	cold-qwen25-32b-0501004337	cold-qwen25-32b-0501004337-worker-d6eb25ad-75db98fbcc-5w9ct	vllm_child	Remove LoRAs after compile warmup	compile_or_warm_up_model total	nested	worker.remove_loras_after_compile_warmup	instrumented	74.470	74.470	0.000	2026-05-01T00:45:13.469Z	2026-05-01T00:45:13.470Z
qwen25-32b	Qwen2.5 32B	Qwen/Qwen2.5-32B-Instruct	cold-qwen25-32b-0501004337	cold-qwen25-32b-0501004337-worker-d6eb25ad-75db98fbcc-5w9ct	vllm_child	Kernel warmup	compile_or_warm_up_model total	nested	worker.kernel_warmup	instrumented	74.471	74.855	0.384	2026-05-01T00:45:13.470Z	2026-05-01T00:45:13.855Z
qwen25-32b	Qwen2.5 32B	Qwen/Qwen2.5-32B-Instruct	cold-qwen25-32b-0501004337	cold-qwen25-32b-0501004337-worker-d6eb25ad-75db98fbcc-5w9ct	vllm_child	CUDA graph capture	compile_or_warm_up_model total	nested	worker.capture_model	instrumented	74.855	80.514	5.659	2026-05-01T00:45:13.855Z	2026-05-01T00:45:19.514Z
qwen25-32b	Qwen2.5 32B	Qwen/Qwen2.5-32B-Instruct	cold-qwen25-32b-0501004337	cold-qwen25-32b-0501004337-worker-d6eb25ad-75db98fbcc-5w9ct	vllm_child	Sampler/V2 warmup	compile_or_warm_up_model total	nested	worker.sampler_warmup	instrumented	80.514	80.534	0.020	2026-05-01T00:45:19.514Z	2026-05-01T00:45:19.534Z
qwen25-32b	Qwen2.5 32B	Qwen/Qwen2.5-32B-Instruct	cold-qwen25-32b-0501004337	cold-qwen25-32b-0501004337-worker-d6eb25ad-75db98fbcc-5w9ct	critical_path	Engine post-init parent-process tail		additive	AsyncLLM.from_vllm_config return + parent bookkeeping	inferred-gap	80.535	81.195	0.660	2026-05-01T00:45:19.535Z	2026-05-01T00:45:20.195Z
qwen25-32b	Qwen2.5 32B	Qwen/Qwen2.5-32B-Instruct	cold-qwen25-32b-0501004337	cold-qwen25-32b-0501004337-worker-d6eb25ad-75db98fbcc-5w9ct	critical_path	Dynamo registration/discovery to first chat		additive	Dynamo registration + frontend first chat	inferred-gap	81.242	94.646	13.404	2026-05-01T00:45:20.242Z	2026-05-01T00:45:33.646Z
qwen25-72b	Qwen2.5 72B	Qwen/Qwen2.5-72B-Instruct	cold-qwen25-72b-0501004611	cold-qwen25-72b-0501004611-worker-97c8522c-77d4744bc5-qmh97	critical_path	Container start -> first Python/vLLM log		additive	k8s.container.startedAt + worker log	coarse-start	0.000	5.085	5.085	2026-05-01T00:46:40.000Z	2026-05-01T00:46:45.085Z
qwen25-72b	Qwen2.5 72B	Qwen/Qwen2.5-72B-Instruct	cold-qwen25-72b-0501004611	cold-qwen25-72b-0501004611-worker-97c8522c-77d4744bc5-qmh97	critical_path	Main-process vLLM platform detection		additive	vllm.platforms	measured	5.085	5.148	0.063	2026-05-01T00:46:45.085Z	2026-05-01T00:46:45.148Z
qwen25-72b	Qwen2.5 72B	Qwen/Qwen2.5-72B-Instruct	cold-qwen25-72b-0501004611	cold-qwen25-72b-0501004611-worker-97c8522c-77d4744bc5-qmh97	critical_path	Python import / Dynamo module load gap		additive	log gap before dynamo.nixl_connect	inferred-gap	5.148	14.170	9.022	2026-05-01T00:46:45.148Z	2026-05-01T00:46:54.170Z
qwen25-72b	Qwen2.5 72B	Qwen/Qwen2.5-72B-Instruct	cold-qwen25-72b-0501004611	cold-qwen25-72b-0501004611-worker-97c8522c-77d4744bc5-qmh97	critical_path	Dynamo CLI/config parse to offline model path		additive	arg_utils.__post_init__	inferred-gap	14.170	14.834	0.664	2026-05-01T00:46:54.170Z	2026-05-01T00:46:54.834Z
qwen25-72b	Qwen2.5 72B	Qwen/Qwen2.5-72B-Instruct	cold-qwen25-72b-0501004611	cold-qwen25-72b-0501004611-worker-97c8522c-77d4744bc5-qmh97	critical_path	HF cache local path check		additive	dynamo_llm::hub	measured-but-not-blog-critical	14.834	15.143	0.309	2026-05-01T00:46:54.834Z	2026-05-01T00:46:55.143Z
qwen25-72b	Qwen2.5 72B	Qwen/Qwen2.5-72B-Instruct	cold-qwen25-72b-0501004611	cold-qwen25-72b-0501004611-worker-97c8522c-77d4744bc5-qmh97	critical_path	Runtime/discovery/status-server bootstrap		additive	Dynamo runtime logs	measured	15.143	15.158	0.015	2026-05-01T00:46:55.143Z	2026-05-01T00:46:55.158Z
qwen25-72b	Qwen2.5 72B	Qwen/Qwen2.5-72B-Instruct	cold-qwen25-72b-0501004611	cold-qwen25-72b-0501004611-worker-97c8522c-77d4744bc5-qmh97	critical_path	vLLM model-class inspection		additive	registry.inspect_model_cls	measured	15.187	25.234	10.047	2026-05-01T00:46:55.187Z	2026-05-01T00:47:05.234Z
qwen25-72b	Qwen2.5 72B	Qwen/Qwen2.5-72B-Instruct	cold-qwen25-72b-0501004611	cold-qwen25-72b-0501004611-worker-97c8522c-77d4744bc5-qmh97	critical_path	vLLM engine config, tokenizer, renderer, child spawn		additive	create_engine_config + tokenizer/renderer + AsyncLLM child spawn	inferred-gap	25.234	30.804	5.570	2026-05-01T00:47:05.234Z	2026-05-01T00:47:10.804Z
qwen25-72b	Qwen2.5 72B	Qwen/Qwen2.5-72B-Instruct	cold-qwen25-72b-0501004611	cold-qwen25-72b-0501004611-worker-97c8522c-77d4744bc5-qmh97	critical_path	EngineCore child Python/bootstrap		additive	EngineCore logs	measured	30.804	31.639	0.835	2026-05-01T00:47:10.804Z	2026-05-01T00:47:11.639Z
qwen25-72b	Qwen2.5 72B	Qwen/Qwen2.5-72B-Instruct	cold-qwen25-72b-0501004611	cold-qwen25-72b-0501004611-worker-97c8522c-77d4744bc5-qmh97	critical_path	EngineCore pre-load setup		additive	EngineCore setup before worker.load_model	inferred-gap	31.639	34.598	2.959	2026-05-01T00:47:11.639Z	2026-05-01T00:47:14.598Z
qwen25-72b	Qwen2.5 72B	Qwen/Qwen2.5-72B-Instruct	cold-qwen25-72b-0501004611	cold-qwen25-72b-0501004611-worker-97c8522c-77d4744bc5-qmh97	vllm_parent	Model load total		parent	worker.load_model	instrumented	34.598	66.463	31.865	2026-05-01T00:47:14.598Z	2026-05-01T00:47:46.463Z
qwen25-72b	Qwen2.5 72B	Qwen/Qwen2.5-72B-Instruct	cold-qwen25-72b-0501004611	cold-qwen25-72b-0501004611-worker-97c8522c-77d4744bc5-qmh97	vllm_parent	KV/profile/warmup total		parent	engine.initialize_kv_caches_total	instrumented	66.464	103.878	37.414	2026-05-01T00:47:46.463Z	2026-05-01T00:48:23.878Z
qwen25-72b	Qwen2.5 72B	Qwen/Qwen2.5-72B-Instruct	cold-qwen25-72b-0501004611	cold-qwen25-72b-0501004611-worker-97c8522c-77d4744bc5-qmh97	vllm_child	Determine available memory total	KV/profile/warmup total	nested	worker.determine_available_memory_total	instrumented	66.464	94.873	28.409	2026-05-01T00:47:46.464Z	2026-05-01T00:48:14.873Z
qwen25-72b	Qwen2.5 72B	Qwen/Qwen2.5-72B-Instruct	cold-qwen25-72b-0501004611	cold-qwen25-72b-0501004611-worker-97c8522c-77d4744bc5-qmh97	vllm_child	Profile run	Determine available memory total	nested	worker.profile_run	instrumented	66.591	93.653	27.062	2026-05-01T00:47:46.591Z	2026-05-01T00:48:13.653Z
qwen25-72b	Qwen2.5 72B	Qwen/Qwen2.5-72B-Instruct	cold-qwen25-72b-0501004611	cold-qwen25-72b-0501004611-worker-97c8522c-77d4744bc5-qmh97	vllm_child	torch.compile	Profile run	nested	vllm.log.torch_compile	log-duration-derived	66.600	92.200	25.600	2026-05-01T00:47:46.600Z	2026-05-01T00:48:12.200Z
qwen25-72b	Qwen2.5 72B	Qwen/Qwen2.5-72B-Instruct	cold-qwen25-72b-0501004611	cold-qwen25-72b-0501004611-worker-97c8522c-77d4744bc5-qmh97	vllm_child	Initial profiling/warmup forward	Profile run	nested	vllm.log.initial_profile_warmup	log-duration-derived	92.197	93.287	1.090	2026-05-01T00:48:12.197Z	2026-05-01T00:48:13.287Z
qwen25-72b	Qwen2.5 72B	Qwen/Qwen2.5-72B-Instruct	cold-qwen25-72b-0501004611	cold-qwen25-72b-0501004611-worker-97c8522c-77d4744bc5-qmh97	vllm_child	Profile CUDA graph memory	Determine available memory total	nested	worker.profile_cudagraph_memory	instrumented	93.654	94.663	1.009	2026-05-01T00:48:13.653Z	2026-05-01T00:48:14.663Z
qwen25-72b	Qwen2.5 72B	Qwen/Qwen2.5-72B-Instruct	cold-qwen25-72b-0501004611	cold-qwen25-72b-0501004611-worker-97c8522c-77d4744bc5-qmh97	vllm_child	Memory profiling context	Determine available memory total	nested	vllm.log.memory_profiling	log-duration-derived	66.593	94.873	28.280	2026-05-01T00:47:46.593Z	2026-05-01T00:48:14.873Z
qwen25-72b	Qwen2.5 72B	Qwen/Qwen2.5-72B-Instruct	cold-qwen25-72b-0501004611	cold-qwen25-72b-0501004611-worker-97c8522c-77d4744bc5-qmh97	vllm_child	Engine initialize_from_config	KV/profile/warmup total	nested	engine.initialize_from_config	instrumented	94.875	103.878	9.003	2026-05-01T00:48:14.874Z	2026-05-01T00:48:23.878Z
qwen25-72b	Qwen2.5 72B	Qwen/Qwen2.5-72B-Instruct	cold-qwen25-72b-0501004611	cold-qwen25-72b-0501004611-worker-97c8522c-77d4744bc5-qmh97	vllm_child	Worker KV allocation total	Engine initialize_from_config	nested	worker.initialize_from_config_total	instrumented	94.875	94.891	0.016	2026-05-01T00:48:14.875Z	2026-05-01T00:48:14.891Z
qwen25-72b	Qwen2.5 72B	Qwen/Qwen2.5-72B-Instruct	cold-qwen25-72b-0501004611	cold-qwen25-72b-0501004611-worker-97c8522c-77d4744bc5-qmh97	vllm_child	Ensure KV transfer init	Worker KV allocation total	nested	worker.ensure_kv_transfer_initialized	instrumented	94.875	94.875	0.000	2026-05-01T00:48:14.874Z	2026-05-01T00:48:14.875Z
qwen25-72b	Qwen2.5 72B	Qwen/Qwen2.5-72B-Instruct	cold-qwen25-72b-0501004611	cold-qwen25-72b-0501004611-worker-97c8522c-77d4744bc5-qmh97	vllm_child	Initialize KV cache	Worker KV allocation total	nested	worker.initialize_kv_cache	instrumented	94.875	94.890	0.015	2026-05-01T00:48:14.874Z	2026-05-01T00:48:14.890Z
qwen25-72b	Qwen2.5 72B	Qwen/Qwen2.5-72B-Instruct	cold-qwen25-72b-0501004611	cold-qwen25-72b-0501004611-worker-97c8522c-77d4744bc5-qmh97	vllm_child	compile_or_warm_up_model total	Engine initialize_from_config	nested	worker.compile_or_warm_up_model_total	instrumented	94.891	103.878	8.987	2026-05-01T00:48:14.891Z	2026-05-01T00:48:23.878Z
qwen25-72b	Qwen2.5 72B	Qwen/Qwen2.5-72B-Instruct	cold-qwen25-72b-0501004611	cold-qwen25-72b-0501004611-worker-97c8522c-77d4744bc5-qmh97	vllm_child	Remove LoRAs after compile warmup	compile_or_warm_up_model total	nested	worker.remove_loras_after_compile_warmup	instrumented	94.891	94.891	0.000	2026-05-01T00:48:14.890Z	2026-05-01T00:48:14.891Z
qwen25-72b	Qwen2.5 72B	Qwen/Qwen2.5-72B-Instruct	cold-qwen25-72b-0501004611	cold-qwen25-72b-0501004611-worker-97c8522c-77d4744bc5-qmh97	vllm_child	Kernel warmup	compile_or_warm_up_model total	nested	worker.kernel_warmup	instrumented	94.891	95.634	0.743	2026-05-01T00:48:14.891Z	2026-05-01T00:48:15.634Z
qwen25-72b	Qwen2.5 72B	Qwen/Qwen2.5-72B-Instruct	cold-qwen25-72b-0501004611	cold-qwen25-72b-0501004611-worker-97c8522c-77d4744bc5-qmh97	vllm_child	CUDA graph capture	compile_or_warm_up_model total	nested	worker.capture_model	instrumented	95.634	103.852	8.218	2026-05-01T00:48:15.633Z	2026-05-01T00:48:23.852Z
qwen25-72b	Qwen2.5 72B	Qwen/Qwen2.5-72B-Instruct	cold-qwen25-72b-0501004611	cold-qwen25-72b-0501004611-worker-97c8522c-77d4744bc5-qmh97	vllm_child	Sampler/V2 warmup	compile_or_warm_up_model total	nested	worker.sampler_warmup	instrumented	103.853	103.877	0.024	2026-05-01T00:48:23.852Z	2026-05-01T00:48:23.877Z
qwen25-72b	Qwen2.5 72B	Qwen/Qwen2.5-72B-Instruct	cold-qwen25-72b-0501004611	cold-qwen25-72b-0501004611-worker-97c8522c-77d4744bc5-qmh97	critical_path	Engine post-init parent-process tail		additive	AsyncLLM.from_vllm_config return + parent bookkeeping	inferred-gap	103.878	104.558	0.680	2026-05-01T00:48:23.878Z	2026-05-01T00:48:24.558Z
qwen25-72b	Qwen2.5 72B	Qwen/Qwen2.5-72B-Instruct	cold-qwen25-72b-0501004611	cold-qwen25-72b-0501004611-worker-97c8522c-77d4744bc5-qmh97	critical_path	Dynamo registration/discovery to first chat		additive	Dynamo registration + frontend first chat	inferred-gap	104.606	111.688	7.082	2026-05-01T00:48:24.606Z	2026-05-01T00:48:31.688Z
gpt-oss-120b	GPT-OSS 120B	openai/gpt-oss-120b	cold-gpt-oss-120b-0501005551	cold-gpt-oss-120b-0501005551-worker-ba8ec77b-555b7487d-rbfgk	critical_path	Container start -> first Python/vLLM log		additive	k8s.container.startedAt + worker log	coarse-start	0.000	5.178	5.178	2026-05-01T00:56:04.000Z	2026-05-01T00:56:09.178Z
gpt-oss-120b	GPT-OSS 120B	openai/gpt-oss-120b	cold-gpt-oss-120b-0501005551	cold-gpt-oss-120b-0501005551-worker-ba8ec77b-555b7487d-rbfgk	critical_path	Main-process vLLM platform detection		additive	vllm.platforms	measured	5.178	5.241	0.063	2026-05-01T00:56:09.178Z	2026-05-01T00:56:09.241Z
gpt-oss-120b	GPT-OSS 120B	openai/gpt-oss-120b	cold-gpt-oss-120b-0501005551	cold-gpt-oss-120b-0501005551-worker-ba8ec77b-555b7487d-rbfgk	critical_path	Python import / Dynamo module load gap		additive	log gap before dynamo.nixl_connect	inferred-gap	5.241	14.235	8.994	2026-05-01T00:56:09.241Z	2026-05-01T00:56:18.235Z
gpt-oss-120b	GPT-OSS 120B	openai/gpt-oss-120b	cold-gpt-oss-120b-0501005551	cold-gpt-oss-120b-0501005551-worker-ba8ec77b-555b7487d-rbfgk	critical_path	Dynamo CLI/config parse to offline model path		additive	arg_utils.__post_init__	inferred-gap	14.235	14.898	0.663	2026-05-01T00:56:18.235Z	2026-05-01T00:56:18.898Z
gpt-oss-120b	GPT-OSS 120B	openai/gpt-oss-120b	cold-gpt-oss-120b-0501005551	cold-gpt-oss-120b-0501005551-worker-ba8ec77b-555b7487d-rbfgk	critical_path	HF cache local path check		additive	dynamo_llm::hub	measured-but-not-blog-critical	14.898	15.201	0.303	2026-05-01T00:56:18.898Z	2026-05-01T00:56:19.201Z
gpt-oss-120b	GPT-OSS 120B	openai/gpt-oss-120b	cold-gpt-oss-120b-0501005551	cold-gpt-oss-120b-0501005551-worker-ba8ec77b-555b7487d-rbfgk	critical_path	Runtime/discovery/status-server bootstrap		additive	Dynamo runtime logs	measured	15.201	15.216	0.015	2026-05-01T00:56:19.201Z	2026-05-01T00:56:19.216Z
gpt-oss-120b	GPT-OSS 120B	openai/gpt-oss-120b	cold-gpt-oss-120b-0501005551	cold-gpt-oss-120b-0501005551-worker-ba8ec77b-555b7487d-rbfgk	critical_path	vLLM model-class inspection		additive	registry.inspect_model_cls	measured	15.244	25.192	9.948	2026-05-01T00:56:19.244Z	2026-05-01T00:56:29.192Z
gpt-oss-120b	GPT-OSS 120B	openai/gpt-oss-120b	cold-gpt-oss-120b-0501005551	cold-gpt-oss-120b-0501005551-worker-ba8ec77b-555b7487d-rbfgk	critical_path	vLLM engine config, tokenizer, renderer, child spawn		additive	create_engine_config + tokenizer/renderer + AsyncLLM child spawn	inferred-gap	25.192	32.425	7.233	2026-05-01T00:56:29.192Z	2026-05-01T00:56:36.425Z
gpt-oss-120b	GPT-OSS 120B	openai/gpt-oss-120b	cold-gpt-oss-120b-0501005551	cold-gpt-oss-120b-0501005551-worker-ba8ec77b-555b7487d-rbfgk	critical_path	EngineCore child Python/bootstrap		additive	EngineCore logs	measured	32.425	34.188	1.763	2026-05-01T00:56:36.425Z	2026-05-01T00:56:38.188Z
gpt-oss-120b	GPT-OSS 120B	openai/gpt-oss-120b	cold-gpt-oss-120b-0501005551	cold-gpt-oss-120b-0501005551-worker-ba8ec77b-555b7487d-rbfgk	critical_path	EngineCore pre-load setup		additive	EngineCore setup before worker.load_model	inferred-gap	34.188	36.216	2.028	2026-05-01T00:56:38.188Z	2026-05-01T00:56:40.215Z
gpt-oss-120b	GPT-OSS 120B	openai/gpt-oss-120b	cold-gpt-oss-120b-0501005551	cold-gpt-oss-120b-0501005551-worker-ba8ec77b-555b7487d-rbfgk	vllm_parent	Model load total		parent	worker.load_model	instrumented	36.216	49.789	13.573	2026-05-01T00:56:40.215Z	2026-05-01T00:56:53.789Z
gpt-oss-120b	GPT-OSS 120B	openai/gpt-oss-120b	cold-gpt-oss-120b-0501005551	cold-gpt-oss-120b-0501005551-worker-ba8ec77b-555b7487d-rbfgk	vllm_parent	KV/profile/warmup total		parent	engine.initialize_kv_caches_total	instrumented	49.789	90.680	40.891	2026-05-01T00:56:53.789Z	2026-05-01T00:57:34.680Z
gpt-oss-120b	GPT-OSS 120B	openai/gpt-oss-120b	cold-gpt-oss-120b-0501005551	cold-gpt-oss-120b-0501005551-worker-ba8ec77b-555b7487d-rbfgk	vllm_child	Determine available memory total	KV/profile/warmup total	nested	worker.determine_available_memory_total	instrumented	49.790	67.983	18.193	2026-05-01T00:56:53.789Z	2026-05-01T00:57:11.983Z
gpt-oss-120b	GPT-OSS 120B	openai/gpt-oss-120b	cold-gpt-oss-120b-0501005551	cold-gpt-oss-120b-0501005551-worker-ba8ec77b-555b7487d-rbfgk	vllm_child	Profile run	Determine available memory total	nested	worker.profile_run	instrumented	49.908	66.679	16.771	2026-05-01T00:56:53.908Z	2026-05-01T00:57:10.679Z
gpt-oss-120b	GPT-OSS 120B	openai/gpt-oss-120b	cold-gpt-oss-120b-0501005551	cold-gpt-oss-120b-0501005551-worker-ba8ec77b-555b7487d-rbfgk	vllm_child	torch.compile	Profile run	nested	vllm.log.torch_compile	log-duration-derived	49.918	65.588	15.670	2026-05-01T00:56:53.918Z	2026-05-01T00:57:09.588Z
gpt-oss-120b	GPT-OSS 120B	openai/gpt-oss-120b	cold-gpt-oss-120b-0501005551	cold-gpt-oss-120b-0501005551-worker-ba8ec77b-555b7487d-rbfgk	vllm_child	Initial profiling/warmup forward	Profile run	nested	vllm.log.initial_profile_warmup	log-duration-derived	65.586	66.366	0.780	2026-05-01T00:57:09.586Z	2026-05-01T00:57:10.366Z
gpt-oss-120b	GPT-OSS 120B	openai/gpt-oss-120b	cold-gpt-oss-120b-0501005551	cold-gpt-oss-120b-0501005551-worker-ba8ec77b-555b7487d-rbfgk	vllm_child	Profile CUDA graph memory	Determine available memory total	nested	worker.profile_cudagraph_memory	instrumented	66.679	67.805	1.126	2026-05-01T00:57:10.678Z	2026-05-01T00:57:11.805Z
gpt-oss-120b	GPT-OSS 120B	openai/gpt-oss-120b	cold-gpt-oss-120b-0501005551	cold-gpt-oss-120b-0501005551-worker-ba8ec77b-555b7487d-rbfgk	vllm_child	Memory profiling context	Determine available memory total	nested	vllm.log.memory_profiling	log-duration-derived	49.912	67.982	18.070	2026-05-01T00:56:53.912Z	2026-05-01T00:57:11.982Z
gpt-oss-120b	GPT-OSS 120B	openai/gpt-oss-120b	cold-gpt-oss-120b-0501005551	cold-gpt-oss-120b-0501005551-worker-ba8ec77b-555b7487d-rbfgk	vllm_child	Engine initialize_from_config	KV/profile/warmup total	nested	engine.initialize_from_config	instrumented	67.985	90.680	22.695	2026-05-01T00:57:11.984Z	2026-05-01T00:57:34.680Z
gpt-oss-120b	GPT-OSS 120B	openai/gpt-oss-120b	cold-gpt-oss-120b-0501005551	cold-gpt-oss-120b-0501005551-worker-ba8ec77b-555b7487d-rbfgk	vllm_child	Worker KV allocation total	Engine initialize_from_config	nested	worker.initialize_from_config_total	instrumented	67.985	68.000	0.015	2026-05-01T00:57:11.984Z	2026-05-01T00:57:12.000Z
gpt-oss-120b	GPT-OSS 120B	openai/gpt-oss-120b	cold-gpt-oss-120b-0501005551	cold-gpt-oss-120b-0501005551-worker-ba8ec77b-555b7487d-rbfgk	vllm_child	Ensure KV transfer init	Worker KV allocation total	nested	worker.ensure_kv_transfer_initialized	instrumented	67.984	67.984	0.000	2026-05-01T00:57:11.983Z	2026-05-01T00:57:11.984Z
gpt-oss-120b	GPT-OSS 120B	openai/gpt-oss-120b	cold-gpt-oss-120b-0501005551	cold-gpt-oss-120b-0501005551-worker-ba8ec77b-555b7487d-rbfgk	vllm_child	Initialize KV cache	Worker KV allocation total	nested	worker.initialize_kv_cache	instrumented	67.984	67.999	0.015	2026-05-01T00:57:11.984Z	2026-05-01T00:57:11.999Z
gpt-oss-120b	GPT-OSS 120B	openai/gpt-oss-120b	cold-gpt-oss-120b-0501005551	cold-gpt-oss-120b-0501005551-worker-ba8ec77b-555b7487d-rbfgk	vllm_child	compile_or_warm_up_model total	Engine initialize_from_config	nested	worker.compile_or_warm_up_model_total	instrumented	68.000	90.679	22.679	2026-05-01T00:57:11.999Z	2026-05-01T00:57:34.679Z
gpt-oss-120b	GPT-OSS 120B	openai/gpt-oss-120b	cold-gpt-oss-120b-0501005551	cold-gpt-oss-120b-0501005551-worker-ba8ec77b-555b7487d-rbfgk	vllm_child	Remove LoRAs after compile warmup	compile_or_warm_up_model total	nested	worker.remove_loras_after_compile_warmup	instrumented	68.000	68.000	0.000	2026-05-01T00:57:11.999Z	2026-05-01T00:57:12.000Z
gpt-oss-120b	GPT-OSS 120B	openai/gpt-oss-120b	cold-gpt-oss-120b-0501005551	cold-gpt-oss-120b-0501005551-worker-ba8ec77b-555b7487d-rbfgk	vllm_child	Kernel warmup	compile_or_warm_up_model total	nested	worker.kernel_warmup	instrumented	68.000	77.621	9.621	2026-05-01T00:57:12.000Z	2026-05-01T00:57:21.621Z
gpt-oss-120b	GPT-OSS 120B	openai/gpt-oss-120b	cold-gpt-oss-120b-0501005551	cold-gpt-oss-120b-0501005551-worker-ba8ec77b-555b7487d-rbfgk	vllm_child	CUDA graph capture	compile_or_warm_up_model total	nested	worker.capture_model	instrumented	77.621	90.651	13.030	2026-05-01T00:57:21.621Z	2026-05-01T00:57:34.651Z
gpt-oss-120b	GPT-OSS 120B	openai/gpt-oss-120b	cold-gpt-oss-120b-0501005551	cold-gpt-oss-120b-0501005551-worker-ba8ec77b-555b7487d-rbfgk	vllm_child	Sampler/V2 warmup	compile_or_warm_up_model total	nested	worker.sampler_warmup	instrumented	90.652	90.679	0.027	2026-05-01T00:57:34.652Z	2026-05-01T00:57:34.679Z
gpt-oss-120b	GPT-OSS 120B	openai/gpt-oss-120b	cold-gpt-oss-120b-0501005551	cold-gpt-oss-120b-0501005551-worker-ba8ec77b-555b7487d-rbfgk	critical_path	Engine post-init parent-process tail		additive	AsyncLLM.from_vllm_config return + parent bookkeeping	inferred-gap	90.680	92.788	2.108	2026-05-01T00:57:34.680Z	2026-05-01T00:57:36.788Z
gpt-oss-120b	GPT-OSS 120B	openai/gpt-oss-120b	cold-gpt-oss-120b-0501005551	cold-gpt-oss-120b-0501005551-worker-ba8ec77b-555b7487d-rbfgk	critical_path	Dynamo registration/discovery to first chat		additive	Dynamo registration + frontend first chat	inferred-gap	92.840	104.297	11.457	2026-05-01T00:57:36.840Z	2026-05-01T00:57:48.297Z
llama33-70b-fp8	Llama 3.3 70B FP8	RedHatAI/Llama-3.3-70B-Instruct-FP8-dynamic	cold-llama33-70b-fp8-0501005143	cold-llama33-70b-fp8-0501005143-worker-7f9a0715-88754fbb6-8kr76	critical_path	Container start -> first Python/vLLM log		additive	k8s.container.startedAt + worker log	coarse-start	0.000	4.838	4.838	2026-05-01T00:51:56.000Z	2026-05-01T00:52:00.838Z
llama33-70b-fp8	Llama 3.3 70B FP8	RedHatAI/Llama-3.3-70B-Instruct-FP8-dynamic	cold-llama33-70b-fp8-0501005143	cold-llama33-70b-fp8-0501005143-worker-7f9a0715-88754fbb6-8kr76	critical_path	Main-process vLLM platform detection		additive	vllm.platforms	measured	4.838	4.902	0.064	2026-05-01T00:52:00.838Z	2026-05-01T00:52:00.902Z
llama33-70b-fp8	Llama 3.3 70B FP8	RedHatAI/Llama-3.3-70B-Instruct-FP8-dynamic	cold-llama33-70b-fp8-0501005143	cold-llama33-70b-fp8-0501005143-worker-7f9a0715-88754fbb6-8kr76	critical_path	Python import / Dynamo module load gap		additive	log gap before dynamo.nixl_connect	inferred-gap	4.902	13.930	9.028	2026-05-01T00:52:00.902Z	2026-05-01T00:52:09.930Z
llama33-70b-fp8	Llama 3.3 70B FP8	RedHatAI/Llama-3.3-70B-Instruct-FP8-dynamic	cold-llama33-70b-fp8-0501005143	cold-llama33-70b-fp8-0501005143-worker-7f9a0715-88754fbb6-8kr76	critical_path	Dynamo CLI/config parse to offline model path		additive	arg_utils.__post_init__	inferred-gap	13.930	14.597	0.667	2026-05-01T00:52:09.930Z	2026-05-01T00:52:10.597Z
llama33-70b-fp8	Llama 3.3 70B FP8	RedHatAI/Llama-3.3-70B-Instruct-FP8-dynamic	cold-llama33-70b-fp8-0501005143	cold-llama33-70b-fp8-0501005143-worker-7f9a0715-88754fbb6-8kr76	critical_path	HF cache local path check		additive	dynamo_llm::hub	measured-but-not-blog-critical	14.597	14.917	0.320	2026-05-01T00:52:10.597Z	2026-05-01T00:52:10.917Z
llama33-70b-fp8	Llama 3.3 70B FP8	RedHatAI/Llama-3.3-70B-Instruct-FP8-dynamic	cold-llama33-70b-fp8-0501005143	cold-llama33-70b-fp8-0501005143-worker-7f9a0715-88754fbb6-8kr76	critical_path	Runtime/discovery/status-server bootstrap		additive	Dynamo runtime logs	measured	14.917	14.931	0.014	2026-05-01T00:52:10.917Z	2026-05-01T00:52:10.931Z
llama33-70b-fp8	Llama 3.3 70B FP8	RedHatAI/Llama-3.3-70B-Instruct-FP8-dynamic	cold-llama33-70b-fp8-0501005143	cold-llama33-70b-fp8-0501005143-worker-7f9a0715-88754fbb6-8kr76	critical_path	vLLM model-class inspection		additive	registry.inspect_model_cls	measured	14.950	24.937	9.987	2026-05-01T00:52:10.950Z	2026-05-01T00:52:20.937Z
llama33-70b-fp8	Llama 3.3 70B FP8	RedHatAI/Llama-3.3-70B-Instruct-FP8-dynamic	cold-llama33-70b-fp8-0501005143	cold-llama33-70b-fp8-0501005143-worker-7f9a0715-88754fbb6-8kr76	critical_path	vLLM engine config, tokenizer, renderer, child spawn		additive	create_engine_config + tokenizer/renderer + AsyncLLM child spawn	inferred-gap	24.937	31.452	6.515	2026-05-01T00:52:20.937Z	2026-05-01T00:52:27.452Z
llama33-70b-fp8	Llama 3.3 70B FP8	RedHatAI/Llama-3.3-70B-Instruct-FP8-dynamic	cold-llama33-70b-fp8-0501005143	cold-llama33-70b-fp8-0501005143-worker-7f9a0715-88754fbb6-8kr76	critical_path	EngineCore child Python/bootstrap		additive	EngineCore logs	measured	31.452	33.300	1.848	2026-05-01T00:52:27.452Z	2026-05-01T00:52:29.300Z
llama33-70b-fp8	Llama 3.3 70B FP8	RedHatAI/Llama-3.3-70B-Instruct-FP8-dynamic	cold-llama33-70b-fp8-0501005143	cold-llama33-70b-fp8-0501005143-worker-7f9a0715-88754fbb6-8kr76	critical_path	EngineCore pre-load setup		additive	EngineCore setup before worker.load_model	inferred-gap	33.300	35.326	2.026	2026-05-01T00:52:29.300Z	2026-05-01T00:52:31.325Z
llama33-70b-fp8	Llama 3.3 70B FP8	RedHatAI/Llama-3.3-70B-Instruct-FP8-dynamic	cold-llama33-70b-fp8-0501005143	cold-llama33-70b-fp8-0501005143-worker-7f9a0715-88754fbb6-8kr76	vllm_parent	Model load total		parent	worker.load_model	instrumented	35.326	51.082	15.756	2026-05-01T00:52:31.325Z	2026-05-01T00:52:47.082Z
llama33-70b-fp8	Llama 3.3 70B FP8	RedHatAI/Llama-3.3-70B-Instruct-FP8-dynamic	cold-llama33-70b-fp8-0501005143	cold-llama33-70b-fp8-0501005143-worker-7f9a0715-88754fbb6-8kr76	vllm_parent	KV/profile/warmup total		parent	engine.initialize_kv_caches_total	instrumented	51.083	107.716	56.633	2026-05-01T00:52:47.082Z	2026-05-01T00:53:43.716Z
llama33-70b-fp8	Llama 3.3 70B FP8	RedHatAI/Llama-3.3-70B-Instruct-FP8-dynamic	cold-llama33-70b-fp8-0501005143	cold-llama33-70b-fp8-0501005143-worker-7f9a0715-88754fbb6-8kr76	vllm_child	Determine available memory total	KV/profile/warmup total	nested	worker.determine_available_memory_total	instrumented	51.083	99.907	48.824	2026-05-01T00:52:47.082Z	2026-05-01T00:53:35.907Z
llama33-70b-fp8	Llama 3.3 70B FP8	RedHatAI/Llama-3.3-70B-Instruct-FP8-dynamic	cold-llama33-70b-fp8-0501005143	cold-llama33-70b-fp8-0501005143-worker-7f9a0715-88754fbb6-8kr76	vllm_child	Profile run	Determine available memory total	nested	worker.profile_run	instrumented	51.226	98.506	47.280	2026-05-01T00:52:47.226Z	2026-05-01T00:53:34.506Z
llama33-70b-fp8	Llama 3.3 70B FP8	RedHatAI/Llama-3.3-70B-Instruct-FP8-dynamic	cold-llama33-70b-fp8-0501005143	cold-llama33-70b-fp8-0501005143-worker-7f9a0715-88754fbb6-8kr76	vllm_child	torch.compile	Profile run	nested	vllm.log.torch_compile	log-duration-derived	51.235	97.065	45.830	2026-05-01T00:52:47.235Z	2026-05-01T00:53:33.065Z
llama33-70b-fp8	Llama 3.3 70B FP8	RedHatAI/Llama-3.3-70B-Instruct-FP8-dynamic	cold-llama33-70b-fp8-0501005143	cold-llama33-70b-fp8-0501005143-worker-7f9a0715-88754fbb6-8kr76	vllm_child	Initial profiling/warmup forward	Profile run	nested	vllm.log.initial_profile_warmup	log-duration-derived	97.067	97.977	0.910	2026-05-01T00:53:33.067Z	2026-05-01T00:53:33.977Z
llama33-70b-fp8	Llama 3.3 70B FP8	RedHatAI/Llama-3.3-70B-Instruct-FP8-dynamic	cold-llama33-70b-fp8-0501005143	cold-llama33-70b-fp8-0501005143-worker-7f9a0715-88754fbb6-8kr76	vllm_child	Profile CUDA graph memory	Determine available memory total	nested	worker.profile_cudagraph_memory	instrumented	98.507	99.644	1.137	2026-05-01T00:53:34.506Z	2026-05-01T00:53:35.644Z
llama33-70b-fp8	Llama 3.3 70B FP8	RedHatAI/Llama-3.3-70B-Instruct-FP8-dynamic	cold-llama33-70b-fp8-0501005143	cold-llama33-70b-fp8-0501005143-worker-7f9a0715-88754fbb6-8kr76	vllm_child	Memory profiling context	Determine available memory total	nested	vllm.log.memory_profiling	log-duration-derived	51.227	99.907	48.680	2026-05-01T00:52:47.227Z	2026-05-01T00:53:35.907Z
llama33-70b-fp8	Llama 3.3 70B FP8	RedHatAI/Llama-3.3-70B-Instruct-FP8-dynamic	cold-llama33-70b-fp8-0501005143	cold-llama33-70b-fp8-0501005143-worker-7f9a0715-88754fbb6-8kr76	vllm_child	Engine initialize_from_config	KV/profile/warmup total	nested	engine.initialize_from_config	instrumented	99.909	107.716	7.807	2026-05-01T00:53:35.909Z	2026-05-01T00:53:43.716Z
llama33-70b-fp8	Llama 3.3 70B FP8	RedHatAI/Llama-3.3-70B-Instruct-FP8-dynamic	cold-llama33-70b-fp8-0501005143	cold-llama33-70b-fp8-0501005143-worker-7f9a0715-88754fbb6-8kr76	vllm_child	Worker KV allocation total	Engine initialize_from_config	nested	worker.initialize_from_config_total	instrumented	99.909	99.934	0.025	2026-05-01T00:53:35.909Z	2026-05-01T00:53:35.934Z
llama33-70b-fp8	Llama 3.3 70B FP8	RedHatAI/Llama-3.3-70B-Instruct-FP8-dynamic	cold-llama33-70b-fp8-0501005143	cold-llama33-70b-fp8-0501005143-worker-7f9a0715-88754fbb6-8kr76	vllm_child	Ensure KV transfer init	Worker KV allocation total	nested	worker.ensure_kv_transfer_initialized	instrumented	99.909	99.909	0.000	2026-05-01T00:53:35.908Z	2026-05-01T00:53:35.909Z
llama33-70b-fp8	Llama 3.3 70B FP8	RedHatAI/Llama-3.3-70B-Instruct-FP8-dynamic	cold-llama33-70b-fp8-0501005143	cold-llama33-70b-fp8-0501005143-worker-7f9a0715-88754fbb6-8kr76	vllm_child	Initialize KV cache	Worker KV allocation total	nested	worker.initialize_kv_cache	instrumented	99.909	99.934	0.025	2026-05-01T00:53:35.909Z	2026-05-01T00:53:35.934Z
llama33-70b-fp8	Llama 3.3 70B FP8	RedHatAI/Llama-3.3-70B-Instruct-FP8-dynamic	cold-llama33-70b-fp8-0501005143	cold-llama33-70b-fp8-0501005143-worker-7f9a0715-88754fbb6-8kr76	vllm_child	compile_or_warm_up_model total	Engine initialize_from_config	nested	worker.compile_or_warm_up_model_total	instrumented	99.935	107.716	7.781	2026-05-01T00:53:35.935Z	2026-05-01T00:53:43.716Z
llama33-70b-fp8	Llama 3.3 70B FP8	RedHatAI/Llama-3.3-70B-Instruct-FP8-dynamic	cold-llama33-70b-fp8-0501005143	cold-llama33-70b-fp8-0501005143-worker-7f9a0715-88754fbb6-8kr76	vllm_child	Remove LoRAs after compile warmup	compile_or_warm_up_model total	nested	worker.remove_loras_after_compile_warmup	instrumented	99.935	99.935	0.000	2026-05-01T00:53:35.934Z	2026-05-01T00:53:35.935Z
llama33-70b-fp8	Llama 3.3 70B FP8	RedHatAI/Llama-3.3-70B-Instruct-FP8-dynamic	cold-llama33-70b-fp8-0501005143	cold-llama33-70b-fp8-0501005143-worker-7f9a0715-88754fbb6-8kr76	vllm_child	Kernel warmup	compile_or_warm_up_model total	nested	worker.kernel_warmup	instrumented	99.934	100.560	0.626	2026-05-01T00:53:35.934Z	2026-05-01T00:53:36.560Z
llama33-70b-fp8	Llama 3.3 70B FP8	RedHatAI/Llama-3.3-70B-Instruct-FP8-dynamic	cold-llama33-70b-fp8-0501005143	cold-llama33-70b-fp8-0501005143-worker-7f9a0715-88754fbb6-8kr76	vllm_child	CUDA graph capture	compile_or_warm_up_model total	nested	worker.capture_model	instrumented	100.560	107.693	7.133	2026-05-01T00:53:36.560Z	2026-05-01T00:53:43.693Z
llama33-70b-fp8	Llama 3.3 70B FP8	RedHatAI/Llama-3.3-70B-Instruct-FP8-dynamic	cold-llama33-70b-fp8-0501005143	cold-llama33-70b-fp8-0501005143-worker-7f9a0715-88754fbb6-8kr76	vllm_child	Sampler/V2 warmup	compile_or_warm_up_model total	nested	worker.sampler_warmup	instrumented	107.694	107.715	0.021	2026-05-01T00:53:43.693Z	2026-05-01T00:53:43.715Z
llama33-70b-fp8	Llama 3.3 70B FP8	RedHatAI/Llama-3.3-70B-Instruct-FP8-dynamic	cold-llama33-70b-fp8-0501005143	cold-llama33-70b-fp8-0501005143-worker-7f9a0715-88754fbb6-8kr76	critical_path	Engine post-init parent-process tail		additive	AsyncLLM.from_vllm_config return + parent bookkeeping	inferred-gap	107.716	109.104	1.388	2026-05-01T00:53:43.716Z	2026-05-01T00:53:45.104Z
llama33-70b-fp8	Llama 3.3 70B FP8	RedHatAI/Llama-3.3-70B-Instruct-FP8-dynamic	cold-llama33-70b-fp8-0501005143	cold-llama33-70b-fp8-0501005143-worker-7f9a0715-88754fbb6-8kr76	critical_path	Dynamo registration/discovery to first chat		additive	Dynamo registration + frontend first chat	inferred-gap	109.112	112.283	3.171	2026-05-01T00:53:45.112Z	2026-05-01T00:53:48.283Z
