family_slug,model_family,asset_type,page_status,provider,model_id,variant,variant_role,runtime,hardware,gpu_count,serving_techniques,workload_type,traffic_shape,deploy_path,perf_path,benchmark_asset,results_asset,placeholder_needed,comparison_question,held_constant,decision_signal,notes
qwen3-32b,Qwen3-32B,comparative_recipe,Verified,Qwen,Qwen/Qwen3-32B,Disagg + KV router,Recommended treatment,vLLM,16x H200,16,Disaggregated prefill/decode; KV-aware routing,Long-context reuse,12K avg ISL conversation trace,recipes/qwen3-32b/vllm/disagg-kv-router/deploy.yaml,recipes/qwen3-32b/vllm/disagg-kv-router/perf.yaml,perf.yaml,"README plot link, numeric placeholder",expected results,Does disaggregated KV-aware routing reduce latency versus aggregated round-robin for a Mooncake conversation trace with repeated prefixes?,"Model, vLLM runtime, 16x H200 hardware, Mooncake trace replay, and goodput target.",Best candidate when prefix reuse is high enough for KV-aware routing to matter.,"The KVBM sibling remains visible, but its role is explicitly deploy-only so it cannot be mistaken for a benchmark arm. | Benchmark results should be promoted from placeholder to numeric table when the trace artifacts are checked in."
qwen3-32b,Qwen3-32B,comparative_recipe,Verified,Qwen,Qwen/Qwen3-32B,Aggregated round-robin,Control,vLLM,16x H200,16,Aggregated serving; Round-robin routing,Long-context reuse,Same fixed-schedule trace,recipes/qwen3-32b/vllm/agg-round-robin/deploy.yaml,recipes/qwen3-32b/vllm/agg-round-robin/perf.yaml,perf.yaml,"README plot link, numeric placeholder",expected results,Does disaggregated KV-aware routing reduce latency versus aggregated round-robin for a Mooncake conversation trace with repeated prefixes?,"Model, vLLM runtime, 16x H200 hardware, Mooncake trace replay, and goodput target.",Control run that removes P/D split and KV-aware routing while holding model and traffic constant.,"The KVBM sibling remains visible, but its role is explicitly deploy-only so it cannot be mistaken for a benchmark arm. | Benchmark results should be promoted from placeholder to numeric table when the trace artifacts are checked in."
qwen3-32b,Qwen3-32B,comparative_recipe,Verified,Qwen,Qwen/Qwen3-32B,Aggregated + KVBM,Deploy-only sibling,vLLM,1x H200 or B200,1,Aggregated serving,Deployment only,Functional deploy validation,recipes/qwen3-32b/vllm/agg-kvbm/deploy.yaml,,None,"README plot link, numeric placeholder",benchmark instructions; expected results,Does disaggregated KV-aware routing reduce latency versus aggregated round-robin for a Mooncake conversation trace with repeated prefixes?,"Model, vLLM runtime, 16x H200 hardware, Mooncake trace replay, and goodput target.",Use for KVBM deployment mechanics; do not include in the trace comparison until a perf.yaml exists.,"The KVBM sibling remains visible, but its role is explicitly deploy-only so it cannot be mistaken for a benchmark arm. | Benchmark results should be promoted from placeholder to numeric table when the trace artifacts are checked in."
deepseek-v3-2-nvfp4,DeepSeek V3.2 NVFP4,comparative_recipe,Verified,NVIDIA checkpoint / DeepSeek,nvidia/DeepSeek-V3.2-NVFP4,Disagg + KV router + WideEP,Recommended treatment,TRT-LLM,32x GB200,32,Disaggregated prefill/decode; KV-aware routing; WideEP,Long-context reuse,39K avg ISL coding trace,recipes/deepseek-v32-fp4/trtllm/disagg-kv-router/deploy.yaml,recipes/deepseek-v32-fp4/trtllm/disagg-kv-router/perf.yaml,perf.yaml,"README plot link, numeric placeholder",expected results,Does disaggregated KV-aware routing with WideEP improve latency and goodput against an aggregated round-robin control?,"Model, TensorRT-LLM runtime, 32x GB200 target, synthetic coding trace, and TTFT/ITL thresholds.","Tests KV-aware routing, P/D split, and WideEP together on the target trace.",Throughput is fixed by the replay schedule; latency and goodput are the comparison signals. | Numeric result placeholders remain until the source recipe includes benchmark tables or artifacts.
deepseek-v3-2-nvfp4,DeepSeek V3.2 NVFP4,comparative_recipe,Verified,NVIDIA checkpoint / DeepSeek,nvidia/DeepSeek-V3.2-NVFP4,Aggregated round-robin,Control,TRT-LLM,32x GB200,32,Aggregated serving; Round-robin routing,Long-context reuse,Same fixed-schedule trace,recipes/deepseek-v32-fp4/trtllm/agg-round-robin/deploy.yaml,recipes/deepseek-v32-fp4/trtllm/agg-round-robin/perf.yaml,perf.yaml,"README plot link, numeric placeholder",expected results,Does disaggregated KV-aware routing with WideEP improve latency and goodput against an aggregated round-robin control?,"Model, TensorRT-LLM runtime, 32x GB200 target, synthetic coding trace, and TTFT/ITL thresholds.",Keeps DEP8 and hardware constant while removing the P/D split and KV-aware routing.,Throughput is fixed by the replay schedule; latency and goodput are the comparison signals. | Numeric result placeholders remain until the source recipe includes benchmark tables or artifacts.
qwen3-vl-30b,Qwen3-VL-30B,comparative_recipe,Verified,Qwen,Qwen/Qwen3-VL-30B-A3B-Instruct-FP8,Aggregated + embedding cache ON,Recommended treatment,vLLM,1x GB200,1,Aggregated serving; Embedding cache,Multimodal reuse,"1,000 requests, 80% image reuse",recipes/qwen3-vl-30b/vllm/agg-embedding-cache/deploy.yaml,recipes/qwen3-vl-30b/vllm/agg-embedding-cache/perf.yaml,perf.yaml,README numeric table,None,Does enabling the multimodal embedding cache improve repeated-image traffic on a single GB200 worker?,"Model, vLLM runtime, 1x GB200 worker, generated JSONL dataset, and 1,000-request benchmark.",Higher output TPS and lower TTFT when repeated images remain cacheable.,"Cache OFF is implemented by setting DYN_MULTIMODAL_EMBEDDING_CACHE_GB=0 and CACHE_MODE=cache_off before applying the manifests. | Exact hit rate still depends on runtime eviction behavior, not just image reuse in the generated JSONL."
qwen3-vl-30b,Qwen3-VL-30B,comparative_recipe,Verified,Qwen,Qwen/Qwen3-VL-30B-A3B-Instruct-FP8,Aggregated cache OFF baseline,Control,vLLM,1x GB200,1,Aggregated serving,Multimodal reuse,Same generated JSONL,recipes/qwen3-vl-30b/vllm/agg-embedding-cache/deploy.yaml,recipes/qwen3-vl-30b/vllm/agg-embedding-cache/perf.yaml,perf.yaml,README numeric table,None,Does enabling the multimodal embedding cache improve repeated-image traffic on a single GB200 worker?,"Model, vLLM runtime, 1x GB200 worker, generated JSONL dataset, and 1,000-request benchmark.","Control run for measuring cache impact before changing image pool, cache size, or request rate.","Cache OFF is implemented by setting DYN_MULTIMODAL_EMBEDDING_CACHE_GB=0 and CACHE_MODE=cache_off before applying the manifests. | Exact hit rate still depends on runtime eviction behavior, not just image reuse in the generated JSONL."
kimi-k2-5,Kimi-K2.5 NVFP4,comparative_recipe_with_deploy_only_sibling,Verified,Moonshot / NVIDIA,nvidia/Kimi-K2.5-NVFP4,Disagg + Eagle + KV router + offload,Recommended treatment,TRT-LLM,24x GB200,24,Disaggregated prefill/decode; KV-aware routing; Eagle speculative decoding; KV cache offload,Agentic coding trace,"Agentic coding trace, 1 hour replay",recipes/kimi-k2.5/trtllm/disagg-eagle-kv-router/deploy.yaml,recipes/kimi-k2.5/trtllm/disagg-eagle-kv-router/perf.yaml,perf.yaml,README numeric table,None,"How much do KV-aware routing, Eagle speculative decoding, disaggregation, and KV offload help on long-context agentic coding traffic?","Model, TensorRT-LLM runtime, 24x GB200 benchmark cluster, AIPerf agentic coding trace, and one-hour benchmark duration.",Best benchmarked point for throughput and interactivity on KV-reuse-heavy traffic.,The TokenSpeed path requires a local image build and no public Dynamo+TokenSpeed image is cited in the README. | The four TensorRT-LLM arms should be run one at a time because the manifests are sized for the full 24 GPUs.
kimi-k2-5,Kimi-K2.5 NVFP4,comparative_recipe_with_deploy_only_sibling,Verified,Moonshot / NVIDIA,nvidia/Kimi-K2.5-NVFP4,Agg + Eagle + KV router,Treatment,TRT-LLM,24x GB200,24,Aggregated serving; KV-aware routing; Eagle speculative decoding,Agentic coding trace,Same agentic trace,recipes/kimi-k2.5/trtllm/agg-eagle-kv-router/deploy.yaml,recipes/kimi-k2.5/trtllm/agg-eagle-kv-router/perf.yaml,perf.yaml,README numeric table,None,"How much do KV-aware routing, Eagle speculative decoding, disaggregation, and KV offload help on long-context agentic coding traffic?","Model, TensorRT-LLM runtime, 24x GB200 benchmark cluster, AIPerf agentic coding trace, and one-hour benchmark duration.",Keeps prefix-aware routing and Eagle while removing P/D split and KV offload.,The TokenSpeed path requires a local image build and no public Dynamo+TokenSpeed image is cited in the README. | The four TensorRT-LLM arms should be run one at a time because the manifests are sized for the full 24 GPUs.
kimi-k2-5,Kimi-K2.5 NVFP4,comparative_recipe_with_deploy_only_sibling,Verified,Moonshot / NVIDIA,nvidia/Kimi-K2.5-NVFP4,Agg + Eagle + round-robin,Control,TRT-LLM,24x GB200,24,Aggregated serving; Round-robin routing; Eagle speculative decoding,Agentic coding trace,Same agentic trace,recipes/kimi-k2.5/trtllm/agg-eagle-round-robin/deploy.yaml,recipes/kimi-k2.5/trtllm/agg-eagle-round-robin/perf.yaml,perf.yaml,README numeric table,None,"How much do KV-aware routing, Eagle speculative decoding, disaggregation, and KV offload help on long-context agentic coding traffic?","Model, TensorRT-LLM runtime, 24x GB200 benchmark cluster, AIPerf agentic coding trace, and one-hour benchmark duration.",Keeps Eagle and switches routing from KV-aware to round-robin.,The TokenSpeed path requires a local image build and no public Dynamo+TokenSpeed image is cited in the README. | The four TensorRT-LLM arms should be run one at a time because the manifests are sized for the full 24 GPUs.
kimi-k2-5,Kimi-K2.5 NVFP4,comparative_recipe_with_deploy_only_sibling,Verified,Moonshot / NVIDIA,nvidia/Kimi-K2.5-NVFP4,Agg + round-robin,Baseline,TRT-LLM,24x GB200,24,Aggregated serving; Round-robin routing,Agentic coding trace,Same agentic trace,recipes/kimi-k2.5/trtllm/agg-round-robin/deploy.yaml,recipes/kimi-k2.5/trtllm/agg-round-robin/perf.yaml,perf.yaml,README numeric table,None,"How much do KV-aware routing, Eagle speculative decoding, disaggregation, and KV offload help on long-context agentic coding traffic?","Model, TensorRT-LLM runtime, 24x GB200 benchmark cluster, AIPerf agentic coding trace, and one-hour benchmark duration.",Base control without Eagle; compare against Eagle rows before choosing speculation.,The TokenSpeed path requires a local image build and no public Dynamo+TokenSpeed image is cited in the README. | The four TensorRT-LLM arms should be run one at a time because the manifests are sized for the full 24 GPUs.
kimi-k2-5,Kimi-K2.5 NVFP4,comparative_recipe_with_deploy_only_sibling,Verified,Moonshot / NVIDIA,nvidia/Kimi-K2.5-NVFP4,TokenSpeed agg,Deploy-only sibling,TokenSpeed,4x B200,4,Aggregated serving,Deployment only,Deploy-only validation,recipes/kimi-k2.5/tokenspeed/agg/nvidia/deploy.yaml,,None,README numeric table,benchmark instructions,"How much do KV-aware routing, Eagle speculative decoding, disaggregation, and KV offload help on long-context agentic coding traffic?","Model, TensorRT-LLM runtime, 24x GB200 benchmark cluster, AIPerf agentic coding trace, and one-hour benchmark duration.","Useful local-image path, but not comparable to benchmarked TRT-LLM rows.",The TokenSpeed path requires a local image build and no public Dynamo+TokenSpeed image is cited in the README. | The four TensorRT-LLM arms should be run one at a time because the manifests are sized for the full 24 GPUs.
glm-5-nvfp4,GLM-5 NVFP4,standalone_recipe,Verified,NVIDIA / Z.AI,zai-org/GLM-5-NVFP4,SGLang disaggregated prefill/decode,Recipe,SGLang,20x GB200,20,Aggregated serving; Disaggregated prefill/decode,Long output / static ISL-OSL,1K ISL / 8K OSL,recipes/glm-5-nvfp4/sglang/disagg/deploy.yaml,recipes/glm-5-nvfp4/sglang/disagg/perf.yaml,perf.yaml,README numeric table,None,What is the validated SGLang disaggregated recipe for long-output GLM-5 NVFP4 serving on GB200?,"Single recipe path: SGLang P/D, GB200, EAGLE speculative decoding, and 1K/8K benchmark.",Use as the current benchmark-backed GLM-5 path; it stresses long output with a large decode rank group.,"This is not a comparison page; the single row is a recipe, not a selectable experiment arm. | TTFT includes queueing because this is a concurrency-burst benchmark."
gpt-oss-120b,GPT-OSS-120B,alternative_recipe_set,Verified,OpenAI,openai/gpt-oss-120b,TensorRT-LLM aggregated,Alternative,TRT-LLM,4x GB200,4,Aggregated serving,Static ISL-OSL,"128 ISL / 1K OSL, 3,600 total concurrency",recipes/gpt-oss-120b/trtllm/agg/deploy.yaml,recipes/gpt-oss-120b/trtllm/agg/perf.yaml,perf.yaml,Placeholder,expected results,Which TensorRT-LLM recipe matches the traffic shape: high-concurrency short prompts or long-context generation?,"Same model family and TensorRT-LLM backend, but benchmark traffic differs by variant. Do not treat this as an aggregated-vs-disaggregated result comparison.","Use for short-prompt, long-output, high-concurrency throughput testing.","The disaggregated README describes a 5-GPU deployment family while perf.yaml sets DEPLOYMENT_GPU_COUNT=6; keep that caveat visible until reconciled. | This page is an alternative set, not a clean comparison set."
gpt-oss-120b,GPT-OSS-120B,alternative_recipe_set,Verified,OpenAI,openai/gpt-oss-120b,TensorRT-LLM disaggregated,Alternative,TRT-LLM,5 deploy GPUs / 6 benchmark GPUs,,Aggregated serving; Disaggregated prefill/decode,Long output / static ISL-OSL,"8K ISL / 1K OSL, 1,536 total concurrency",recipes/gpt-oss-120b/trtllm/disagg/deploy.yaml,recipes/gpt-oss-120b/trtllm/disagg/perf.yaml,perf.yaml,Placeholder,expected results,Which TensorRT-LLM recipe matches the traffic shape: high-concurrency short prompts or long-context generation?,"Same model family and TensorRT-LLM backend, but benchmark traffic differs by variant. Do not treat this as an aggregated-vs-disaggregated result comparison.",Use for long-context generation where P/D separation is the target shape.,"The disaggregated README describes a 5-GPU deployment family while perf.yaml sets DEPLOYMENT_GPU_COUNT=6; keep that caveat visible until reconciled. | This page is an alternative set, not a clean comparison set."
deepseek-r1,DeepSeek-R1,alternative_recipe_set,Preview,DeepSeek,deepseek-ai/DeepSeek-R1,SGLang disagg 8 GPU,Deploy-only alternative,SGLang,16x H200,16,Disaggregated prefill/decode; WideEP; Expert parallel / MoE,Deployment only,Deployment validation,recipes/deepseek-r1/sglang/disagg-8gpu/deploy.yaml,,None,Placeholder,benchmark instructions; expected results,Which backend and hardware target should serve the 671B DeepSeek-R1 MoE model?,"Same DeepSeek-R1 model family, but variants differ by backend, hardware, and benchmark coverage.",Single-node SGLang WideEP path with TP=8 per worker; add perf.yaml before making performance claims.,"Backend-specific READMEs are thin, so this page keeps source-path evidence visible and avoids overclaiming readiness. | The TRT-LLM row uses an FP4 checkpoint while the top-level README describes the broader DeepSeek-R1 family."
deepseek-r1,DeepSeek-R1,alternative_recipe_set,Preview,DeepSeek,deepseek-ai/DeepSeek-R1,SGLang disagg 16 GPU,Deploy-only alternative,SGLang,32x H200,32,Disaggregated prefill/decode; WideEP; Expert parallel / MoE,Deployment only,Deployment validation,recipes/deepseek-r1/sglang/disagg-16gpu/deploy.yaml,,None,Placeholder,benchmark instructions; expected results,Which backend and hardware target should serve the 671B DeepSeek-R1 MoE model?,"Same DeepSeek-R1 model family, but variants differ by backend, hardware, and benchmark coverage.",Multi-node SGLang WideEP path with TP=16 per worker.,"Backend-specific READMEs are thin, so this page keeps source-path evidence visible and avoids overclaiming readiness. | The TRT-LLM row uses an FP4 checkpoint while the top-level README describes the broader DeepSeek-R1 family."
deepseek-r1,DeepSeek-R1,alternative_recipe_set,Preview,DeepSeek,deepseek-ai/DeepSeek-R1,TRT-LLM WideEP GB200,Benchmark-backed alternative,TRT-LLM,36x GB200,36,WideEP; Expert parallel / MoE,Static ISL-OSL,1K ISL / 1K OSL static benchmark,recipes/deepseek-r1/trtllm/disagg/wide_ep/gb200/deploy.yaml,recipes/deepseek-r1/trtllm/disagg/wide_ep/gb200/perf.yaml,perf.yaml,Placeholder,expected results,Which backend and hardware target should serve the 671B DeepSeek-R1 MoE model?,"Same DeepSeek-R1 model family, but variants differ by backend, hardware, and benchmark coverage.",Only DeepSeek-R1 row with checked-in benchmark instructions today.,"Backend-specific READMEs are thin, so this page keeps source-path evidence visible and avoids overclaiming readiness. | The TRT-LLM row uses an FP4 checkpoint while the top-level README describes the broader DeepSeek-R1 family."
deepseek-r1,DeepSeek-R1,alternative_recipe_set,Preview,DeepSeek,deepseek-ai/DeepSeek-R1,vLLM disagg,Deploy-only alternative,vLLM,32x H200,32,Disaggregated prefill/decode; Expert parallel / MoE,Deployment only,Deployment validation,recipes/deepseek-r1/vllm/disagg/deploy_hopper_16gpu.yaml,,None,Placeholder,benchmark instructions; expected results,Which backend and hardware target should serve the 671B DeepSeek-R1 MoE model?,"Same DeepSeek-R1 model family, but variants differ by backend, hardware, and benchmark coverage.",vLLM DEP16 multi-node path; add perf.yaml before comparing with TRT-LLM.,"Backend-specific READMEs are thin, so this page keeps source-path evidence visible and avoids overclaiming readiness. | The TRT-LLM row uses an FP4 checkpoint while the top-level README describes the broader DeepSeek-R1 family."
deepseek-v4-pro,DeepSeek-V4-Pro,alternative_recipe_set,Experimental,DeepSeek,deepseek-ai/DeepSeek-V4-Pro,vLLM agg B200,Deploy-only alternative,vLLM,8x B200,8,Aggregated serving; Expert parallel / MoE,Deployment only,Deployment validation,recipes/deepseek-v4/deepseek-v4-pro/vllm/agg/b200/deploy.yaml,,None,Placeholder,benchmark instructions; expected results,"Which Day-0 backend and hardware target should serve DeepSeek-V4-Pro, and which path has benchmark coverage?","Same V4-Pro model, but variants differ by backend, hardware, topology, and benchmark availability.",Single-node TP=8 + expert-parallel path for B200.,First launch can take 60-90 minutes depending on backend and hardware. | The GB200 vLLM paths rely on ComputeDomain/MNNVL placement; keep those prerequisites in front of users.
deepseek-v4-pro,DeepSeek-V4-Pro,alternative_recipe_set,Experimental,DeepSeek,deepseek-ai/DeepSeek-V4-Pro,vLLM agg GB200,Deploy-only alternative,vLLM,8x GB200 across 2 nodes,8,Aggregated serving,Deployment only,Deployment validation,recipes/deepseek-v4/deepseek-v4-pro/vllm/agg/gb200/deploy.yaml,,None,Placeholder,benchmark instructions; expected results,"Which Day-0 backend and hardware target should serve DeepSeek-V4-Pro, and which path has benchmark coverage?","Same V4-Pro model, but variants differ by backend, hardware, topology, and benchmark availability.",TP=8 cross-node MNNVL path when one GB200 tray is not enough HBM.,First launch can take 60-90 minutes depending on backend and hardware. | The GB200 vLLM paths rely on ComputeDomain/MNNVL placement; keep those prerequisites in front of users.
deepseek-v4-pro,DeepSeek-V4-Pro,alternative_recipe_set,Experimental,DeepSeek,deepseek-ai/DeepSeek-V4-Pro,vLLM disagg GB200,Benchmark-backed alternative,vLLM,16x GB200,16,Disaggregated prefill/decode,Long output / static ISL-OSL,8K ISL / 1K OSL concurrency sweep,recipes/deepseek-v4/deepseek-v4-pro/vllm/disagg/gb200/deploy.yaml,recipes/deepseek-v4/deepseek-v4-pro/vllm/disagg/gb200/perf.yaml,perf.yaml,Placeholder,expected results,"Which Day-0 backend and hardware target should serve DeepSeek-V4-Pro, and which path has benchmark coverage?","Same V4-Pro model, but variants differ by backend, hardware, topology, and benchmark availability.",Only V4-Pro path with benchmark instructions checked in today.,First launch can take 60-90 minutes depending on backend and hardware. | The GB200 vLLM paths rely on ComputeDomain/MNNVL placement; keep those prerequisites in front of users.
deepseek-v4-pro,DeepSeek-V4-Pro,alternative_recipe_set,Experimental,DeepSeek,deepseek-ai/DeepSeek-V4-Pro,SGLang agg B200,Deploy-only alternative,SGLang,8x B200,8,Aggregated serving; Expert parallel / MoE,Deployment only,Deployment validation,recipes/deepseek-v4/deepseek-v4-pro/sglang/agg/deploy.yaml,,None,Placeholder,benchmark instructions; expected results,"Which Day-0 backend and hardware target should serve DeepSeek-V4-Pro, and which path has benchmark coverage?","Same V4-Pro model, but variants differ by backend, hardware, topology, and benchmark availability.",TP=8 SGLang path with MXFP4 MoE via FlashInfer and EAGLE MTP.,First launch can take 60-90 minutes depending on backend and hardware. | The GB200 vLLM paths rely on ComputeDomain/MNNVL placement; keep those prerequisites in front of users.
deepseek-v4-pro,DeepSeek-V4-Pro,alternative_recipe_set,Experimental,DeepSeek,deepseek-ai/DeepSeek-V4-Pro,SGLang agg GB200,Deploy-only alternative,SGLang,8x GB200,8,Aggregated serving,Deployment only,Deployment validation,recipes/deepseek-v4/deepseek-v4-pro/sglang/agg-gb200/deploy.yaml,,None,Placeholder,benchmark instructions; expected results,"Which Day-0 backend and hardware target should serve DeepSeek-V4-Pro, and which path has benchmark coverage?","Same V4-Pro model, but variants differ by backend, hardware, topology, and benchmark availability.",GB200 SGLang aggregate path present in manifests but not benchmarked.,First launch can take 60-90 minutes depending on backend and hardware. | The GB200 vLLM paths rely on ComputeDomain/MNNVL placement; keep those prerequisites in front of users.
deepseek-v4-pro,DeepSeek-V4-Pro,alternative_recipe_set,Experimental,DeepSeek,deepseek-ai/DeepSeek-V4-Pro,SGLang disagg B200,Deploy-only alternative,SGLang,B200,,Disaggregated prefill/decode,Deployment only,Deployment validation,recipes/deepseek-v4/deepseek-v4-pro/sglang/disagg-b200/deploy.yaml,,None,Placeholder,benchmark instructions; expected results,"Which Day-0 backend and hardware target should serve DeepSeek-V4-Pro, and which path has benchmark coverage?","Same V4-Pro model, but variants differ by backend, hardware, topology, and benchmark availability.",Cluster-specific SGLang disagg path; keep as deploy-only until benchmark YAML lands.,First launch can take 60-90 minutes depending on backend and hardware. | The GB200 vLLM paths rely on ComputeDomain/MNNVL placement; keep those prerequisites in front of users.
deepseek-v4-pro,DeepSeek-V4-Pro,alternative_recipe_set,Experimental,DeepSeek,deepseek-ai/DeepSeek-V4-Pro,SGLang disagg GB200,Deploy-only alternative,SGLang,GB200,,Disaggregated prefill/decode,Deployment only,Deployment validation,recipes/deepseek-v4/deepseek-v4-pro/sglang/disagg-gb200/deploy.yaml,,None,Placeholder,benchmark instructions; expected results,"Which Day-0 backend and hardware target should serve DeepSeek-V4-Pro, and which path has benchmark coverage?","Same V4-Pro model, but variants differ by backend, hardware, topology, and benchmark availability.",GB200 SGLang disagg path with cluster-specific notes.,First launch can take 60-90 minutes depending on backend and hardware. | The GB200 vLLM paths rely on ComputeDomain/MNNVL placement; keep those prerequisites in front of users.
deepseek-v4-flash,DeepSeek-V4-Flash,deploy_only_set,Deploy only,DeepSeek,deepseek-ai/DeepSeek-V4-Flash,vLLM agg B200,Deploy-only alternative,vLLM,4x B200,4,Aggregated serving; Expert parallel / MoE,Deployment only,Deployment validation,recipes/deepseek-v4/deepseek-v4-flash/vllm/agg_b200/deploy.yaml,,None,Placeholder,benchmark instructions; expected results,Which aggregate DeepSeek-V4-Flash manifest matches the backend and Blackwell hardware target?,"Same V4-Flash model; all rows are single-replica, four-GPU aggregate deployments with no perf.yaml today.",DP=4 + expert parallel path for B200.,This page should not show a Benchmark action as if it is runnable; the benchmark section is an explicit placeholder. | Reasoning and tool-call verification are still real because parser flags are in the manifests.
deepseek-v4-flash,DeepSeek-V4-Flash,deploy_only_set,Deploy only,DeepSeek,deepseek-ai/DeepSeek-V4-Flash,vLLM agg GB200,Deploy-only alternative,vLLM,4x GB200,4,Aggregated serving; Expert parallel / MoE,Deployment only,Deployment validation,recipes/deepseek-v4/deepseek-v4-flash/vllm/agg_gb200/deploy.yaml,,None,Placeholder,benchmark instructions; expected results,Which aggregate DeepSeek-V4-Flash manifest matches the backend and Blackwell hardware target?,"Same V4-Flash model; all rows are single-replica, four-GPU aggregate deployments with no perf.yaml today.",TP=4 + expert parallel path for one GB200 NVL4 tray.,This page should not show a Benchmark action as if it is runnable; the benchmark section is an explicit placeholder. | Reasoning and tool-call verification are still real because parser flags are in the manifests.
deepseek-v4-flash,DeepSeek-V4-Flash,deploy_only_set,Deploy only,DeepSeek,deepseek-ai/DeepSeek-V4-Flash,SGLang agg B200,Deploy-only alternative,SGLang,4x B200,4,Aggregated serving; Expert parallel / MoE,Deployment only,Deployment validation,recipes/deepseek-v4/deepseek-v4-flash/sglang/agg/deploy.yaml,,None,Placeholder,benchmark instructions; expected results,Which aggregate DeepSeek-V4-Flash manifest matches the backend and Blackwell hardware target?,"Same V4-Flash model; all rows are single-replica, four-GPU aggregate deployments with no perf.yaml today.",SGLang TP4 with MXFP4 MoE and EAGLE MTP.,This page should not show a Benchmark action as if it is runnable; the benchmark section is an explicit placeholder. | Reasoning and tool-call verification are still real because parser flags are in the manifests.
deepseek-v4-flash,DeepSeek-V4-Flash,deploy_only_set,Deploy only,DeepSeek,deepseek-ai/DeepSeek-V4-Flash,SGLang agg GB200,Deploy-only alternative,SGLang,4x GB200,4,Aggregated serving,Deployment only,Deployment validation,recipes/deepseek-v4/deepseek-v4-flash/sglang/agg-gb200/deploy.yaml,,None,Placeholder,benchmark instructions; expected results,Which aggregate DeepSeek-V4-Flash manifest matches the backend and Blackwell hardware target?,"Same V4-Flash model; all rows are single-replica, four-GPU aggregate deployments with no perf.yaml today.",Arm64 GB200 sibling for SGLang aggregate deployment.,This page should not show a Benchmark action as if it is runnable; the benchmark section is an explicit placeholder. | Reasoning and tool-call verification are still real because parser flags are in the manifests.
llama-3-3-70b,Llama-3.3-70B FP8,comparative_recipe,Preview,Meta / Red Hat,RedHatAI/Llama-3.3-70B-Instruct-FP8-dynamic,vLLM aggregated,Baseline,vLLM,4x H100/H200,4,Aggregated serving,Long output / static ISL-OSL,8K ISL / 1K OSL,recipes/llama-3-70b/vllm/agg/deploy.yaml,recipes/llama-3-70b/vllm/agg/perf.yaml,perf.yaml,Placeholder,expected results,"How do aggregate, single-node disaggregated, and multi-node disaggregated vLLM shapes differ for the same 8K/1K static benchmark?","Model, vLLM runtime, H100/H200 family, ISL=8192, OSL=1024, and concurrency-per-GPU=16.",Single-node TP4 baseline and smallest hardware footprint.,"GAIE manifests are optional integration artifacts, not separate recipe variants. | The README is thin; this page avoids claims beyond the manifest and perf YAML."
llama-3-3-70b,Llama-3.3-70B FP8,comparative_recipe,Preview,Meta / Red Hat,RedHatAI/Llama-3.3-70B-Instruct-FP8-dynamic,vLLM disagg single-node,Treatment,vLLM,8x H100/H200,8,Disaggregated prefill/decode,Long output / static ISL-OSL,Same static shape,recipes/llama-3-70b/vllm/disagg-single-node/deploy.yaml,recipes/llama-3-70b/vllm/disagg-single-node/perf.yaml,perf.yaml,Placeholder,expected results,"How do aggregate, single-node disaggregated, and multi-node disaggregated vLLM shapes differ for the same 8K/1K static benchmark?","Model, vLLM runtime, H100/H200 family, ISL=8192, OSL=1024, and concurrency-per-GPU=16.",P/D split within one node; compare latency against aggregate baseline.,"GAIE manifests are optional integration artifacts, not separate recipe variants. | The README is thin; this page avoids claims beyond the manifest and perf YAML."
llama-3-3-70b,Llama-3.3-70B FP8,comparative_recipe,Preview,Meta / Red Hat,RedHatAI/Llama-3.3-70B-Instruct-FP8-dynamic,vLLM disagg multi-node,Scale-out treatment,vLLM,16x H100/H200,16,Disaggregated prefill/decode,Long output / static ISL-OSL,Same static shape,recipes/llama-3-70b/vllm/disagg-multi-node/deploy.yaml,recipes/llama-3-70b/vllm/disagg-multi-node/perf.yaml,perf.yaml,Placeholder,expected results,"How do aggregate, single-node disaggregated, and multi-node disaggregated vLLM shapes differ for the same 8K/1K static benchmark?","Model, vLLM runtime, H100/H200 family, ISL=8192, OSL=1024, and concurrency-per-GPU=16.",Two-node disaggregated capacity shape.,"GAIE manifests are optional integration artifacts, not separate recipe variants. | The README is thin; this page avoids claims beyond the manifest and perf YAML."
nemotron-3-nano-omni,Nemotron 3 Nano Omni NVFP4,standalone_deploy_only_recipe,Deploy only,NVIDIA,nvidia/Nemotron-3-Nano-Omni-30B-A3B-Reasoning-NVFP4,vLLM aggregated multimodal,Recipe,vLLM,1 GPU,1,Aggregated serving,Deployment only,Deployment validation,recipes/nemotron-3-nano-omni/vllm/agg/deploy.yaml,,None,Placeholder,benchmark instructions; expected results,How do you build and deploy the custom vLLM image for a single-GPU multimodal Nemotron Nano Omni worker?,"Single aggregate vLLM deployment with custom container build, model-cache PVC, and multimodal smoke tests.",Use for functional multimodal deployment; add perf.yaml before making performance claims.,"The build step is not optional: deploy.yaml contains image placeholders for the custom vLLM+Dynamo image. | Optional no-NATS settings belong in configuration notes, not in the main happy path."
nemotron-3-super-fp8,Nemotron-3-Super FP8,deploy_only_set,Deploy only,NVIDIA,nvidia/NVIDIA-Nemotron-3-Super-120B-A12B-FP8,vLLM aggregated,Deploy-only alternative,vLLM,4x H100/H200,4,Aggregated serving; KV-aware routing; Expert parallel / MoE,Deployment only,Deployment validation,recipes/nemotron-3-super-fp8/vllm/agg/deploy.yaml,,None,Placeholder,benchmark instructions; expected results,"Which backend path should serve Nemotron-3-Super FP8 today, given hybrid Mamba/Attention/MoE cache constraints?",Same model and 4x H100/H200 target; no perf.yaml files are checked in for this family.,TP4 aggregate path with approximate KV-aware routing and Mamba cache workaround.,"Do not turn backend notes into performance claims until benchmark assets exist. | Older Dynamo 0.9.1 compatibility notes should be kept as caveats, not the main path."
nemotron-3-super-fp8,Nemotron-3-Super FP8,deploy_only_set,Deploy only,NVIDIA,nvidia/NVIDIA-Nemotron-3-Super-120B-A12B-FP8,TensorRT-LLM disaggregated,Deploy-only alternative,TRT-LLM,4x H100/H200,4,Aggregated serving; Disaggregated prefill/decode; Expert parallel / MoE,Deployment only,Deployment validation,recipes/nemotron-3-super-fp8/trtllm/disagg/deploy.yaml,,None,Placeholder,benchmark instructions; expected results,"Which backend path should serve Nemotron-3-Super FP8 today, given hybrid Mamba/Attention/MoE cache constraints?",Same model and 4x H100/H200 target; no perf.yaml files are checked in for this family.,P/D split using UCX transfer because hybrid cache state is not NIXL/Mooncake-safe here.,"Do not turn backend notes into performance claims until benchmark assets exist. | Older Dynamo 0.9.1 compatibility notes should be kept as caveats, not the main path."
nemotron-3-super-fp8,Nemotron-3-Super FP8,deploy_only_set,Deploy only,NVIDIA,nvidia/NVIDIA-Nemotron-3-Super-120B-A12B-FP8,SGLang aggregated,Deploy-only alternative,SGLang,4x H100/H200,4,Aggregated serving; Expert parallel / MoE,Deployment only,Deployment validation,recipes/nemotron-3-super-fp8/sglang/agg/deploy.yaml,,None,Placeholder,benchmark instructions; expected results,"Which backend path should serve Nemotron-3-Super FP8 today, given hybrid Mamba/Attention/MoE cache constraints?",Same model and 4x H100/H200 target; no perf.yaml files are checked in for this family.,TP4 aggregate SGLang path; verify against current Dynamo image before claiming support.,"Do not turn backend notes into performance claims until benchmark assets exist. | Older Dynamo 0.9.1 compatibility notes should be kept as caveats, not the main path."
nemotron-3-super-fp8,Nemotron-3-Super FP8,deploy_only_set,Deploy only,NVIDIA,nvidia/NVIDIA-Nemotron-3-Super-120B-A12B-FP8,SGLang disaggregated,Deploy-only alternative,SGLang,4x H100/H200,4,Aggregated serving; Disaggregated prefill/decode; Expert parallel / MoE,Deployment only,Deployment validation,recipes/nemotron-3-super-fp8/sglang/disagg/deploy.yaml,,None,Placeholder,benchmark instructions; expected results,"Which backend path should serve Nemotron-3-Super FP8 today, given hybrid Mamba/Attention/MoE cache constraints?",Same model and 4x H100/H200 target; no perf.yaml files are checked in for this family.,P/D split with nixl transfer in the README; no benchmark coverage today.,"Do not turn backend notes into performance claims until benchmark assets exist. | Older Dynamo 0.9.1 compatibility notes should be kept as caveats, not the main path."
qwen3-235b-a22b-fp8,Qwen3-235B-A22B FP8,alternative_recipe_set,Preview,Qwen,Qwen/Qwen3-235B-A22B-FP8,Aggregated Hopper,Hardware alternative,TRT-LLM,16x H100/H200,16,Aggregated serving; Expert parallel / MoE,Static ISL-OSL,4K ISL / 200 OSL,recipes/qwen3-235b-a22b-fp8/trtllm/agg/hopper/deploy.yaml,recipes/qwen3-235b-a22b-fp8/trtllm/agg/hopper/perf.yaml,perf.yaml,Placeholder,expected results,Which TensorRT-LLM variant matches the hardware architecture and desired aggregate/P-D serving mode?,"Same model, TensorRT-LLM backend, 16-GPU size, ISL=4000, OSL=200, and concurrency-per-GPU=2. Hardware-specific MoE backend differs.",Use on Hopper; default MoE backend.,"This is primarily a hardware-choice page; Hopper and Blackwell require separate MoE backend handling. | The Blackwell aggregate row is subtly highlighted as the likely modern default, but owners may choose to remove that recommendation."
qwen3-235b-a22b-fp8,Qwen3-235B-A22B FP8,alternative_recipe_set,Preview,Qwen,Qwen/Qwen3-235B-A22B-FP8,Aggregated Blackwell,Hardware alternative,TRT-LLM,16x B100/B200,16,Aggregated serving; Expert parallel / MoE,Static ISL-OSL,Same static shape,recipes/qwen3-235b-a22b-fp8/trtllm/agg/blackwell/deploy.yaml,recipes/qwen3-235b-a22b-fp8/trtllm/agg/blackwell/perf.yaml,perf.yaml,Placeholder,expected results,Which TensorRT-LLM variant matches the hardware architecture and desired aggregate/P-D serving mode?,"Same model, TensorRT-LLM backend, 16-GPU size, ISL=4000, OSL=200, and concurrency-per-GPU=2. Hardware-specific MoE backend differs.",Use on Blackwell; DEEPGEMM MoE backend.,"This is primarily a hardware-choice page; Hopper and Blackwell require separate MoE backend handling. | The Blackwell aggregate row is subtly highlighted as the likely modern default, but owners may choose to remove that recommendation."
qwen3-235b-a22b-fp8,Qwen3-235B-A22B FP8,alternative_recipe_set,Preview,Qwen,Qwen/Qwen3-235B-A22B-FP8,Disaggregated Hopper,Technique alternative,TRT-LLM,16x H100/H200,16,Aggregated serving; Disaggregated prefill/decode,Static ISL-OSL,Same static shape,recipes/qwen3-235b-a22b-fp8/trtllm/disagg/hopper/deploy.yaml,recipes/qwen3-235b-a22b-fp8/trtllm/disagg/hopper/perf.yaml,perf.yaml,Placeholder,expected results,Which TensorRT-LLM variant matches the hardware architecture and desired aggregate/P-D serving mode?,"Same model, TensorRT-LLM backend, 16-GPU size, ISL=4000, OSL=200, and concurrency-per-GPU=2. Hardware-specific MoE backend differs.",Use to test P/D separation on Hopper.,"This is primarily a hardware-choice page; Hopper and Blackwell require separate MoE backend handling. | The Blackwell aggregate row is subtly highlighted as the likely modern default, but owners may choose to remove that recommendation."
qwen3-235b-a22b-fp8,Qwen3-235B-A22B FP8,alternative_recipe_set,Preview,Qwen,Qwen/Qwen3-235B-A22B-FP8,Disaggregated Blackwell,Technique alternative,TRT-LLM,16x B100/B200,16,Aggregated serving; Disaggregated prefill/decode; Expert parallel / MoE,Static ISL-OSL,Same static shape,recipes/qwen3-235b-a22b-fp8/trtllm/disagg/blackwell/deploy.yaml,recipes/qwen3-235b-a22b-fp8/trtllm/disagg/blackwell/perf.yaml,perf.yaml,Placeholder,expected results,Which TensorRT-LLM variant matches the hardware architecture and desired aggregate/P-D serving mode?,"Same model, TensorRT-LLM backend, 16-GPU size, ISL=4000, OSL=200, and concurrency-per-GPU=2. Hardware-specific MoE backend differs.",Use to test P/D separation on Blackwell with the required MoE backend.,"This is primarily a hardware-choice page; Hopper and Blackwell require separate MoE backend handling. | The Blackwell aggregate row is subtly highlighted as the likely modern default, but owners may choose to remove that recommendation."
qwen3-32b-fp8,Qwen3-32B FP8,alternative_recipe_set,Preview,Qwen,Qwen/Qwen3-32B-FP8,TRT-LLM aggregated,Smallest FP8 path,TRT-LLM,2x GPU,2,Aggregated serving,Static ISL-OSL,4K ISL / 500 OSL,recipes/qwen3-32b-fp8/trtllm/agg/deploy.yaml,recipes/qwen3-32b-fp8/trtllm/agg/perf.yaml,perf.yaml,Placeholder,expected results,Which FP8 backend and P/D shape should serve Qwen3-32B when a smaller quantized footprint matters?,"Same FP8 model family, but variants differ by backend, GPU count, and benchmark shape.",Smallest checked-in FP8 deployment footprint; TP2 aggregate.,This page is the FP8 alternative to the BF16 Qwen3-32B comparison page. | Normalize traffic before making backend performance claims.
qwen3-32b-fp8,Qwen3-32B FP8,alternative_recipe_set,Preview,Qwen,Qwen/Qwen3-32B-FP8,TRT-LLM disaggregated,Technique alternative,TRT-LLM,8x GPU,8,Aggregated serving; Disaggregated prefill/decode,Static ISL-OSL,4K ISL / 500 OSL,recipes/qwen3-32b-fp8/trtllm/disagg/deploy.yaml,recipes/qwen3-32b-fp8/trtllm/disagg/perf.yaml,perf.yaml,Placeholder,expected results,Which FP8 backend and P/D shape should serve Qwen3-32B when a smaller quantized footprint matters?,"Same FP8 model family, but variants differ by backend, GPU count, and benchmark shape.",P/D split for TensorRT-LLM FP8 serving.,This page is the FP8 alternative to the BF16 Qwen3-32B comparison page. | Normalize traffic before making backend performance claims.
qwen3-32b-fp8,Qwen3-32B FP8,alternative_recipe_set,Preview,Qwen,Qwen/Qwen3-32B-FP8,vLLM disaggregated,Backend alternative,vLLM,8x GPU,8,Aggregated serving; Disaggregated prefill/decode,Static ISL-OSL,2K ISL / 500 OSL,recipes/qwen3-32b-fp8/vllm/disagg/deploy.yaml,recipes/qwen3-32b-fp8/vllm/disagg/perf.yaml,perf.yaml,Placeholder,expected results,Which FP8 backend and P/D shape should serve Qwen3-32B when a smaller quantized footprint matters?,"Same FP8 model family, but variants differ by backend, GPU count, and benchmark shape.",vLLM P/D split with NIXL connector; traffic shape differs from TRT rows.,This page is the FP8 alternative to the BF16 Qwen3-32B comparison page. | Normalize traffic before making backend performance claims.
qwen3-6-35b,Qwen3.6-35B-A3B FP8,comparative_recipe,Verified,Qwen,Qwen/Qwen3.6-35B-A3B-FP8,vanilla vLLM serve,Baseline,vLLM,1x H100 or GB200,1,Aggregated serving,Multimodal reuse,Sliding-window multimodal JSONL,recipes/qwen3.6-35b/deploy/vllm-serve.yaml,recipes/qwen3.6-35b/perf.yaml,perf.yaml,Placeholder,expected results,How much do Dynamo frontend decoding and embedding cache change a single-GPU multimodal sliding-window benchmark versus vanilla vLLM serve?,"Model, one-GPU hardware target selected by script, generated sliding-window dataset, request count, and shared perf.yaml template.",Plain vLLM baseline outside DynamoGraphDeployment.,"This recipe uses scripts intentionally because one shared perf.yaml is parameterized by BENCH_POD, BENCH_FRONTEND, and BENCH_RUN_LABEL. | Keep the script path visible rather than forcing it into simple kubectl-only instructions."
qwen3-6-35b,Qwen3.6-35B-A3B FP8,comparative_recipe,Verified,Qwen,Qwen/Qwen3.6-35B-A3B-FP8,Dynamo frontend decoding,Treatment,Dynamo + vLLM,1x H100 or GB200,1,Frontend decoding,Multimodal reuse,Same generated dataset,recipes/qwen3.6-35b/deploy/dynamo-fd.yaml,recipes/qwen3.6-35b/perf.yaml,perf.yaml,Placeholder,expected results,How much do Dynamo frontend decoding and embedding cache change a single-GPU multimodal sliding-window benchmark versus vanilla vLLM serve?,"Model, one-GPU hardware target selected by script, generated sliding-window dataset, request count, and shared perf.yaml template.",Tests Dynamo frontend decoding with multimodal processing on and embedding cache off.,"This recipe uses scripts intentionally because one shared perf.yaml is parameterized by BENCH_POD, BENCH_FRONTEND, and BENCH_RUN_LABEL. | Keep the script path visible rather than forcing it into simple kubectl-only instructions."
qwen3-6-35b,Qwen3.6-35B-A3B FP8,comparative_recipe,Verified,Qwen,Qwen/Qwen3.6-35B-A3B-FP8,Dynamo FD + embedding cache,Recommended treatment,Dynamo + vLLM,1x H100 or GB200,1,Embedding cache; Frontend decoding,Multimodal reuse,Same generated dataset,recipes/qwen3.6-35b/deploy/dynamo-fd-ec.yaml,recipes/qwen3.6-35b/perf.yaml,perf.yaml,Placeholder,expected results,How much do Dynamo frontend decoding and embedding cache change a single-GPU multimodal sliding-window benchmark versus vanilla vLLM serve?,"Model, one-GPU hardware target selected by script, generated sliding-window dataset, request count, and shared perf.yaml template.",Tests frontend decoding plus 8 GiB multimodal embedding cache.,"This recipe uses scripts intentionally because one shared perf.yaml is parameterized by BENCH_POD, BENCH_FRONTEND, and BENCH_RUN_LABEL. | Keep the script path visible rather than forcing it into simple kubectl-only instructions."
