"DESCRIPTION","DURATION IN MS","NAME","PARENT SUITE","START TIME","STATUS","STOP TIME","SUB SUITE","SUITE","TEST CLASS","TEST METHOD"
"Verify KVCacheEvent uses tag=True for variant identification.

        The tag (e.g., 'BlockStored') is the first element in the msgpack array.
        ","0","test_kv_cache_event_uses_tag","components.src.dynamo.vllm.tests","Fri Mar 06 06:57:34 UTC 2026","passed","Fri Mar 06 06:57:34 UTC 2026","TestVllmKvEventsApi","test_vllm_kv_events_api","",""
"Test that ValueError is raised when messages contain only images.","1","test_extract_user_text_only_images","components.src.dynamo.vllm.tests","Fri Mar 06 06:57:34 UTC 2026","passed","Fri Mar 06 06:57:34 UTC 2026","","test_vllm_chat_message_utils","",""
"With encode client but no images -> returns empty dict.","1","test_no_images_returns_empty","components.src.dynamo.vllm.tests.multimodal_handlers","Fri Mar 06 06:57:34 UTC 2026","passed","Fri Mar 06 06:57:34 UTC 2026","TestLoadMultimodalData","test_vllm_multimodal_pd_worker_handler","",""
"Test that missing prompt raises validation error.","0","test_required_fields_missing_prompt","components.src.dynamo.trtllm.tests","Fri Mar 06 07:01:51 UTC 2026","passed","Fri Mar 06 07:01:51 UTC 2026","TestNvCreateVideoRequest","test_trtllm_video_diffusion","",""
"Verify KVBM wheel exists in TRT-LLM image.","42","test_kvbm_wheel_exists_trtllm","tests.dependencies","Fri Mar 06 07:01:51 UTC 2026","passed","Fri Mar 06 07:01:52 UTC 2026","","test_kvbm_imports","",""
"Test decoding embeddings with various shapes and dtypes.","67","test_decode_valid_embeddings_various_shapes[2d-4096]","components.src.dynamo.vllm.tests","Fri Mar 06 06:57:34 UTC 2026","passed","Fri Mar 06 06:57:34 UTC 2026","TestPromptEmbedsDecode","test_vllm_prompt_embeds","",""
"Test that MULTIMODAL returns True for is_llm.","0","test_is_llm_true_for_multimodal","components.src.dynamo.trtllm.tests","Fri Mar 06 07:01:51 UTC 2026","passed","Fri Mar 06 07:01:51 UTC 2026","TestModality","test_trtllm_video_diffusion","",""
"Test VideoData with URL only.","0","test_url_only","components.src.dynamo.trtllm.tests","Fri Mar 06 07:01:51 UTC 2026","passed","Fri Mar 06 07:01:51 UTC 2026","TestVideoData","test_trtllm_video_diffusion","",""
"
    Quick e2e sanity test for KV router with vLLM engine instances.
    Tests both NATS and TCP request planes.
    ","38554","test_vllm_kv_router_basic[tcp]","tests.router","Fri Mar 06 07:03:06 UTC 2026","passed","Fri Mar 06 07:03:45 UTC 2026","","test_router_e2e_with_vllm","",""
"
    Test that two KV routers have synchronized indexer states after processing requests
    with SGLang workers. This test verifies that both routers converge to the same internal state.

    Tests with configuration:
    - nats_core: etcd backend, local indexer with NATS Core, TCP request plane
                 (includes NATS interruption/recovery testing)
    ","55339","test_sglang_indexers_sync[nats_core]","tests.router","Fri Mar 06 07:05:11 UTC 2026","passed","Fri Mar 06 07:06:06 UTC 2026","","test_router_e2e_with_sglang","",""
"Test that various value ranges are preserved with float32 precision.","1","test_embedding_value_ranges_preserved[magnitudes]","components.src.dynamo.vllm.tests","Fri Mar 06 06:57:34 UTC 2026","passed","Fri Mar 06 06:57:34 UTC 2026","TestEmbeddingsDataFormats","test_vllm_prompt_embeds","",""
"Test that environment variables in paths are expanded by Python code.","146","test_custom_jinja_template_env_var_expansion","components.src.dynamo.sglang.tests","Fri Mar 06 07:03:00 UTC 2026","passed","Fri Mar 06 07:03:00 UTC 2026","","test_sglang_unit","",""
"Test _connector_to_kv_transfer_json wraps multiple connectors in PdConnector.","0","test_connector_to_kv_transfer_json_multi","components.src.dynamo.vllm.tests","Fri Mar 06 06:58:54 UTC 2026","passed","Fri Mar 06 06:58:54 UTC 2026","","test_vllm_unit","",""
"Extracts image URLs from multi_modal_data.","1","test_extracts_image_urls","components.src.dynamo.vllm.tests.multimodal_handlers","Fri Mar 06 06:57:34 UTC 2026","passed","Fri Mar 06 06:57:34 UTC 2026","TestParseFrontendRequest","test_vllm_multimodal_pd_worker_handler","",""
"Test that missing decode GPU flag raises error in virtual mode","1","test_virtual_mode_missing_decode_raises_error","tests.planner.unit","Fri Mar 06 06:57:34 UTC 2026","passed","Fri Mar 06 06:57:34 UTC 2026","TestInitializeGpuCounts","test_sla_planner_scaling","",""
"Test _get_average_metric with one matching container","1","test_get_average_metric_one_matching_container","tests.planner.unit","Fri Mar 06 06:57:34 UTC 2026","passed","Fri Mar 06 06:57:34 UTC 2026","","test_prometheus","",""
"Empty frame list returns None.","1","test_empty_frames_returns_none","components.src.dynamo.vllm.tests","Fri Mar 06 06:57:34 UTC 2026","passed","Fri Mar 06 06:57:34 UTC 2026","TestFormatVideoChunk","test_vllm_omni_handler","",""
"Test decode-only mode doesn't require prefill GPU flag","0","test_virtual_mode_decode_only_no_prefill_error","tests.planner.unit","Fri Mar 06 06:57:34 UTC 2026","passed","Fri Mar 06 06:57:34 UTC 2026","TestInitializeGpuCounts","test_sla_planner_scaling","",""
"Regression: final chunk contains reasoning end + tool call + finish.

    When </think>, <tool_call>... </tool_call>, and finish_reason=stop arrive
    in one CompletionOutput, the tool call must still be emitted.
    ","1","test_stream_interval_20_reasoning_and_tool_finish_same_chunk","tests.frontend","Fri Mar 06 06:57:34 UTC 2026","passed","Fri Mar 06 06:57:34 UTC 2026","","test_prepost","",""
"Test that both dimensions exceeding raises ValueError with both errors.","0","test_parse_size_exceeds_both_dimensions","components.src.dynamo.trtllm.tests","Fri Mar 06 07:01:51 UTC 2026","passed","Fri Mar 06 07:01:51 UTC 2026","TestVideHandlerParseSize","test_trtllm_video_diffusion","",""
"Empty engine outputs produce an error chunk.","1","test_no_outputs_returns_error","components.src.dynamo.vllm.tests","Fri Mar 06 06:57:34 UTC 2026","passed","Fri Mar 06 06:57:34 UTC 2026","TestFormatTextChunk","test_vllm_omni_handler","",""
"
    Test NewRequestData interface expectations for KVBM vLLM integration.
    Protects against interface changes in vLLM's NewRequestData object.
    ","0","test_new_request_interface","tests.kvbm_integration","Fri Mar 06 06:57:34 UTC 2026","passed","Fri Mar 06 06:57:34 UTC 2026","","test_kvbm_vllm_integration","",""
"get_avg_output_sequence_tokens with router source queries dynamo_component_router_* metric.","1","test_get_avg_output_sequence_tokens_dispatches_to_router_histogram","tests.planner.unit","Fri Mar 06 06:57:34 UTC 2026","passed","Fri Mar 06 06:57:34 UTC 2026","TestPrometheusAPIClientRouterSource","test_prometheus","",""
"Router histogram query must filter by dynamo_namespace so each pool planner
        only reads its own LocalRouter's metrics, not the cluster-wide aggregate.
        dynamo_component_router_* metrics use MetricsHierarchy which injects dynamo_namespace
        with underscores. DYN_NAMESPACE dashes are normalized to underscores for the PromQL filter.
        ","0","test_dynamo_namespace_filter_in_router_histogram_query","tests.planner.unit","Fri Mar 06 06:57:34 UTC 2026","passed","Fri Mar 06 06:57:34 UTC 2026","TestPrometheusAPIClientRouterSource","test_prometheus","",""
"
    Quick e2e sanity test for KV router with SGLang engine instances.
    Tests both NATS and TCP request planes.
    ","74986","test_sglang_kv_router_basic[tcp]","tests.router","Fri Mar 06 07:03:01 UTC 2026","passed","Fri Mar 06 07:04:16 UTC 2026","","test_router_e2e_with_sglang","",""
"Test that without any filters, all metrics are returned.","0","test_no_filtering_all_frameworks","components.src.dynamo.trtllm.tests","Fri Mar 06 07:01:51 UTC 2026","passed","Fri Mar 06 07:01:51 UTC 2026","TestGetPrometheusExpfmt","test_trtllm_prometheus_utils","",""
"","0","test_multimodal_worker","components.src.dynamo.vllm.tests","Fri Mar 06 06:58:55 UTC 2026","passed","Fri Mar 06 06:58:55 UTC 2026","TestHandles","test_vllm_worker_factory","",""
"
    Test dynamo serve deployments with different graph configurations.
    ","96039","test_serve_deployment[agg-request-plane-tcp]","tests.serve","Fri Mar 06 07:09:42 UTC 2026","passed","Fri Mar 06 07:11:18 UTC 2026","","test_vllm","",""
"Test SGLang deployment scenarios using common helpers","43247","test_sglang_deployment[multimodal_agg_qwen-2]","tests.serve","Fri Mar 06 07:07:40 UTC 2026","passed","Fri Mar 06 07:08:23 UTC 2026","","test_sglang","",""
"Test decoding embeddings of various sizes.","1","test_various_embedding_sizes[4096]","components.src.dynamo.vllm.tests","Fri Mar 06 06:57:34 UTC 2026","passed","Fri Mar 06 06:57:34 UTC 2026","TestEmbeddingsDataFormats","test_vllm_prompt_embeds","",""
"Test vLLM use case: filter to vllm: metrics and exclude python_/process_.","1","test_vllm_use_case","components.src.dynamo.vllm.tests","Fri Mar 06 06:57:34 UTC 2026","passed","Fri Mar 06 06:57:34 UTC 2026","TestGetPrometheusExpfmt","test_vllm_prometheus_utils","",""
"","1","test_omni_not_handled","components.src.dynamo.vllm.tests","Fri Mar 06 06:58:55 UTC 2026","passed","Fri Mar 06 06:58:55 UTC 2026","TestHandles","test_vllm_worker_factory","",""
"Test that missing prefill GPU flag raises error in virtual mode","1","test_virtual_mode_missing_prefill_raises_error","tests.planner.unit","Fri Mar 06 06:57:34 UTC 2026","passed","Fri Mar 06 06:57:34 UTC 2026","TestInitializeGpuCounts","test_sla_planner_scaling","",""
"Without cache -> all URLs go to encode workers.","1","test_no_cache","components.src.dynamo.vllm.tests.multimodal_utils","Fri Mar 06 06:57:34 UTC 2026","passed","Fri Mar 06 06:57:34 UTC 2026","TestLoadMultimodalEmbeddings","test_vllm_prefill_worker_utils","",""
"Test _parse_size method.","0","test_parse_size","components.src.dynamo.sglang.tests","Fri Mar 06 07:01:57 UTC 2026","passed","Fri Mar 06 07:01:57 UTC 2026","TestImageDiffusionWorkerHandler","test_sglang_image_diffusion_handler","",""
"Test that cached tokens are reported in prompt_tokens_details.","0","test_build_completion_usage_with_cached_tokens","components.src.dynamo.vllm.tests","Fri Mar 06 06:57:34 UTC 2026","passed","Fri Mar 06 06:57:34 UTC 2026","TestUsageStatistics","test_vllm_prompt_embeds","",""
"Test that model_express_url is None when load format is not mx-*.","4","test_model_express_url_none_for_default_load_format","components.src.dynamo.vllm.tests","Fri Mar 06 06:58:54 UTC 2026","passed","Fri Mar 06 06:58:54 UTC 2026","","test_vllm_unit","",""
"Test SGLang deployment scenarios using common helpers","9057","test_sglang_deployment[template_verification-2]","tests.serve","Fri Mar 06 07:07:27 UTC 2026","passed","Fri Mar 06 07:07:36 UTC 2026","","test_sglang","",""
"Verify KVBM package and core classes can be imported in vLLM image.","9","test_kvbm_imports_vllm","tests.dependencies","Fri Mar 06 06:57:34 UTC 2026","passed","Fri Mar 06 06:57:34 UTC 2026","","test_kvbm_imports","",""
"stream_interval=20: function name + args + EOS in a single chunk.

    Only 2 CompletionOutput objects:
      1. [TOOL_CALLS] alone
      2. search_gutenberg_books{""search_terms"": [""James Joyce books""]}
         with finish_reason=stop

    The tool call and finish_reason arrive together.  The processor must
    still emit the parsed tool call and the finish_reason.
    ","0","test_mistral_tool_call_interval_20","tests.frontend","Fri Mar 06 06:57:34 UTC 2026","passed","Fri Mar 06 06:57:34 UTC 2026","","test_prepost_mistral","",""
"Test _get_average_metric with one valid container and one that fails validation","1","test_get_average_metric_with_validation_error","tests.planner.unit","Fri Mar 06 06:57:34 UTC 2026","passed","Fri Mar 06 06:57:34 UTC 2026","","test_prometheus","",""
"Test TensorRT-LLM use case: filter to include only trtllm_* metrics (after traffic).","1","test_trtllm_use_case","components.src.dynamo.trtllm.tests","Fri Mar 06 07:01:51 UTC 2026","passed","Fri Mar 06 07:01:51 UTC 2026","TestGetPrometheusExpfmt","test_trtllm_prometheus_utils","",""
"","1","test_routes_multimodal_decode_worker","components.src.dynamo.vllm.tests","Fri Mar 06 06:58:55 UTC 2026","passed","Fri Mar 06 06:58:55 UTC 2026","TestCreate","test_vllm_worker_factory","",""
"","0","test_no_multimodal_flags","components.src.dynamo.vllm.tests","Fri Mar 06 06:58:55 UTC 2026","passed","Fri Mar 06 06:58:55 UTC 2026","TestHandles","test_vllm_worker_factory","",""
"Image generation with response_format=None defaults to b64_json.","1","test_image_generation_default_format_returns_b64","components.src.dynamo.vllm.tests","Fri Mar 06 06:57:34 UTC 2026","passed","Fri Mar 06 06:57:34 UTC 2026","TestFormatImageChunk","test_vllm_omni_handler","",""
"Test factory creates PrefillHandler for prefill mode.","2","test_creates_prefill_handler","components.src.dynamo.trtllm.tests.request_handlers","Fri Mar 06 07:01:51 UTC 2026","passed","Fri Mar 06 07:01:51 UTC 2026","TestRequestHandlerFactory","test_trtllm_request_handler_factory","",""
"Verify ChatCompletionRequest supports pydantic v2 model_validate.

        prepost.py calls ChatCompletionRequest.model_validate(request) and
        then iterates model_fields to project sampling parameters.
        ","0","test_chat_completion_request_model_validate_contract","components.src.dynamo.vllm.tests","Fri Mar 06 06:57:34 UTC 2026","passed","Fri Mar 06 06:57:34 UTC 2026","TestVllmRendererApi","test_vllm_renderer_api","",""
"Test that prompt and model are required.","0","test_required_fields","components.src.dynamo.trtllm.tests","Fri Mar 06 07:01:51 UTC 2026","passed","Fri Mar 06 07:01:51 UTC 2026","TestNvCreateVideoRequest","test_trtllm_video_diffusion","",""
"No cache: returns DisaggregatedParams directly, request updated with metadata.","1","test_no_cache_returns_disaggregated_params","components.src.dynamo.trtllm.tests.multimodal","Fri Mar 06 07:01:51 UTC 2026","passed","Fri Mar 06 07:01:51 UTC 2026","TestFetchEmbeddingsFromEncoder","test_trtllm_embedding_fetcher","",""
"Test decoding embeddings with various shapes and dtypes.","2","test_decode_valid_embeddings_various_shapes[2d-768]","components.src.dynamo.vllm.tests","Fri Mar 06 06:57:34 UTC 2026","passed","Fri Mar 06 06:57:34 UTC 2026","TestPromptEmbedsDecode","test_vllm_prompt_embeds","",""
"Test generate() with b64_json response format returns base64 encoded video.","2","test_b64_response_format","components.src.dynamo.trtllm.tests","Fri Mar 06 07:01:51 UTC 2026","passed","Fri Mar 06 07:01:51 UTC 2026","TestVideoHandlerResponseFormats","test_trtllm_video_diffusion","",""
"Test that NumPy format is rejected (PyTorch format required).","1","test_decode_numpy_format_rejected","components.src.dynamo.vllm.tests","Fri Mar 06 06:57:34 UTC 2026","passed","Fri Mar 06 06:57:34 UTC 2026","TestPromptEmbedsDecode","test_vllm_prompt_embeds","",""
"","3","test_warns_old_vllm","components.src.dynamo.vllm.tests.multimodal_utils","Fri Mar 06 06:57:34 UTC 2026","passed","Fri Mar 06 06:57:34 UTC 2026","TestVersionCheck","test_vllm_multimodal_embedding_cache_connector","",""
"Test FrontendMetric with partial data (optional fields)","0","test_frontend_metric_with_partial_data","tests.planner.unit","Fri Mar 06 06:57:34 UTC 2026","passed","Fri Mar 06 06:57:34 UTC 2026","","test_prometheus","",""
"Verify DeltaToolCall has fields used by _merge_tool_call in prepost.py.

        The post-processor reads id, type, index, and function from incoming
        DeltaToolCall objects. New fields in vLLM are acceptable; missing
        fields break the tool-call merge logic.
        ","0","test_delta_tool_call_fields","components.src.dynamo.vllm.tests","Fri Mar 06 06:57:34 UTC 2026","passed","Fri Mar 06 06:57:34 UTC 2026","TestVllmRendererApi","test_vllm_renderer_api","",""
"Image request parses prompt, size, and creates diffusion sampling params.","1","test_image_generation","components.src.dynamo.vllm.tests","Fri Mar 06 06:57:34 UTC 2026","passed","Fri Mar 06 06:57:34 UTC 2026","TestBuildEngineInputs","test_vllm_omni_handler","",""
"","1","test_raises_when_no_multimodal_flag","components.src.dynamo.vllm.tests","Fri Mar 06 06:58:55 UTC 2026","passed","Fri Mar 06 06:58:55 UTC 2026","TestCreate","test_vllm_worker_factory","",""
"Choice values with regex special characters must be escaped.","0","test_choice_with_special_chars_escaped","components.src.dynamo.trtllm.tests","Fri Mar 06 07:01:51 UTC 2026","passed","Fri Mar 06 07:01:51 UTC 2026","TestGuidedDecodingFromToolChoice","test_trtllm_handler_base","",""
"Valid parser name works when using Dynamo's tokenizer.","137","test_tool_call_parser_valid_with_dynamo_tokenizer","components.src.dynamo.sglang.tests","Fri Mar 06 07:03:00 UTC 2026","passed","Fri Mar 06 07:03:00 UTC 2026","","test_sglang_unit","",""
"","2","test_has_cache_item_miss_then_hit","components.src.dynamo.vllm.tests.multimodal_utils","Fri Mar 06 06:57:34 UTC 2026","passed","Fri Mar 06 06:57:34 UTC 2026","TestSchedulerSideLRU","test_vllm_multimodal_embedding_cache_connector","",""
"Fires 3 concurrent requests and asserts only one thread enters
        engine.generate() at a time (max_concurrent == 1).

        If the asyncio.Lock in VideoGenerationHandler is removed, the 3
        asyncio.to_thread() calls run in parallel OS threads, overlapping
        inside the tracker's sleep window, and max_concurrent rises to 3.
        ","312","test_concurrent_requests_are_serialized","components.src.dynamo.trtllm.tests","Fri Mar 06 07:01:51 UTC 2026","passed","Fri Mar 06 07:01:52 UTC 2026","TestVideoHandlerConcurrency","test_trtllm_video_diffusion","",""
"Test SGLang deployment scenarios using common helpers","26299","test_sglang_deployment[embedding_agg-2]","tests.serve","Fri Mar 06 07:08:27 UTC 2026","passed","Fri Mar 06 07:08:54 UTC 2026","","test_sglang","",""
"Test error response structure.","0","test_error_response","components.src.dynamo.trtllm.tests","Fri Mar 06 07:01:51 UTC 2026","passed","Fri Mar 06 07:01:51 UTC 2026","TestNvVideosResponse","test_trtllm_video_diffusion","",""
"Test that various value ranges are preserved with float32 precision.","1","test_embedding_value_ranges_preserved[precise]","components.src.dynamo.vllm.tests","Fri Mar 06 06:57:34 UTC 2026","passed","Fri Mar 06 06:57:34 UTC 2026","TestEmbeddingsDataFormats","test_vllm_prompt_embeds","",""
"Test that invalid file path raises FileNotFoundError.","49","test_custom_jinja_template_invalid_path","components.src.dynamo.vllm.tests","Fri Mar 06 06:58:53 UTC 2026","passed","Fri Mar 06 06:58:54 UTC 2026","","test_vllm_unit","",""
"Test decoding embeddings of various sizes.","2","test_various_embedding_sizes[384]","components.src.dynamo.vllm.tests","Fri Mar 06 06:57:34 UTC 2026","passed","Fri Mar 06 06:57:34 UTC 2026","TestEmbeddingsDataFormats","test_vllm_prompt_embeds","",""
"Verify DeltaMessage has fields used by StreamingPostProcessor.

        process_output() reads content, reasoning, and tool_calls from
        DeltaMessage objects returned by reasoning/tool parsers. New fields
        in vLLM are acceptable; missing fields break post-processing.
        ","0","test_delta_message_fields","components.src.dynamo.vllm.tests","Fri Mar 06 06:57:34 UTC 2026","passed","Fri Mar 06 06:57:34 UTC 2026","TestVllmRendererApi","test_vllm_renderer_api","",""
"Test _get_average_metric with multiple matching containers returns average","1","test_get_average_metric_multiple_matching_containers","tests.planner.unit","Fri Mar 06 06:57:34 UTC 2026","passed","Fri Mar 06 06:57:34 UTC 2026","","test_prometheus","",""
"Test _generate_images handles PIL Images.","2","test_generate_images_with_pil_image","components.src.dynamo.sglang.tests","Fri Mar 06 07:01:57 UTC 2026","passed","Fri Mar 06 07:01:57 UTC 2026","TestImageDiffusionWorkerHandler","test_sglang_image_diffusion_handler","",""
"Test that None values do not override existing params.","0","test_none_values_are_skipped","components.src.dynamo.trtllm.tests","Fri Mar 06 07:01:51 UTC 2026","passed","Fri Mar 06 07:01:51 UTC 2026","TestOverrideSamplingParams","test_trtllm_handler_base","",""
"Test decoding embeddings of various sizes.","1","test_various_embedding_sizes[2048]","components.src.dynamo.vllm.tests","Fri Mar 06 06:57:34 UTC 2026","passed","Fri Mar 06 06:57:34 UTC 2026","TestEmbeddingsDataFormats","test_vllm_prompt_embeds","",""
"Empty choice list should not produce a regex.","0","test_empty_choice_ignored","components.src.dynamo.trtllm.tests","Fri Mar 06 07:01:51 UTC 2026","passed","Fri Mar 06 07:01:51 UTC 2026","TestGuidedDecodingFromToolChoice","test_trtllm_handler_base","",""
"Router request count query must filter by dynamo_namespace.
        dynamo_component_router_* get dynamo_namespace from MetricsHierarchy (underscores).
        ","0","test_dynamo_namespace_filter_in_router_request_count_query","tests.planner.unit","Fri Mar 06 06:57:34 UTC 2026","passed","Fri Mar 06 06:57:34 UTC 2026","TestPrometheusAPIClientRouterSource","test_prometheus","",""
"Test that --model-express-url takes precedence over MODEL_EXPRESS_URL.","4","test_model_express_url_cli_overrides_env[mx-source]","components.src.dynamo.vllm.tests","Fri Mar 06 06:58:54 UTC 2026","passed","Fri Mar 06 06:58:54 UTC 2026","","test_vllm_unit","",""
"Test None returns defaults.","0","test_parse_size_none","components.src.dynamo.trtllm.tests","Fri Mar 06 07:01:51 UTC 2026","passed","Fri Mar 06 07:01:51 UTC 2026","TestVideHandlerParseSize","test_trtllm_video_diffusion","",""
"","0","test_config_interface","tests.kvbm_integration","Fri Mar 06 06:57:34 UTC 2026","passed","Fri Mar 06 06:57:34 UTC 2026","","test_kvbm_vllm_integration","",""
"Test that falsy values (0, False) are correctly set.

        This is the main regression test for the bug fix. Previously, using
        `if not value` would skip setting values like 0 or False.
        ","1","test_falsy_values_are_applied","components.src.dynamo.trtllm.tests","Fri Mar 06 07:01:51 UTC 2026","passed","Fri Mar 06 07:01:51 UTC 2026","TestOverrideSamplingParams","test_trtllm_handler_base","",""
"Test K8s fallback with only one CLI flag provided","1","test_kubernetes_mode_fallback_partial_cli_flags","tests.planner.unit","Fri Mar 06 06:57:34 UTC 2026","passed","Fri Mar 06 06:57:34 UTC 2026","TestInitializeGpuCounts","test_sla_planner_scaling","",""
"Verify EngineCoreOutput can be constructed with keyword args.

        vllm_processor.py constructs EngineCoreOutput(request_id=...,
        new_token_ids=..., finish_reason=..., stop_reason=...) from router
        responses. This smoke-tests that construction still works and fields
        land in the right positions.
        ","0","test_engine_core_output_construction","components.src.dynamo.vllm.tests","Fri Mar 06 06:57:34 UTC 2026","passed","Fri Mar 06 06:57:34 UTC 2026","TestVllmRendererApi","test_vllm_renderer_api","",""
"","0","test_multimodal_decode_worker","components.src.dynamo.vllm.tests","Fri Mar 06 06:58:55 UTC 2026","passed","Fri Mar 06 06:58:55 UTC 2026","TestHandles","test_vllm_worker_factory","",""
"Choice list with None items should filter them out.","0","test_choice_with_none_items_filtered","components.src.dynamo.trtllm.tests","Fri Mar 06 07:01:51 UTC 2026","passed","Fri Mar 06 07:01:51 UTC 2026","TestGuidedDecodingFromToolChoice","test_trtllm_handler_base","",""
"Choice list with all None items should not produce a regex.","1","test_choice_all_none_items_no_regex","components.src.dynamo.trtllm.tests","Fri Mar 06 07:01:51 UTC 2026","passed","Fri Mar 06 07:01:51 UTC 2026","TestGuidedDecodingFromToolChoice","test_trtllm_handler_base","",""
"
    Connect a VirtualConnector (Dynamo Planner) and a VirtualConnectorClient (customer), and scale.
    ","0","test_main","tests.planner.unit","Fri Mar 06 07:01:57 UTC 2026","skipped","Fri Mar 06 07:01:57 UTC 2026","","test_virtual_connector","",""
"Test that MODEL_EXPRESS_URL env var is used as fallback.","4","test_model_express_url_from_env_var[mx-target]","components.src.dynamo.vllm.tests","Fri Mar 06 06:58:54 UTC 2026","passed","Fri Mar 06 06:58:54 UTC 2026","","test_vllm_unit","",""
"
    Validate that chunked prefill blocks are offloaded.

    Test flow:
    1. Send prompt large enough to trigger multiple chunks
    2. Verify total offloaded blocks matches expected for full prefill
    3. Reset cache and re-request to verify onboarding works
    4. Verify determinism across offload/onboard cycle
    ","185","test_chunked_prefill_offload[llm_server_kvbm0]","tests.kvbm_integration","Fri Mar 06 07:00:22 UTC 2026","passed","Fri Mar 06 07:00:22 UTC 2026","","test_chunked_prefill","",""
"Abort finish reason is normalized to 'cancelled'.","1","test_finish_reason_abort_normalized","components.src.dynamo.vllm.tests","Fri Mar 06 06:57:34 UTC 2026","passed","Fri Mar 06 06:57:34 UTC 2026","TestFormatTextChunk","test_vllm_omni_handler","",""
"Audio generation raises NotImplementedError.","1","test_audio_not_implemented","components.src.dynamo.vllm.tests","Fri Mar 06 06:57:34 UTC 2026","passed","Fri Mar 06 06:57:34 UTC 2026","TestBuildEngineInputs","test_vllm_omni_handler","",""
"","1","test_abort_not_called_when_disabled","components.src.dynamo.trtllm.tests","Fri Mar 06 07:01:51 UTC 2026","passed","Fri Mar 06 07:01:51 UTC 2026","TestHandleCancellationAbortToggle","test_trtllm_handler_base","",""
"","4","test_abort_called_by_default","components.src.dynamo.trtllm.tests","Fri Mar 06 07:01:51 UTC 2026","passed","Fri Mar 06 07:01:51 UTC 2026","TestHandleCancellationAbortToggle","test_trtllm_handler_base","",""
"get_avg_request_count with router source queries dynamo_component_router_requests_total.","1","test_get_avg_request_count_uses_router_requests_total","tests.planner.unit","Fri Mar 06 06:57:34 UTC 2026","passed","Fri Mar 06 06:57:34 UTC 2026","TestPrometheusAPIClientRouterSource","test_prometheus","",""
"Test parsing various dimension strings.","0","test_parse_size_different_dimensions","components.src.dynamo.trtllm.tests","Fri Mar 06 07:01:51 UTC 2026","passed","Fri Mar 06 07:01:51 UTC 2026","TestVideHandlerParseSize","test_trtllm_video_diffusion","",""
"","1","test_skip_oversized_item","components.src.dynamo.vllm.tests.multimodal_utils","Fri Mar 06 06:57:34 UTC 2026","passed","Fri Mar 06 06:57:34 UTC 2026","TestSchedulerSideLRU","test_vllm_multimodal_embedding_cache_connector","",""
"Verify TokensPrompt TypedDict accepts the keys set by vllm_processor.py.

        The processor constructs TokensPrompt(prompt_token_ids=...) and then
        conditionally sets multi_modal_data, multi_modal_uuids, cache_salt,
        and mm_processor_kwargs.
        ","1","test_tokens_prompt_supports_optional_keys_used_by_frontend","components.src.dynamo.vllm.tests","Fri Mar 06 06:57:34 UTC 2026","passed","Fri Mar 06 06:57:34 UTC 2026","TestVllmRendererApi","test_vllm_renderer_api","",""
"Test that num_inference_steps defaults to 50.","3","test_generate_with_default_num_inference_steps","components.src.dynamo.sglang.tests","Fri Mar 06 07:01:57 UTC 2026","passed","Fri Mar 06 07:01:57 UTC 2026","TestImageDiffusionWorkerHandler","test_sglang_image_diffusion_handler","",""
"Test that pplx_kernels module can be imported.","0","test_import_pplx_kernels","tests.dependencies","Fri Mar 06 06:58:55 UTC 2026","passed","Fri Mar 06 06:58:55 UTC 2026","","test_vllm_imports","",""
"EngineInputs uses CHAT_COMPLETION, fps=0, and None optionals by default.","0","test_defaults","components.src.dynamo.vllm.tests","Fri Mar 06 06:57:34 UTC 2026","passed","Fri Mar 06 06:57:34 UTC 2026","TestEngineInputs","test_vllm_omni_handler","",""
"Test invalid format returns defaults with warning.","0","test_parse_size_invalid_format","components.src.dynamo.trtllm.tests","Fri Mar 06 07:01:51 UTC 2026","passed","Fri Mar 06 07:01:51 UTC 2026","TestVideHandlerParseSize","test_trtllm_video_diffusion","",""
"All cached: no encode request sent.","5","test_all_cached_no_request_sent","components.src.dynamo.trtllm.tests.multimodal","Fri Mar 06 07:01:51 UTC 2026","passed","Fri Mar 06 07:01:51 UTC 2026","TestFetchEmbeddingsFromEncoder","test_trtllm_embedding_fetcher","",""
"Test that invalid --endpoint format raises ValueError.","4","test_endpoint_invalid_format_raises","components.src.dynamo.vllm.tests","Fri Mar 06 06:58:54 UTC 2026","passed","Fri Mar 06 06:58:54 UTC 2026","","test_vllm_unit","",""
"","43","test_disagg_scale_down","tests.planner.unit","Fri Mar 06 06:57:34 UTC 2026","passed","Fri Mar 06 06:57:34 UTC 2026","","test_sla_planner_scaling","",""
"Test GPU count initialization for prefill-only mode","0","test_kubernetes_mode_prefill_only","tests.planner.unit","Fri Mar 06 06:57:34 UTC 2026","passed","Fri Mar 06 06:57:34 UTC 2026","TestInitializeGpuCounts","test_sla_planner_scaling","",""
"
    Test dynamo serve deployments with different graph configurations.
    ","0","test_serve_deployment[multimodal_disagg_qwen3vl_2b_epd]","tests.serve","Fri Mar 06 07:15:21 UTC 2026","skipped","Fri Mar 06 07:15:21 UTC 2026","","test_vllm","",""
"Test that GPU counts come from CLI args in virtual mode","0","test_virtual_mode_uses_cli_args","tests.planner.unit","Fri Mar 06 06:57:34 UTC 2026","passed","Fri Mar 06 06:57:34 UTC 2026","TestInitializeGpuCounts","test_sla_planner_scaling","",""
"
    Test dynamo serve deployments with different graph configurations.
    ","95925","test_serve_deployment[aggregated]","tests.serve","Fri Mar 06 07:05:26 UTC 2026","passed","Fri Mar 06 07:07:02 UTC 2026","","test_vllm","",""
"Missing disagg section key should raise a clear ValueError.","6","test_disagg_config_key_not_found_error","components.src.dynamo.sglang.tests","Fri Mar 06 07:03:00 UTC 2026","passed","Fri Mar 06 07:03:00 UTC 2026","","test_sglang_unit","",""
"","2","test_update_state_plans_save","components.src.dynamo.vllm.tests.multimodal_utils","Fri Mar 06 06:57:34 UTC 2026","passed","Fri Mar 06 06:57:34 UTC 2026","TestSchedulerSideLRU","test_vllm_multimodal_embedding_cache_connector","",""
"Test that dimensions exactly at max are allowed.","1","test_parse_size_at_max_boundary","components.src.dynamo.trtllm.tests","Fri Mar 06 07:01:51 UTC 2026","passed","Fri Mar 06 07:01:51 UTC 2026","TestVideHandlerParseSize","test_trtllm_video_diffusion","",""
"Test error handling when registry fails.","0","test_error_handling","components.src.dynamo.vllm.tests","Fri Mar 06 06:57:34 UTC 2026","passed","Fri Mar 06 06:57:34 UTC 2026","TestGetPrometheusExpfmt","test_vllm_prometheus_utils","",""
"Test decoding embeddings of various sizes.","67","test_various_embedding_sizes[128]","components.src.dynamo.vllm.tests","Fri Mar 06 06:57:34 UTC 2026","passed","Fri Mar 06 06:57:34 UTC 2026","TestEmbeddingsDataFormats","test_vllm_prompt_embeds","",""
"Test decoding embeddings with various shapes and dtypes.","13","test_decode_valid_embeddings_various_shapes[3d-float16]","components.src.dynamo.vllm.tests","Fri Mar 06 06:57:34 UTC 2026","passed","Fri Mar 06 06:57:34 UTC 2026","TestPromptEmbedsDecode","test_vllm_prompt_embeds","",""
"_get_router_average_histogram returns 0 when value is NaN.","0","test_router_histogram_returns_zero_on_nan","tests.planner.unit","Fri Mar 06 06:57:34 UTC 2026","passed","Fri Mar 06 06:57:34 UTC 2026","TestPrometheusAPIClientRouterSource","test_prometheus","",""
"Test that --connector nixl raises ValueError with --kv-transfer-config hint.","4","test_connector_nixl_raises_error_with_migration_hint","components.src.dynamo.vllm.tests","Fri Mar 06 06:58:54 UTC 2026","passed","Fri Mar 06 06:58:54 UTC 2026","","test_vllm_unit","",""
"Test that invalid inputs raise ValueError.","0","test_decode_invalid_inputs[bad-base64]","components.src.dynamo.vllm.tests","Fri Mar 06 06:57:34 UTC 2026","passed","Fri Mar 06 06:57:34 UTC 2026","TestPromptEmbedsDecode","test_vllm_prompt_embeds","",""
"Cache path: request NOT updated with EPD metadata.","31","test_partial_cache_no_metadata_update","components.src.dynamo.trtllm.tests.multimodal","Fri Mar 06 07:01:51 UTC 2026","passed","Fri Mar 06 07:01:51 UTC 2026","TestFetchEmbeddingsFromEncoder","test_trtllm_embedding_fetcher","",""
"All URLs cached -> no encode worker call, returns accumulated mm_data.","8","test_all_cached","components.src.dynamo.vllm.tests.multimodal_utils","Fri Mar 06 06:57:34 UTC 2026","passed","Fri Mar 06 06:57:34 UTC 2026","TestLoadMultimodalEmbeddings","test_vllm_prefill_worker_utils","",""
"
    Test dynamo serve deployments with different graph configurations.
    ","26400","test_serve_deployment[guided_decoding]","tests.serve","Fri Mar 06 07:16:41 UTC 2026","passed","Fri Mar 06 07:17:07 UTC 2026","","test_vllm","",""
"If both choice and regex are specified, regex takes priority.","0","test_choice_not_used_when_regex_present","components.src.dynamo.trtllm.tests","Fri Mar 06 07:01:51 UTC 2026","passed","Fri Mar 06 07:01:51 UTC 2026","TestGuidedDecodingFromToolChoice","test_trtllm_handler_base","",""
"Test that valid absolute path is stored correctly.","4","test_custom_jinja_template_valid_path","components.src.dynamo.vllm.tests","Fri Mar 06 06:58:54 UTC 2026","passed","Fri Mar 06 06:58:54 UTC 2026","","test_vllm_unit","",""
"","1","test_update_state_plans_load_for_cached","components.src.dynamo.vllm.tests.multimodal_utils","Fri Mar 06 06:57:34 UTC 2026","passed","Fri Mar 06 06:57:34 UTC 2026","TestSchedulerSideLRU","test_vllm_multimodal_embedding_cache_connector","",""
"Test that --model-express-url is stored when load format is mx-source/mx-target.","4","test_model_express_url_from_cli_arg[mx-target]","components.src.dynamo.vllm.tests","Fri Mar 06 06:58:54 UTC 2026","passed","Fri Mar 06 06:58:54 UTC 2026","","test_vllm_unit","",""
"Verify BlockStored serializes to expected msgpack array format.

        This is the ultimate test - if the serialized format changes,
        Rust deserialization will fail.
        ","1","test_block_stored_serialization_format","components.src.dynamo.vllm.tests","Fri Mar 06 06:57:34 UTC 2026","passed","Fri Mar 06 06:57:34 UTC 2026","TestVllmKvEventsApi","test_vllm_kv_events_api","",""
"get_avg_inter_token_latency with router source queries dynamo_component_router_* metric.","0","test_get_avg_inter_token_latency_dispatches_to_router_histogram","tests.planner.unit","Fri Mar 06 06:57:34 UTC 2026","passed","Fri Mar 06 06:57:34 UTC 2026","TestPrometheusAPIClientRouterSource","test_prometheus","",""
"
    Test offload → cache reset → onboard cycle with determinism verification.

    Validates that:
    - Initial request triggers offload to CPU cache
    - Cache reset clears GPU cache
    - Repeated request triggers onboard from CPU to GPU
    - Responses are deterministic across the cycle
    ","231","test_offload_and_onboard[llm_server_kvbm0]","tests.kvbm_integration","Fri Mar 06 07:01:20 UTC 2026","passed","Fri Mar 06 07:01:20 UTC 2026","","test_kvbm","",""
"Video request parses prompt, size, seconds, and sets fps.","1","test_video_generation","components.src.dynamo.vllm.tests","Fri Mar 06 06:57:34 UTC 2026","passed","Fri Mar 06 06:57:34 UTC 2026","TestBuildEngineInputs","test_vllm_omni_handler","",""
"No-cache path: DisaggregatedParams passed as ep_params.","3","test_disaggregated_params_passed_to_generate_locally","components.src.dynamo.trtllm.tests.request_handlers","Fri Mar 06 07:01:51 UTC 2026","passed","Fri Mar 06 07:01:51 UTC 2026","TestPrefillHandlerGenerate","test_trtllm_prefill_handler","",""
"","37875","test_router_decisions_vllm_multiple_workers[tcp]","tests.router","Fri Mar 06 07:03:49 UTC 2026","passed","Fri Mar 06 07:04:27 UTC 2026","","test_router_e2e_with_vllm","",""
"_generate_disagg prefills locally, then round-robins to decode worker.","5","test_prefills_then_forwards_to_decode","components.src.dynamo.vllm.tests.multimodal_handlers","Fri Mar 06 06:57:34 UTC 2026","passed","Fri Mar 06 06:57:34 UTC 2026","TestGenerateDisagg","test_vllm_multimodal_pd_worker_handler","",""
"Test --disaggregation-mode decode sets correct state.","4","test_disaggregation_mode_decode","components.src.dynamo.vllm.tests","Fri Mar 06 06:58:55 UTC 2026","passed","Fri Mar 06 06:58:55 UTC 2026","","test_vllm_unit","",""
"Test that valid absolute path is stored correctly.","416","test_custom_jinja_template_valid_path","components.src.dynamo.sglang.tests","Fri Mar 06 07:02:59 UTC 2026","passed","Fri Mar 06 07:03:00 UTC 2026","","test_sglang_unit","",""
"get_avg_input_sequence_tokens with router source queries dynamo_component_router_* metric.","0","test_get_avg_input_sequence_tokens_dispatches_to_router_histogram","tests.planner.unit","Fri Mar 06 06:57:34 UTC 2026","passed","Fri Mar 06 06:57:34 UTC 2026","TestPrometheusAPIClientRouterSource","test_prometheus","",""
"","1","test_embedding_cache_created_when_capacity_set","components.src.dynamo.vllm.tests.multimodal_handlers","Fri Mar 06 06:57:34 UTC 2026","passed","Fri Mar 06 06:57:34 UTC 2026","TestInit","test_vllm_multimodal_pd_worker_handler","",""
"Test that VIDEO_DIFFUSION returns False for is_llm.","0","test_is_llm_false_for_video_diffusion","components.src.dynamo.trtllm.tests","Fri Mar 06 07:01:51 UTC 2026","passed","Fri Mar 06 07:01:51 UTC 2026","TestModality","test_trtllm_video_diffusion","",""
"Trigger the predownload_models fixture to download all required models.

    This test runs before any other tests in the session due to pytest.mark.order(""first"").
    By downloading models upfront, we ensure that model download time is not counted
    against individual test timeouts. This prevents tests from failing due to slow
    network downloads rather than actual test failures.

    The actual download logic is handled by the predownload_models session-scoped fixture
    defined in conftest.py.

    The parametrization ensures this test is selected by any CI marker expression
    that matches framework-specific E2E tests (e.g., ""vllm and e2e and gpu_1"").
    ","0","test_predownload_models[predownload_models_vllm_gpu1]","tests","Fri Mar 06 06:58:53 UTC 2026","passed","Fri Mar 06 06:58:53 UTC 2026","","test_predownload_models","",""
"Empty image_urls raises ValueError.","0","test_empty_urls_raises_error","components.src.dynamo.trtllm.tests.multimodal","Fri Mar 06 07:01:51 UTC 2026","passed","Fri Mar 06 07:01:51 UTC 2026","TestFetchEmbeddingsFromEncoder","test_trtllm_embedding_fetcher","",""
"Test that ValueError is raised when there are no user role messages.","0","test_extract_user_text_no_user_messages","components.src.dynamo.vllm.tests","Fri Mar 06 06:57:34 UTC 2026","passed","Fri Mar 06 06:57:34 UTC 2026","","test_vllm_chat_message_utils","",""
"
    Test dynamo serve deployments with different graph configurations.
    ","74713","test_serve_deployment[multimodal_agg_qwen]","tests.serve","Fri Mar 06 07:15:22 UTC 2026","passed","Fri Mar 06 07:16:36 UTC 2026","","test_vllm","",""
"Test that environment variables in paths are expanded by Python code.","4","test_custom_jinja_template_env_var_expansion","components.src.dynamo.vllm.tests","Fri Mar 06 06:58:54 UTC 2026","passed","Fri Mar 06 06:58:54 UTC 2026","","test_vllm_unit","",""
"Test _get_average_metric with valid containers but no matches","0","test_get_average_metric_no_matching_containers","tests.planner.unit","Fri Mar 06 06:57:34 UTC 2026","passed","Fri Mar 06 06:57:34 UTC 2026","","test_prometheus","",""
"Test that non-tensor PyTorch objects are rejected.","1","test_decode_non_tensor_object_rejected","components.src.dynamo.vllm.tests","Fri Mar 06 06:57:34 UTC 2026","passed","Fri Mar 06 06:57:34 UTC 2026","TestPromptEmbedsDecode","test_vllm_prompt_embeds","",""
"Test valid 'WxH' string parsing.","0","test_parse_size_valid","components.src.dynamo.trtllm.tests","Fri Mar 06 07:01:51 UTC 2026","passed","Fri Mar 06 07:01:51 UTC 2026","TestVideHandlerParseSize","test_trtllm_video_diffusion","",""
"CLI namespace should be used for auto-derived endpoint.","144","test_namespace_flag_drives_default_endpoint_namespace","components.src.dynamo.sglang.tests","Fri Mar 06 07:03:00 UTC 2026","passed","Fri Mar 06 07:03:00 UTC 2026","","test_sglang_unit","",""
"Test error handling when registry fails.","1","test_error_handling","components.src.dynamo.trtllm.tests","Fri Mar 06 07:01:51 UTC 2026","passed","Fri Mar 06 07:01:51 UTC 2026","TestGetPrometheusExpfmt","test_trtllm_prometheus_utils","",""
"Test _get_average_metric when prometheus returns empty list","1","test_get_average_metric_empty_result","tests.planner.unit","Fri Mar 06 06:57:34 UTC 2026","passed","Fri Mar 06 06:57:34 UTC 2026","","test_prometheus","",""
"Test handling when all metrics are filtered out.","0","test_empty_result_handling","components.src.dynamo.trtllm.tests","Fri Mar 06 07:01:51 UTC 2026","passed","Fri Mar 06 07:01:51 UTC 2026","TestGetPrometheusExpfmt","test_trtllm_prometheus_utils","",""
"Final chunk includes finish_reason and usage stats.","1","test_finish_reason_included","components.src.dynamo.vllm.tests","Fri Mar 06 06:57:34 UTC 2026","passed","Fri Mar 06 06:57:34 UTC 2026","TestFormatTextChunk","test_vllm_omni_handler","",""
"
    Collect CUDA major versions (12/13) from predefined signals and assert consistency.
    Prints a readable report with full relevant output when failing.
    ","690","test_cuda_major_consistency","tests.basic","Fri Mar 06 07:01:57 UTC 2026","passed","Fri Mar 06 07:01:58 UTC 2026","","test_cuda_version_consistency","",""
"Parses token_ids and sampling_params from raw frontend dict.","1","test_extracts_token_ids_and_sampling_params","components.src.dynamo.vllm.tests.multimodal_handlers","Fri Mar 06 06:57:34 UTC 2026","passed","Fri Mar 06 06:57:34 UTC 2026","TestParseFrontendRequest","test_vllm_multimodal_pd_worker_handler","",""
"Test all None uses config default.","0","test_compute_num_frames_defaults","components.src.dynamo.trtllm.tests","Fri Mar 06 07:01:51 UTC 2026","passed","Fri Mar 06 07:01:51 UTC 2026","TestVideoHandlerComputeNumFrames","test_trtllm_video_diffusion","",""
"
    Test dynamo serve deployments with different graph configurations.
    ","73859","test_serve_deployment[aggregated_lmcache]","tests.serve","Fri Mar 06 07:07:06 UTC 2026","passed","Fri Mar 06 07:08:20 UTC 2026","","test_vllm","",""
"Verify FinishReason enum names and string representations.

        vllm_processor.py maps router finish_reason strings to FinishReason
        enum values via _FINISH_REASON_MAP, and the output processor uses
        str(finish_reason) for the OpenAI response format.
        ","0","test_finish_reason_enum_contract","components.src.dynamo.vllm.tests","Fri Mar 06 06:57:34 UTC 2026","passed","Fri Mar 06 06:57:34 UTC 2026","TestVllmRendererApi","test_vllm_renderer_api","",""
"Test fps with default seconds (4).","0","test_compute_num_frames_only_fps","components.src.dynamo.trtllm.tests","Fri Mar 06 07:01:51 UTC 2026","passed","Fri Mar 06 07:01:51 UTC 2026","TestVideoHandlerComputeNumFrames","test_trtllm_video_diffusion","",""
"Test that --connector none raises ValueError telling user it's no longer needed.","3","test_connector_none_raises_error","components.src.dynamo.vllm.tests","Fri Mar 06 06:58:54 UTC 2026","passed","Fri Mar 06 06:58:54 UTC 2026","","test_vllm_unit","",""
"Verify OutputProcessor init, add_request, process_outputs, and
        abort_requests signatures match what vllm_processor.py calls.
        ","0","test_output_processor_api_shape","components.src.dynamo.vllm.tests","Fri Mar 06 06:57:34 UTC 2026","passed","Fri Mar 06 06:57:34 UTC 2026","TestVllmRendererApi","test_vllm_renderer_api","",""
"Verify PreprocessWorkerResult survives pickle round-trip.

        _preprocess_worker returns this dataclass via a ProcessPoolExecutor
        Future. If any field becomes unpicklable, the pool path breaks.
        ","14","test_preprocess_worker_result_picklability","components.src.dynamo.vllm.tests","Fri Mar 06 06:57:34 UTC 2026","passed","Fri Mar 06 06:57:34 UTC 2026","TestVllmRendererApi","test_vllm_renderer_api","",""
"Verify BlockStored has expected fields in expected order.

        The Rust deserializer expects these fields in this exact order:
        1. block_hashes
        2. parent_block_hash
        3. token_ids
        4. block_size
        5. lora_id
        6. medium
        7. lora_name (added in vLLM 0.14.0)

        If vLLM adds/removes/reorders fields, this test will fail.
        ","0","test_block_stored_fields","components.src.dynamo.vllm.tests","Fri Mar 06 06:57:34 UTC 2026","passed","Fri Mar 06 06:57:34 UTC 2026","TestVllmKvEventsApi","test_vllm_kv_events_api","",""
"Test _get_average_metric when prometheus returns None","1","test_get_average_metric_none_result","tests.planner.unit","Fri Mar 06 06:57:34 UTC 2026","passed","Fri Mar 06 06:57:34 UTC 2026","","test_prometheus","",""
"Without encode client -> returns empty dict.","3","test_no_encode_client_returns_empty","components.src.dynamo.vllm.tests.multimodal_handlers","Fri Mar 06 06:57:34 UTC 2026","passed","Fri Mar 06 06:57:34 UTC 2026","TestLoadMultimodalData","test_vllm_multimodal_pd_worker_handler","",""
"Test extracting text from a single user message with one text content.","0","test_extract_user_text_single_message","components.src.dynamo.vllm.tests","Fri Mar 06 06:57:34 UTC 2026","passed","Fri Mar 06 06:57:34 UTC 2026","","test_vllm_chat_message_utils","",""
"Selected disagg section must be a dictionary.","6","test_disagg_config_section_must_be_dict","components.src.dynamo.sglang.tests","Fri Mar 06 07:03:00 UTC 2026","passed","Fri Mar 06 07:03:00 UTC 2026","","test_sglang_unit","",""
"Test that TEXT returns True for is_llm.","1","test_is_llm_true_for_text","components.src.dynamo.trtllm.tests","Fri Mar 06 07:01:51 UTC 2026","passed","Fri Mar 06 07:01:51 UTC 2026","TestModality","test_trtllm_video_diffusion","",""
"Test that --model-express-url is stored when load format is mx-source/mx-target.","4","test_model_express_url_from_cli_arg[mx-source]","components.src.dynamo.vllm.tests","Fri Mar 06 06:58:54 UTC 2026","passed","Fri Mar 06 06:58:54 UTC 2026","","test_vllm_unit","",""
"Test that missing model raises validation error.","0","test_required_fields_missing_model","components.src.dynamo.trtllm.tests","Fri Mar 06 07:01:51 UTC 2026","passed","Fri Mar 06 07:01:51 UTC 2026","TestNvCreateVideoRequest","test_trtllm_video_diffusion","",""
"Verify ToolParserManager and ReasoningParserManager lookup signatures.

        EngineFactory calls ToolParserManager.get_tool_parser(name) and
        ReasoningParserManager.get_reasoning_parser(name) to resolve parser
        classes by name.
        ","1","test_tool_and_reasoning_parser_manager_contract","components.src.dynamo.vllm.tests","Fri Mar 06 06:57:34 UTC 2026","passed","Fri Mar 06 06:57:34 UTC 2026","TestVllmRendererApi","test_vllm_renderer_api","",""
"Test that --endpoint overrides even with --disaggregation-mode prefill.","6","test_endpoint_overrides_with_prefill_worker","components.src.dynamo.vllm.tests","Fri Mar 06 06:58:54 UTC 2026","passed","Fri Mar 06 06:58:54 UTC 2026","","test_vllm_unit","",""
"Test _connector_to_kv_transfer_json returns valid JSON for a single connector.","0","test_connector_to_kv_transfer_json_single","components.src.dynamo.vllm.tests","Fri Mar 06 06:58:54 UTC 2026","passed","Fri Mar 06 06:58:54 UTC 2026","","test_vllm_unit","",""
"Test default values for completed response.","0","test_default_values","components.src.dynamo.trtllm.tests","Fri Mar 06 07:01:51 UTC 2026","passed","Fri Mar 06 07:01:51 UTC 2026","TestNvVideosResponse","test_trtllm_video_diffusion","",""
"Verify SamplingParams has the fields projected by vllm_processor.py.

        The processor intersects SamplingParams.__annotations__ with
        ChatCompletionRequest.model_fields to copy user-specified sampling
        fields. If annotations change, the intersection shifts silently.
        ","0","test_sampling_params_annotations_and_output_kind","components.src.dynamo.vllm.tests","Fri Mar 06 06:57:34 UTC 2026","passed","Fri Mar 06 06:57:34 UTC 2026","TestVllmRendererApi","test_vllm_renderer_api","",""
"stream_interval=20: multiple tokens per chunk.

    When </think>, <tool_call>, and the start of the JSON body arrive in a
    single CompletionOutput, the tool parser must still extract the tool call
    correctly instead of leaking raw tool-call markup into ``content``.
    ","1","test_stream_interval_20","tests.frontend","Fri Mar 06 06:57:34 UTC 2026","passed","Fri Mar 06 06:57:34 UTC 2026","","test_prepost","",""
"Test error handling in generate method.","5","test_generate_error_handling","components.src.dynamo.sglang.tests","Fri Mar 06 07:01:57 UTC 2026","passed","Fri Mar 06 07:01:57 UTC 2026","TestImageDiffusionWorkerHandler","test_sglang_image_diffusion_handler","",""
"Test that dryrun preserves GPU counts provided via config","0","test_dryrun_preserves_cli_gpu_counts","tests.planner.unit","Fri Mar 06 06:57:34 UTC 2026","passed","Fri Mar 06 06:57:34 UTC 2026","TestDryrunGpuDefaults","test_sla_planner_scaling","",""
"Verify InputProcessor exposes renderer, generation_config_fields,
        and get_tokenizer used by EngineFactory and VllmProcessor.

        EngineFactory calls input_processor.get_tokenizer() and passes
        input_processor.renderer to preprocess_chat_request.
        VllmProcessor iterates input_processor.generation_config_fields.
        ","0","test_input_processor_attributes","components.src.dynamo.vllm.tests","Fri Mar 06 06:57:34 UTC 2026","passed","Fri Mar 06 06:57:34 UTC 2026","TestVllmRendererApi","test_vllm_renderer_api","",""
"Test that combining legacy flags with explicit --disaggregation-mode raises ValueError.","3","test_conflicting_legacy_and_new_flags_raises","components.src.dynamo.vllm.tests","Fri Mar 06 06:58:55 UTC 2026","passed","Fri Mar 06 06:58:55 UTC 2026","","test_vllm_unit","",""
"guided_decoding dict from Rust must be converted to GuidedDecodingParams.

        The Rust frontend serializes GuidedDecodingOptions as a JSON dict.
        _override_sampling_params must convert it to TRT-LLM's
        GuidedDecodingParams so that downstream attribute access like
        .json_object works without AttributeError.
        ","0","test_guided_decoding_dict_is_converted","components.src.dynamo.trtllm.tests","Fri Mar 06 07:01:51 UTC 2026","passed","Fri Mar 06 07:01:51 UTC 2026","TestGuidedDecodingFromToolChoice","test_trtllm_handler_base","",""
"Test that --disaggregation-mode agg --is-decode-worker raises ValueError.","3","test_explicit_default_mode_with_legacy_flag_raises","components.src.dynamo.vllm.tests","Fri Mar 06 06:58:55 UTC 2026","passed","Fri Mar 06 06:58:55 UTC 2026","","test_vllm_unit","",""
"Test that invalid inputs raise ValueError.","1","test_decode_invalid_inputs[raw-bytes]","components.src.dynamo.vllm.tests","Fri Mar 06 06:57:34 UTC 2026","passed","Fri Mar 06 06:57:34 UTC 2026","TestPromptEmbedsDecode","test_vllm_prompt_embeds","",""
"Test that invalid inputs raise ValueError.","18","test_decode_invalid_inputs[corrupted-zip]","components.src.dynamo.vllm.tests","Fri Mar 06 06:57:34 UTC 2026","passed","Fri Mar 06 06:57:34 UTC 2026","TestPromptEmbedsDecode","test_vllm_prompt_embeds","",""
"Test VideoData with no arguments.","0","test_empty_defaults","components.src.dynamo.trtllm.tests","Fri Mar 06 07:01:51 UTC 2026","passed","Fri Mar 06 07:01:51 UTC 2026","TestVideoData","test_trtllm_video_diffusion","",""
"Unsupported response_format raises ValueError.","1","test_invalid_format","components.src.dynamo.vllm.tests","Fri Mar 06 06:57:34 UTC 2026","passed","Fri Mar 06 06:57:34 UTC 2026","TestPrepareImageOutput","test_vllm_omni_handler","",""
"Test that deep_ep module can be imported.","0","test_import_deep_ep","tests.dependencies","Fri Mar 06 06:58:55 UTC 2026","passed","Fri Mar 06 06:58:55 UTC 2026","","test_vllm_imports","",""
"Cache path: List[Tensor] passed as embeddings.","10","test_embeddings_passed_to_generate_locally","components.src.dynamo.trtllm.tests.request_handlers","Fri Mar 06 07:01:51 UTC 2026","passed","Fri Mar 06 07:01:51 UTC 2026","TestAggregatedHandlerGenerate","test_trtllm_aggregated_handler","",""
"Model name and embeddings dtype are forwarded.","2","test_passes_model_and_dtype","components.src.dynamo.vllm.tests.multimodal_handlers","Fri Mar 06 06:57:34 UTC 2026","passed","Fri Mar 06 06:57:34 UTC 2026","TestLoadMultimodalData","test_vllm_multimodal_pd_worker_handler","",""
"Test factory creates AggregatedHandler for prefill_and_decode mode.","1","test_creates_aggregated_handler","components.src.dynamo.trtllm.tests.request_handlers","Fri Mar 06 07:01:51 UTC 2026","passed","Fri Mar 06 07:01:51 UTC 2026","TestRequestHandlerFactory","test_trtllm_request_handler_factory","",""
"Regression: everything arrives in a single CompletionOutput.

    The closing </think>, the full <tool_call>…</tool_call>, and
    finish_reason=""stop"" are all packed into one chunk.  This exercises
    the terminal single-chunk buffer-drain path in the post-processor.
    ","0","test_stream_terminal_single_chunk","tests.frontend","Fri Mar 06 06:57:34 UTC 2026","passed","Fri Mar 06 06:57:34 UTC 2026","","test_prepost","",""
"Test that invalid inputs raise ValueError.","1","test_decode_invalid_inputs[empty]","components.src.dynamo.vllm.tests","Fri Mar 06 06:57:34 UTC 2026","passed","Fri Mar 06 06:57:34 UTC 2026","TestPromptEmbedsDecode","test_vllm_prompt_embeds","",""
"Test serialization with model_dump().","0","test_model_dump","components.src.dynamo.trtllm.tests","Fri Mar 06 07:01:51 UTC 2026","passed","Fri Mar 06 07:01:51 UTC 2026","TestNvVideosResponse","test_trtllm_video_diffusion","",""
"
    Test dynamo serve deployments with different graph configurations.
    ","73917","test_serve_deployment[aggregated_lmcache_multiproc]","tests.serve","Fri Mar 06 07:08:24 UTC 2026","passed","Fri Mar 06 07:09:38 UTC 2026","","test_vllm","",""
"Test that various value ranges are preserved with float32 precision.","0","test_embedding_value_ranges_preserved[zeros]","components.src.dynamo.vllm.tests","Fri Mar 06 06:57:34 UTC 2026","passed","Fri Mar 06 06:57:34 UTC 2026","TestEmbeddingsDataFormats","test_vllm_prompt_embeds","",""
"Test factory raises ValueError for invalid disaggregation_mode.","0","test_invalid_mode_raises","components.src.dynamo.trtllm.tests.request_handlers","Fri Mar 06 07:01:51 UTC 2026","passed","Fri Mar 06 07:01:51 UTC 2026","TestRequestHandlerFactory","test_trtllm_request_handler_factory","",""
"Test that nvext parameters are passed to the generator.","1","test_generate_with_nvext","components.src.dynamo.sglang.tests","Fri Mar 06 07:01:57 UTC 2026","passed","Fri Mar 06 07:01:57 UTC 2026","TestImageDiffusionWorkerHandler","test_sglang_image_diffusion_handler","",""
"
    Test dynamo serve deployments with different graph configurations.
    ","95814","test_serve_deployment[agg-request-plane-http]","tests.serve","Fri Mar 06 07:11:23 UTC 2026","passed","Fri Mar 06 07:12:59 UTC 2026","","test_vllm","",""
"Test handler initialization.","1","test_initialization","components.src.dynamo.sglang.tests","Fri Mar 06 07:01:57 UTC 2026","passed","Fri Mar 06 07:01:57 UTC 2026","TestImageDiffusionWorkerHandler","test_sglang_image_diffusion_handler","",""
"
    Test dynamo serve deployments with different graph configurations.
    ","52213","test_serve_deployment[multimodal_disagg_qwen3vl_2b_e_pd]","tests.serve","Fri Mar 06 07:13:03 UTC 2026","passed","Fri Mar 06 07:13:55 UTC 2026","","test_vllm","",""
"Test decoding embeddings with various shapes and dtypes.","2","test_decode_valid_embeddings_various_shapes[3d-batch]","components.src.dynamo.vllm.tests","Fri Mar 06 06:57:34 UTC 2026","passed","Fri Mar 06 06:57:34 UTC 2026","TestPromptEmbedsDecode","test_vllm_prompt_embeds","",""
"With encode client -> delegates to load_multimodal_embeddings.","2","test_delegates_to_load_multimodal_embeddings","components.src.dynamo.vllm.tests.multimodal_handlers","Fri Mar 06 06:57:34 UTC 2026","passed","Fri Mar 06 06:57:34 UTC 2026","TestLoadMultimodalData","test_vllm_multimodal_pd_worker_handler","",""
"Test _upload_to_fs method.","1","test_upload_to_fs","components.src.dynamo.sglang.tests","Fri Mar 06 07:01:57 UTC 2026","passed","Fri Mar 06 07:01:57 UTC 2026","TestImageDiffusionWorkerHandler","test_sglang_image_diffusion_handler","",""
"Test SGLang use case: filter to sglang: metrics and exclude python_/process_.","2","test_sglang_use_case","components.src.dynamo.sglang.tests","Fri Mar 06 07:01:57 UTC 2026","passed","Fri Mar 06 07:01:57 UTC 2026","TestGetPrometheusExpfmt","test_sglang_prometheus_utils","",""
"_get_router_average_histogram returns 0 when Prometheus has no data.","0","test_router_histogram_returns_zero_on_empty_result","tests.planner.unit","Fri Mar 06 06:57:34 UTC 2026","passed","Fri Mar 06 06:57:34 UTC 2026","TestPrometheusAPIClientRouterSource","test_prometheus","",""
"Test that GPU counts are read from DGD in Kubernetes mode","1","test_kubernetes_mode_reads_from_dgd","tests.planner.unit","Fri Mar 06 06:57:34 UTC 2026","passed","Fri Mar 06 06:57:34 UTC 2026","TestInitializeGpuCounts","test_sla_planner_scaling","",""
"Test that empty text content items are ignored.","0","test_extract_user_text_empty_text_content","components.src.dynamo.vllm.tests","Fri Mar 06 06:57:34 UTC 2026","passed","Fri Mar 06 06:57:34 UTC 2026","","test_vllm_chat_message_utils","",""
"warn_if_router_not_scraped is silent when the metric exists (absent() returns empty).","1","test_warn_if_router_not_scraped_silent_when_present","tests.planner.unit","Fri Mar 06 06:57:34 UTC 2026","passed","Fri Mar 06 06:57:34 UTC 2026","TestPrometheusAPIClientRouterSource","test_prometheus","",""
"Test _uses_dynamo_connector for direct, nested-in-PdConnector, and absent cases.","0","test_uses_dynamo_connector_direct_and_nested","components.src.dynamo.vllm.tests","Fri Mar 06 06:58:54 UTC 2026","passed","Fri Mar 06 06:58:54 UTC 2026","","test_vllm_unit","",""
"","46553","test_router_decisions_sglang_multiple_workers[tcp]","tests.router","Fri Mar 06 07:04:20 UTC 2026","passed","Fri Mar 06 07:05:07 UTC 2026","","test_router_e2e_with_sglang","",""
"Verify OutputProcessor has a request_states dict attribute.

        vllm_processor.py checks
          vllm_preproc.request_id in self.output_processor.request_states
        in the finally block to decide whether to abort. If this attribute
        is renamed or removed, cleanup will silently break.
        ","0","test_output_processor_request_states_attribute","components.src.dynamo.vllm.tests","Fri Mar 06 06:57:34 UTC 2026","passed","Fri Mar 06 06:57:34 UTC 2026","TestVllmRendererApi","test_vllm_renderer_api","",""
"Test SGLang deployment scenarios using common helpers","71658","test_sglang_deployment[aggregated-2]","tests.serve","Fri Mar 06 07:06:11 UTC 2026","passed","Fri Mar 06 07:07:22 UTC 2026","","test_sglang","",""
"Test VideoData with base64 only.","0","test_b64_only","components.src.dynamo.trtllm.tests","Fri Mar 06 07:01:51 UTC 2026","passed","Fri Mar 06 07:01:51 UTC 2026","TestVideoData","test_trtllm_video_diffusion","",""
"Verify KVCacheEvent uses array_like=True serialization.

        Our Rust deserializers expect msgpack arrays, not objects.
        If this changes, deserialization will break.
        ","1","test_kv_cache_event_uses_array_like","components.src.dynamo.vllm.tests","Fri Mar 06 06:57:34 UTC 2026","passed","Fri Mar 06 06:57:34 UTC 2026","TestVllmKvEventsApi","test_vllm_kv_events_api","",""
"b64_json format returns data URI with base64 prefix.","1","test_b64_json","components.src.dynamo.vllm.tests","Fri Mar 06 06:57:34 UTC 2026","passed","Fri Mar 06 06:57:34 UTC 2026","TestPrepareImageOutput","test_vllm_omni_handler","",""
"Test that MULTIMODAL returns False for is_diffusion.","0","test_is_diffusion_false_for_multimodal","components.src.dynamo.trtllm.tests","Fri Mar 06 07:01:51 UTC 2026","passed","Fri Mar 06 07:01:51 UTC 2026","TestModality","test_trtllm_video_diffusion","",""
"Trigger the predownload_models fixture to download all required models.

    This test runs before any other tests in the session due to pytest.mark.order(""first"").
    By downloading models upfront, we ensure that model download time is not counted
    against individual test timeouts. This prevents tests from failing due to slow
    network downloads rather than actual test failures.

    The actual download logic is handled by the predownload_models session-scoped fixture
    defined in conftest.py.

    The parametrization ensures this test is selected by any CI marker expression
    that matches framework-specific E2E tests (e.g., ""vllm and e2e and gpu_1"").
    ","1","test_predownload_models[predownload_models_sglang_gpu1]","tests","Fri Mar 06 07:02:59 UTC 2026","passed","Fri Mar 06 07:02:59 UTC 2026","","test_predownload_models","",""
"--disagg-config-key alone should fail.","7","test_disagg_config_key_requires_disagg_config","components.src.dynamo.sglang.tests","Fri Mar 06 07:03:00 UTC 2026","passed","Fri Mar 06 07:03:00 UTC 2026","","test_sglang_unit","",""
"Test _encode_base64 method.","1","test_encode_base64","components.src.dynamo.sglang.tests","Fri Mar 06 07:01:57 UTC 2026","passed","Fri Mar 06 07:01:57 UTC 2026","TestImageDiffusionWorkerHandler","test_sglang_image_diffusion_handler","",""
"Test seconds with default fps (24).","0","test_compute_num_frames_only_seconds","components.src.dynamo.trtllm.tests","Fri Mar 06 07:01:51 UTC 2026","passed","Fri Mar 06 07:01:51 UTC 2026","TestVideoHandlerComputeNumFrames","test_trtllm_video_diffusion","",""
"Verify ReasoningParser has extract_reasoning_streaming and
        is_reasoning_end_streaming.

        prepost.py calls both during streaming post-processing to separate
        reasoning tokens from content tokens.
        ","0","test_reasoning_parser_method_signatures","components.src.dynamo.vllm.tests","Fri Mar 06 06:57:34 UTC 2026","passed","Fri Mar 06 06:57:34 UTC 2026","TestVllmRendererApi","test_vllm_renderer_api","",""
"","0","test_cached_request_interface","tests.kvbm_integration","Fri Mar 06 06:57:34 UTC 2026","passed","Fri Mar 06 06:57:34 UTC 2026","","test_kvbm_vllm_integration","",""
"Test _generate_images handles bytes directly.","0","test_generate_images_with_bytes","components.src.dynamo.sglang.tests","Fri Mar 06 07:01:57 UTC 2026","passed","Fri Mar 06 07:01:57 UTC 2026","TestImageDiffusionWorkerHandler","test_sglang_image_diffusion_handler","",""
"","0","test_prefill_only_not_handled","components.src.dynamo.vllm.tests","Fri Mar 06 06:58:55 UTC 2026","passed","Fri Mar 06 06:58:55 UTC 2026","TestHandles","test_vllm_worker_factory","",""
"Test _generate_images handles numpy arrays.","9","test_generate_images_with_numpy_array","components.src.dynamo.sglang.tests","Fri Mar 06 07:01:57 UTC 2026","passed","Fri Mar 06 07:01:57 UTC 2026","TestImageDiffusionWorkerHandler","test_sglang_image_diffusion_handler","",""
"Test that MODEL_EXPRESS_URL env var is used as fallback.","4","test_model_express_url_from_env_var[mx-source]","components.src.dynamo.vllm.tests","Fri Mar 06 06:58:54 UTC 2026","passed","Fri Mar 06 06:58:54 UTC 2026","","test_vllm_unit","",""
"Test extracting text only from user messages, ignoring other roles.","0","test_extract_user_text_mixed_roles","components.src.dynamo.vllm.tests","Fri Mar 06 06:57:34 UTC 2026","passed","Fri Mar 06 06:57:34 UTC 2026","","test_vllm_chat_message_utils","",""
"Test SGLang deployment scenarios using common helpers","0","test_sglang_deployment[disaggregated_same_gpu-2]","tests.serve","Fri Mar 06 07:07:26 UTC 2026","skipped","Fri Mar 06 07:07:26 UTC 2026","","test_sglang","",""
"","2","test_post_init_called_when_overriding","components.src.dynamo.trtllm.tests","Fri Mar 06 07:01:51 UTC 2026","passed","Fri Mar 06 07:01:51 UTC 2026","TestOverrideSamplingParams","test_trtllm_handler_base","",""
"Test that custom values override defaults.","0","test_custom_values","components.src.dynamo.trtllm.tests","Fri Mar 06 07:01:51 UTC 2026","passed","Fri Mar 06 07:01:51 UTC 2026","TestDiffusionConfig","test_trtllm_video_diffusion","",""
"Chat completion route returns image_url content parts.","1","test_chat_completion_format","components.src.dynamo.vllm.tests","Fri Mar 06 06:57:34 UTC 2026","passed","Fri Mar 06 06:57:34 UTC 2026","TestFormatImageChunk","test_vllm_omni_handler","",""
"","2","test_eviction_under_pressure","components.src.dynamo.vllm.tests.multimodal_utils","Fri Mar 06 06:57:34 UTC 2026","passed","Fri Mar 06 06:57:34 UTC 2026","TestSchedulerSideLRU","test_vllm_multimodal_embedding_cache_connector","",""
"--disagg-config and --disagg-config-key must be provided together.","6","test_disagg_config_requires_disagg_config_key","components.src.dynamo.sglang.tests","Fri Mar 06 07:03:00 UTC 2026","passed","Fri Mar 06 07:03:00 UTC 2026","","test_sglang_unit","",""
"Test response with video data.","1","test_with_video_data","components.src.dynamo.trtllm.tests","Fri Mar 06 07:01:51 UTC 2026","passed","Fri Mar 06 07:01:51 UTC 2026","TestNvVideosResponse","test_trtllm_video_diffusion","",""
"Test extracting text from multi-turn conversation.","0","test_extract_user_text_multi_turn","components.src.dynamo.vllm.tests","Fri Mar 06 06:57:34 UTC 2026","passed","Fri Mar 06 06:57:34 UTC 2026","","test_vllm_chat_message_utils","",""
"Test computation from seconds * fps.","0","test_compute_num_frames_from_seconds_fps","components.src.dynamo.trtllm.tests","Fri Mar 06 07:01:51 UTC 2026","passed","Fri Mar 06 07:01:51 UTC 2026","TestVideoHandlerComputeNumFrames","test_trtllm_video_diffusion","",""
"Test that generate() returns error response on engine failure.","6","test_error_response_on_failure","components.src.dynamo.trtllm.tests","Fri Mar 06 07:01:51 UTC 2026","passed","Fri Mar 06 07:01:51 UTC 2026","TestVideoHandlerResponseFormats","test_trtllm_video_diffusion","",""
"Verify KVBM package and core classes can be imported in TRT-LLM image.","9","test_kvbm_imports_trtllm","tests.dependencies","Fri Mar 06 07:01:52 UTC 2026","passed","Fri Mar 06 07:01:52 UTC 2026","","test_kvbm_imports","",""
"","0","test_multimodal_encode_worker","components.src.dynamo.vllm.tests","Fri Mar 06 06:58:55 UTC 2026","passed","Fri Mar 06 06:58:55 UTC 2026","TestHandles","test_vllm_worker_factory","",""
"Test that TEXT returns False for is_diffusion.","0","test_is_diffusion_false_for_text","components.src.dynamo.trtllm.tests","Fri Mar 06 07:01:51 UTC 2026","passed","Fri Mar 06 07:01:51 UTC 2026","TestModality","test_trtllm_video_diffusion","",""
"","1","test_routes_to_multimodal_worker","components.src.dynamo.vllm.tests","Fri Mar 06 06:58:55 UTC 2026","passed","Fri Mar 06 06:58:55 UTC 2026","TestCreate","test_vllm_worker_factory","",""
"
    Test dynamo serve deployments with different graph configurations.
    ","78209","test_serve_deployment[multimodal_agg_frontend_decoding]","tests.serve","Fri Mar 06 07:13:59 UTC 2026","passed","Fri Mar 06 07:15:17 UTC 2026","","test_vllm","",""
"Test that --model-express-url takes precedence over MODEL_EXPRESS_URL.","4","test_model_express_url_cli_overrides_env[mx-target]","components.src.dynamo.vllm.tests","Fri Mar 06 06:58:54 UTC 2026","passed","Fri Mar 06 06:58:54 UTC 2026","","test_vllm_unit","",""
"
    Test Request interface expectations for KVBM vLLM integration.
    Protects against interface changes in vLLM's Request object.
    ","0","test_request_interface","tests.kvbm_integration","Fri Mar 06 06:57:34 UTC 2026","passed","Fri Mar 06 06:57:34 UTC 2026","","test_kvbm_vllm_integration","",""
"Verify InputProcessor.process_inputs and assign_request_id signatures.

        vllm_processor.py calls process_inputs(request_id, prompt, params)
        positionally and InputProcessor.assign_request_id(vllm_preproc) as
        a static/class method.
        ","0","test_input_processor_method_signatures","components.src.dynamo.vllm.tests","Fri Mar 06 06:57:34 UTC 2026","passed","Fri Mar 06 06:57:34 UTC 2026","TestVllmRendererApi","test_vllm_renderer_api","",""
"Test a mix of None, falsy, and truthy values.","1","test_mixed_values","components.src.dynamo.trtllm.tests","Fri Mar 06 07:01:51 UTC 2026","passed","Fri Mar 06 07:01:51 UTC 2026","TestOverrideSamplingParams","test_trtllm_handler_base","",""
"Image generation with b64_json format returns base64 data.","1","test_image_generation_b64_format","components.src.dynamo.vllm.tests","Fri Mar 06 06:57:34 UTC 2026","passed","Fri Mar 06 06:57:34 UTC 2026","TestFormatImageChunk","test_vllm_omni_handler","",""
"Test that invalid file path raises FileNotFoundError.","13","test_custom_jinja_template_invalid_path","components.src.dynamo.sglang.tests","Fri Mar 06 07:02:59 UTC 2026","passed","Fri Mar 06 07:02:59 UTC 2026","","test_sglang_unit","",""
"","0","test_unsupported_fields_raise","components.src.dynamo.trtllm.tests","Fri Mar 06 07:01:51 UTC 2026","passed","Fri Mar 06 07:01:51 UTC 2026","TestOverrideSamplingParams","test_trtllm_handler_base","",""
"guided_decoding with 'choice' must be converted to a regex pattern.

        TRT-LLM's GuidedDecodingParams doesn't have a 'choice' field.
        The handler should convert choice=[""yes"", ""no"", ""maybe""] to
        regex=""(yes|no|maybe)"" so that GuidedDecodingParams can enforce it.
        ","0","test_choice_converted_to_regex","components.src.dynamo.trtllm.tests","Fri Mar 06 07:01:51 UTC 2026","passed","Fri Mar 06 07:01:51 UTC 2026","TestGuidedDecodingFromToolChoice","test_trtllm_handler_base","",""
"Test extracting text from a user message with multiple text content items.","1","test_extract_user_text_multiple_text_parts","components.src.dynamo.vllm.tests","Fri Mar 06 06:57:34 UTC 2026","passed","Fri Mar 06 06:57:34 UTC 2026","","test_vllm_chat_message_utils","",""
"Test that K8s mode falls back to CLI flags when DGD parsing fails","1","test_kubernetes_mode_fallback_to_cli_on_dgd_error","tests.planner.unit","Fri Mar 06 06:57:34 UTC 2026","passed","Fri Mar 06 06:57:34 UTC 2026","TestInitializeGpuCounts","test_sla_planner_scaling","",""
"Test generate() with url response format calls upload_to_fs.","20","test_url_response_format","components.src.dynamo.trtllm.tests","Fri Mar 06 07:01:51 UTC 2026","passed","Fri Mar 06 07:01:51 UTC 2026","TestVideoHandlerResponseFormats","test_trtllm_video_diffusion","",""
"Obsolete --dyn-endpoint-types alias should map to endpoint_types.","134","test_obsolete_dyn_endpoint_types_flag_is_supported","components.src.dynamo.sglang.tests","Fri Mar 06 07:03:00 UTC 2026","passed","Fri Mar 06 07:03:00 UTC 2026","","test_sglang_unit","",""
"stream_interval=1: one token per chunk. Baseline that works.","4","test_stream_interval_1","tests.frontend","Fri Mar 06 06:57:34 UTC 2026","passed","Fri Mar 06 06:57:34 UTC 2026","","test_prepost","",""
"Test that generate() defaults to url response format.","4","test_default_response_format_is_url","components.src.dynamo.trtllm.tests","Fri Mar 06 07:01:51 UTC 2026","passed","Fri Mar 06 07:01:51 UTC 2026","TestVideoHandlerResponseFormats","test_trtllm_video_diffusion","",""
"Test a fully populated request with nvext.","0","test_full_request_valid","components.src.dynamo.trtllm.tests","Fri Mar 06 07:01:51 UTC 2026","passed","Fri Mar 06 07:01:51 UTC 2026","TestNvCreateVideoRequest","test_trtllm_video_diffusion","",""
"Test that --endpoint overrides default namespace/component/endpoint.","4","test_endpoint_overrides_defaults","components.src.dynamo.vllm.tests","Fri Mar 06 06:58:54 UTC 2026","passed","Fri Mar 06 06:58:54 UTC 2026","","test_vllm_unit","",""
"Chat request extracts text prompt with no sampling params.","1","test_chat_completion","components.src.dynamo.vllm.tests","Fri Mar 06 06:57:34 UTC 2026","passed","Fri Mar 06 06:57:34 UTC 2026","TestBuildEngineInputs","test_vllm_omni_handler","",""
"Test that various value ranges are preserved with float32 precision.","1","test_embedding_value_ranges_preserved[ones]","components.src.dynamo.vllm.tests","Fri Mar 06 06:57:34 UTC 2026","passed","Fri Mar 06 06:57:34 UTC 2026","TestEmbeddingsDataFormats","test_vllm_prompt_embeds","",""
"Test empty string returns defaults.","0","test_parse_size_empty_string","components.src.dynamo.trtllm.tests","Fri Mar 06 07:01:51 UTC 2026","passed","Fri Mar 06 07:01:51 UTC 2026","TestVideHandlerParseSize","test_trtllm_video_diffusion","",""
"","1","test_routes_to_multimodal_encode","components.src.dynamo.vllm.tests","Fri Mar 06 06:58:55 UTC 2026","passed","Fri Mar 06 06:58:55 UTC 2026","TestCreate","test_vllm_worker_factory","",""
"Test that build_headless_namespace produces a Namespace with fields
    required by vLLM's run_headless(), including the api_server_count fallback.","1018","test_headless_namespace_has_required_fields","components.src.dynamo.vllm.tests","Fri Mar 06 06:58:54 UTC 2026","passed","Fri Mar 06 06:58:55 UTC 2026","","test_vllm_unit","",""
"finish_reason is None when output has no finish_reason.","1","test_finish_reason_none_when_not_finished","components.src.dynamo.vllm.tests","Fri Mar 06 06:57:34 UTC 2026","passed","Fri Mar 06 06:57:34 UTC 2026","TestFormatTextChunk","test_vllm_omni_handler","",""
"Verify EventBatch/KVEventBatch has expected fields.","1","test_event_batch_fields","components.src.dynamo.vllm.tests","Fri Mar 06 06:57:34 UTC 2026","passed","Fri Mar 06 06:57:34 UTC 2026","TestVllmKvEventsApi","test_vllm_kv_events_api","",""
"Test cleanup method.","1","test_cleanup","components.src.dynamo.sglang.tests","Fri Mar 06 07:01:57 UTC 2026","passed","Fri Mar 06 07:01:57 UTC 2026","TestImageDiffusionWorkerHandler","test_sglang_image_diffusion_handler","",""
"Empty image list produces an error chunk.","0","test_empty_images_returns_error","components.src.dynamo.vllm.tests","Fri Mar 06 06:57:34 UTC 2026","passed","Fri Mar 06 06:57:34 UTC 2026","TestFormatImageChunk","test_vllm_omni_handler","",""
"Test that normal truthy values are correctly set.","0","test_truthy_values_are_applied","components.src.dynamo.trtllm.tests","Fri Mar 06 07:01:51 UTC 2026","passed","Fri Mar 06 07:01:51 UTC 2026","TestOverrideSamplingParams","test_trtllm_handler_base","",""
"Test handler initialization with URL base.","1","test_initialization_with_url_base","components.src.dynamo.sglang.tests","Fri Mar 06 07:01:57 UTC 2026","passed","Fri Mar 06 07:01:57 UTC 2026","TestImageDiffusionWorkerHandler","test_sglang_image_diffusion_handler","",""
"All URLs uncached with cache -> encode worker call, results cached.","3","test_all_uncached_with_cache","components.src.dynamo.vllm.tests.multimodal_utils","Fri Mar 06 06:57:34 UTC 2026","passed","Fri Mar 06 06:57:34 UTC 2026","TestLoadMultimodalEmbeddings","test_vllm_prefill_worker_utils","",""
"Verify BlockRemoved has expected fields in expected order.","0","test_block_removed_fields","components.src.dynamo.vllm.tests","Fri Mar 06 06:57:34 UTC 2026","passed","Fri Mar 06 06:57:34 UTC 2026","TestVllmKvEventsApi","test_vllm_kv_events_api","",""
"Test that default values are set correctly.","0","test_default_values","components.src.dynamo.trtllm.tests","Fri Mar 06 07:01:51 UTC 2026","passed","Fri Mar 06 07:01:51 UTC 2026","TestDiffusionConfig","test_trtllm_video_diffusion","",""
"Cache path: List[Tensor] passed as embeddings.","7","test_embeddings_passed_to_generate_locally","components.src.dynamo.trtllm.tests.request_handlers","Fri Mar 06 07:01:51 UTC 2026","passed","Fri Mar 06 07:01:51 UTC 2026","TestPrefillHandlerGenerate","test_trtllm_prefill_handler","",""
"Test that various value ranges are preserved with float32 precision.","1","test_embedding_value_ranges_preserved[mixed]","components.src.dynamo.vllm.tests","Fri Mar 06 06:57:34 UTC 2026","passed","Fri Mar 06 06:57:34 UTC 2026","TestEmbeddingsDataFormats","test_vllm_prompt_embeds","",""
"Test usage statistics calculation for various scenarios.","0","test_build_completion_usage[text]","components.src.dynamo.vllm.tests","Fri Mar 06 06:57:34 UTC 2026","passed","Fri Mar 06 06:57:34 UTC 2026","TestUsageStatistics","test_vllm_prompt_embeds","",""
"Test that VIDEO_DIFFUSION returns True for is_diffusion.","0","test_is_diffusion_true_for_video_diffusion","components.src.dynamo.trtllm.tests","Fri Mar 06 07:01:51 UTC 2026","passed","Fri Mar 06 07:01:51 UTC 2026","TestModality","test_trtllm_video_diffusion","",""
"Setting both --dyn-tool-call-parser and --tool-call-parser exits with error.","6","test_tool_call_parser_both_flags_error","components.src.dynamo.sglang.tests","Fri Mar 06 07:03:00 UTC 2026","passed","Fri Mar 06 07:03:00 UTC 2026","","test_sglang_unit","",""
"Test that --is-prefill-worker still works but emits DeprecationWarning.","4","test_legacy_is_prefill_worker_emits_deprecation","components.src.dynamo.vllm.tests","Fri Mar 06 06:58:55 UTC 2026","passed","Fri Mar 06 06:58:55 UTC 2026","","test_vllm_unit","",""
"Test that missing both GPU flags shows both error messages","0","test_virtual_mode_missing_both_raises_error_with_both_messages","tests.planner.unit","Fri Mar 06 06:57:34 UTC 2026","passed","Fri Mar 06 06:57:34 UTC 2026","TestInitializeGpuCounts","test_sla_planner_scaling","",""
"Verify ToolParser has adjust_request and extract_tool_calls_streaming.

        prepost.py calls tool_parser.adjust_request(request) during
        preprocessing and tool_parser.extract_tool_calls_streaming(...)
        during streaming post-processing.
        ","0","test_tool_parser_method_signatures","components.src.dynamo.vllm.tests","Fri Mar 06 06:57:34 UTC 2026","passed","Fri Mar 06 06:57:34 UTC 2026","TestVllmRendererApi","test_vllm_renderer_api","",""
"With cache enabled -> passes cache manager kwarg.","2","test_passes_cache_to_load_multimodal_embeddings","components.src.dynamo.vllm.tests.multimodal_handlers","Fri Mar 06 06:57:34 UTC 2026","passed","Fri Mar 06 06:57:34 UTC 2026","TestLoadMultimodalData","test_vllm_multimodal_pd_worker_handler","",""
"Test that K8s fallback raises error when CLI flags are also missing","1","test_kubernetes_mode_fallback_missing_cli_flags_raises_error","tests.planner.unit","Fri Mar 06 06:57:34 UTC 2026","passed","Fri Mar 06 06:57:34 UTC 2026","TestInitializeGpuCounts","test_sla_planner_scaling","",""
"Test that DYN_CONNECTOR env var raises error for vLLM backend.","3","test_env_var_dyn_connector_raises_error","components.src.dynamo.vllm.tests","Fri Mar 06 06:58:54 UTC 2026","passed","Fri Mar 06 06:58:54 UTC 2026","","test_vllm_unit","",""
"Test --disaggregation-mode prefill sets correct state.","7","test_disaggregation_mode_prefill","components.src.dynamo.vllm.tests","Fri Mar 06 06:58:55 UTC 2026","passed","Fri Mar 06 06:58:55 UTC 2026","","test_vllm_unit","",""
"Verify EngineCoreRequest and EngineCoreOutput field order.

        Both use msgspec array_like=True, so field ORDER determines wire
        position. vllm_processor.py constructs EngineCoreOutput by keyword
        and reads fields from EngineCoreRequest positionally.
        ","0","test_engine_core_struct_contract","components.src.dynamo.vllm.tests","Fri Mar 06 06:57:34 UTC 2026","passed","Fri Mar 06 06:57:34 UTC 2026","TestVllmRendererApi","test_vllm_renderer_api","",""
"Mistral tool call with no reasoning.

    The model output is:
        [TOOL_CALLS]search_gutenberg_books{""search_terms"": [""James Joyce""]}
    with no [THINK]...[/THINK] reasoning block.

    The tool parser should extract the tool call correctly, not leak the
    tool-call markup as plain content.
    ","0","test_mistral_tool_call","tests.frontend","Fri Mar 06 06:57:34 UTC 2026","passed","Fri Mar 06 06:57:34 UTC 2026","","test_prepost_mistral","",""
"Disagg config should only accept SGLang-native keys.","10","test_disagg_config_rejects_dynamo_keys","components.src.dynamo.sglang.tests","Fri Mar 06 07:03:01 UTC 2026","passed","Fri Mar 06 07:03:01 UTC 2026","","test_sglang_unit","",""
"","1","test_passes_checkpoint_restore_engine","components.src.dynamo.vllm.tests","Fri Mar 06 06:58:55 UTC 2026","passed","Fri Mar 06 06:58:55 UTC 2026","TestCreate","test_vllm_worker_factory","",""
"Test that __str__ includes key fields.","0","test_str_representation","components.src.dynamo.trtllm.tests","Fri Mar 06 07:01:51 UTC 2026","passed","Fri Mar 06 07:01:51 UTC 2026","TestDiffusionConfig","test_trtllm_video_diffusion","",""
"Verify KVBM wheel exists in vLLM image.","5","test_kvbm_wheel_exists_vllm","tests.dependencies","Fri Mar 06 06:57:34 UTC 2026","passed","Fri Mar 06 06:57:34 UTC 2026","","test_kvbm_imports","",""
"Test successful image generation with URL response format.","16","test_generate_success_url_format","components.src.dynamo.sglang.tests","Fri Mar 06 07:01:57 UTC 2026","passed","Fri Mar 06 07:01:57 UTC 2026","TestImageDiffusionWorkerHandler","test_sglang_image_diffusion_handler","",""
"Multiple input images produce one output entry each.","1","test_multiple_images","components.src.dynamo.vllm.tests","Fri Mar 06 06:57:34 UTC 2026","passed","Fri Mar 06 06:57:34 UTC 2026","TestPrepareImageOutput","test_vllm_omni_handler","",""
"Test that missing server URL raises ValueError for mx load formats.","4","test_model_express_url_missing_raises[mx-source]","components.src.dynamo.vllm.tests","Fri Mar 06 06:58:54 UTC 2026","passed","Fri Mar 06 06:58:54 UTC 2026","","test_vllm_unit","",""
"Test _uses_nixl_connector for direct, nested-in-PdConnector, and absent cases.","0","test_uses_nixl_connector_direct_and_nested","components.src.dynamo.vllm.tests","Fri Mar 06 06:58:54 UTC 2026","passed","Fri Mar 06 06:58:54 UTC 2026","","test_vllm_unit","",""
"Invalid parser name exits when using Dynamo's tokenizer.","7","test_tool_call_parser_invalid_with_dynamo_tokenizer","components.src.dynamo.sglang.tests","Fri Mar 06 07:03:00 UTC 2026","passed","Fri Mar 06 07:03:00 UTC 2026","","test_sglang_unit","",""
"Test factory creates PrefillHandler with no cache when capacity is 0.","1","test_prefill_handler_without_encoder_cache","components.src.dynamo.trtllm.tests.request_handlers","Fri Mar 06 07:01:51 UTC 2026","passed","Fri Mar 06 07:01:51 UTC 2026","TestRequestHandlerFactory","test_trtllm_request_handler_factory","",""
"Delta content is the diff between current and previous text.","2","test_delta_text","components.src.dynamo.vllm.tests","Fri Mar 06 06:57:34 UTC 2026","passed","Fri Mar 06 06:57:34 UTC 2026","TestFormatTextChunk","test_vllm_omni_handler","",""
"Test usage statistics calculation for various scenarios.","0","test_build_completion_usage[embeddings-override]","components.src.dynamo.vllm.tests","Fri Mar 06 06:57:34 UTC 2026","passed","Fri Mar 06 06:57:34 UTC 2026","TestUsageStatistics","test_vllm_prompt_embeds","",""
"Test decoding embeddings of various sizes.","1","test_various_embedding_sizes[1024]","components.src.dynamo.vllm.tests","Fri Mar 06 06:57:34 UTC 2026","passed","Fri Mar 06 06:57:34 UTC 2026","TestEmbeddingsDataFormats","test_vllm_prompt_embeds","",""
"Test decoding embeddings of various sizes.","1","test_various_embedding_sizes[768]","components.src.dynamo.vllm.tests","Fri Mar 06 06:57:34 UTC 2026","passed","Fri Mar 06 06:57:34 UTC 2026","TestEmbeddingsDataFormats","test_vllm_prompt_embeds","",""
"Test factory creates PrefillHandler with MultimodalEmbeddingCacheManager when capacity > 0.","1","test_prefill_handler_with_encoder_cache","components.src.dynamo.trtllm.tests.request_handlers","Fri Mar 06 07:01:51 UTC 2026","passed","Fri Mar 06 07:01:51 UTC 2026","TestRequestHandlerFactory","test_trtllm_request_handler_factory","",""
"Test error handling when registry fails.","0","test_error_handling","components.src.dynamo.sglang.tests","Fri Mar 06 07:01:57 UTC 2026","passed","Fri Mar 06 07:01:57 UTC 2026","TestGetPrometheusExpfmt","test_sglang_prometheus_utils","",""
"Test that --is-decode-worker still works but emits DeprecationWarning.","4","test_legacy_is_decode_worker_emits_deprecation","components.src.dynamo.vllm.tests","Fri Mar 06 06:58:55 UTC 2026","passed","Fri Mar 06 06:58:55 UTC 2026","","test_vllm_unit","",""
"Reasoning + plain content, no tool calls.

    When </think> and the actual response content arrive in the same chunk
    (with finish_reason=stop), the content must still be emitted.  This
    reproduces a regression where the post-reasoning content was
    unconditionally buffered for tool-call extraction and never emitted
    when no tool call was present.
    ","1","test_no_tool_call","tests.frontend","Fri Mar 06 06:57:34 UTC 2026","passed","Fri Mar 06 06:57:34 UTC 2026","","test_prepost","",""
"Test that ValueError is raised when messages list is empty.","1","test_extract_user_text_empty_messages","components.src.dynamo.vllm.tests","Fri Mar 06 06:57:34 UTC 2026","passed","Fri Mar 06 06:57:34 UTC 2026","","test_vllm_chat_message_utils","",""
"_generate_agg yields dicts formatted by _format_engine_output.","3","test_streams_serialized_responses","components.src.dynamo.vllm.tests.multimodal_handlers","Fri Mar 06 06:57:34 UTC 2026","passed","Fri Mar 06 06:57:34 UTC 2026","TestGenerateAgg","test_vllm_multimodal_pd_worker_handler","",""
"Encoding failure returns NvVideosResponse with failed status and error.","1","test_error_returns_failed_status","components.src.dynamo.vllm.tests","Fri Mar 06 06:57:34 UTC 2026","passed","Fri Mar 06 06:57:34 UTC 2026","TestFormatVideoChunk","test_vllm_omni_handler","",""
"
    Test GPU cache eviction mechanics.

    Validates that:
    - Multiple requests fill GPU cache causing eviction
    - Evicted blocks can be retrieved from CPU cache via onboarding
    - Metrics correctly reflect offload and onboard operations
    ","333","test_gpu_cache_eviction[llm_server_kvbm0]","tests.kvbm_integration","Fri Mar 06 07:02:10 UTC 2026","passed","Fri Mar 06 07:02:10 UTC 2026","","test_kvbm","",""
"","1","test_frontend_metric_container_with_nan_value","tests.planner.unit","Fri Mar 06 06:57:34 UTC 2026","passed","Fri Mar 06 06:57:34 UTC 2026","","test_prometheus","",""
"get_avg_request_count (router) returns 0 when Prometheus has no data.","0","test_router_request_count_returns_zero_on_empty_result","tests.planner.unit","Fri Mar 06 06:57:34 UTC 2026","passed","Fri Mar 06 06:57:34 UTC 2026","TestPrometheusAPIClientRouterSource","test_prometheus","",""
"Test usage statistics calculation for various scenarios.","0","test_build_completion_usage[zero-seq-len]","components.src.dynamo.vllm.tests","Fri Mar 06 06:57:34 UTC 2026","passed","Fri Mar 06 06:57:34 UTC 2026","TestUsageStatistics","test_vllm_prompt_embeds","",""
"Test successful image generation with base64 response format.","3","test_generate_success_b64_format","components.src.dynamo.sglang.tests","Fri Mar 06 07:01:57 UTC 2026","passed","Fri Mar 06 07:01:57 UTC 2026","TestImageDiffusionWorkerHandler","test_sglang_image_diffusion_handler","",""
"Test that optional fields default to None.","0","test_optional_fields_default_none","components.src.dynamo.trtllm.tests","Fri Mar 06 07:01:51 UTC 2026","passed","Fri Mar 06 07:01:51 UTC 2026","TestNvCreateVideoRequest","test_trtllm_video_diffusion","",""
"Test that --disaggregation-mode prefill without --kv-transfer-config raises ValueError.","3","test_prefill_worker_without_kv_transfer_config_raises","components.src.dynamo.vllm.tests","Fri Mar 06 06:58:54 UTC 2026","passed","Fri Mar 06 06:58:54 UTC 2026","","test_vllm_unit","",""
"warn_if_router_not_scraped logs a warning when absent() returns a result.","2","test_warn_if_router_not_scraped_logs_warning_when_absent","tests.planner.unit","Fri Mar 06 06:57:34 UTC 2026","passed","Fri Mar 06 06:57:34 UTC 2026","TestPrometheusAPIClientRouterSource","test_prometheus","",""
"Bootstrap port from disagg section should not be overridden by auto-port logic.","137","test_disagg_config_preserves_bootstrap_port","components.src.dynamo.sglang.tests","Fri Mar 06 07:03:00 UTC 2026","passed","Fri Mar 06 07:03:01 UTC 2026","","test_sglang_unit","",""
"
    Test that two KV routers have synchronized indexer states after processing requests
    with vLLM workers. This test verifies that both routers converge to the same internal state.

    Tests with configuration:
    - nats_core: etcd backend, local indexer with NATS Core, TCP request plane
                 (includes NATS interruption/recovery testing)
    ","50775","test_vllm_indexers_sync[nats_core]","tests.router","Fri Mar 06 07:04:31 UTC 2026","passed","Fri Mar 06 07:05:22 UTC 2026","","test_router_e2e_with_vllm","",""
"get_avg_time_to_first_token with router source queries dynamo_component_router_* metric.","0","test_get_avg_time_to_first_token_dispatches_to_router_histogram","tests.planner.unit","Fri Mar 06 06:57:34 UTC 2026","passed","Fri Mar 06 06:57:34 UTC 2026","TestPrometheusAPIClientRouterSource","test_prometheus","",""
"
    Test SchedulerOutput interface expectations for KVBM vLLM integration.
    Protects against interface changes in vLLM's SchedulerOutput object.
    ","0","test_scheduler_output_interface","tests.kvbm_integration","Fri Mar 06 06:57:34 UTC 2026","passed","Fri Mar 06 06:57:34 UTC 2026","","test_kvbm_vllm_integration","",""
"Test that missing server URL raises ValueError for mx load formats.","3","test_model_express_url_missing_raises[mx-target]","components.src.dynamo.vllm.tests","Fri Mar 06 06:58:54 UTC 2026","passed","Fri Mar 06 06:58:54 UTC 2026","","test_vllm_unit","",""
"Test VideoData with both fields (unusual but valid).","0","test_both_fields","components.src.dynamo.trtllm.tests","Fri Mar 06 07:01:51 UTC 2026","passed","Fri Mar 06 07:01:51 UTC 2026","TestVideoData","test_trtllm_video_diffusion","",""
"Test that unknown attributes raise a TypeError.

        dataclasses.replace() does not accept unknown field names.
        ","0","test_unknown_attributes_raise_error","components.src.dynamo.trtllm.tests","Fri Mar 06 07:01:51 UTC 2026","passed","Fri Mar 06 07:01:51 UTC 2026","TestOverrideSamplingParams","test_trtllm_handler_base","",""
"Test that dryrun sets default GPU counts of 1 when None","4","test_dryrun_defaults_gpu_counts_when_none","tests.planner.unit","Fri Mar 06 06:57:34 UTC 2026","passed","Fri Mar 06 06:57:34 UTC 2026","TestDryrunGpuDefaults","test_sla_planner_scaling","",""
"None response_format defaults to base64 encoding.","1","test_b64_default_when_none","components.src.dynamo.vllm.tests","Fri Mar 06 06:57:34 UTC 2026","passed","Fri Mar 06 06:57:34 UTC 2026","TestPrepareImageOutput","test_vllm_omni_handler","",""
"No-cache path: DisaggregatedParams passed as ep_params.","4","test_disaggregated_params_passed_to_generate_locally","components.src.dynamo.trtllm.tests.request_handlers","Fri Mar 06 07:01:51 UTC 2026","passed","Fri Mar 06 07:01:51 UTC 2026","TestAggregatedHandlerGenerate","test_trtllm_aggregated_handler","",""
"Test that without --endpoint, defaults are preserved.","3","test_endpoint_not_provided_preserves_defaults","components.src.dynamo.vllm.tests","Fri Mar 06 06:58:54 UTC 2026","passed","Fri Mar 06 06:58:54 UTC 2026","","test_vllm_unit","",""
"Test that media storage fields can be overridden.","0","test_custom_media_storage","components.src.dynamo.trtllm.tests","Fri Mar 06 07:01:51 UTC 2026","passed","Fri Mar 06 07:01:51 UTC 2026","TestDiffusionConfig","test_trtllm_video_diffusion","",""
"Test that prefix is not added if it already exists.","1","test_prefix_already_exists","components.src.dynamo.trtllm.tests","Fri Mar 06 07:01:51 UTC 2026","passed","Fri Mar 06 07:01:51 UTC 2026","TestGetPrometheusExpfmt","test_trtllm_prometheus_utils","",""
"Test that width exceeding max_width raises ValueError.","0","test_parse_size_exceeds_max_width","components.src.dynamo.trtllm.tests","Fri Mar 06 07:01:51 UTC 2026","passed","Fri Mar 06 07:01:51 UTC 2026","TestVideHandlerParseSize","test_trtllm_video_diffusion","",""
"Test that TEXT, MULTIMODAL, and VIDEO_DIFFUSION exist.","1","test_modality_values_exist","components.src.dynamo.trtllm.tests","Fri Mar 06 07:01:51 UTC 2026","passed","Fri Mar 06 07:01:51 UTC 2026","TestModality","test_trtllm_video_diffusion","",""
"Test that default disaggregation mode is AGGREGATED.","4","test_disaggregation_mode_default","components.src.dynamo.vllm.tests","Fri Mar 06 06:58:55 UTC 2026","passed","Fri Mar 06 06:58:55 UTC 2026","","test_vllm_unit","",""
"Test usage when no prompt token info available.","1","test_build_completion_usage_no_prompt_info","components.src.dynamo.vllm.tests","Fri Mar 06 06:57:34 UTC 2026","passed","Fri Mar 06 06:57:34 UTC 2026","TestUsageStatistics","test_vllm_prompt_embeds","",""
"Test that height exceeding max_height raises ValueError.","0","test_parse_size_exceeds_max_height","components.src.dynamo.trtllm.tests","Fri Mar 06 07:01:51 UTC 2026","passed","Fri Mar 06 07:01:51 UTC 2026","TestVideHandlerParseSize","test_trtllm_video_diffusion","",""
"Test usage statistics calculation for various scenarios.","0","test_build_completion_usage[embeddings]","components.src.dynamo.vllm.tests","Fri Mar 06 06:57:34 UTC 2026","passed","Fri Mar 06 06:57:34 UTC 2026","TestUsageStatistics","test_vllm_prompt_embeds","",""
"Test PrefillHandler can be initialized with encoder_cache.","1","test_init_with_encoder_cache","components.src.dynamo.trtllm.tests.request_handlers","Fri Mar 06 07:01:51 UTC 2026","passed","Fri Mar 06 07:01:51 UTC 2026","TestPrefillHandlerInit","test_trtllm_prefill_handler","",""
"Mixed cache hits/misses -> only misses sent to encode workers.","18","test_mixed_cache","components.src.dynamo.vllm.tests.multimodal_utils","Fri Mar 06 06:57:34 UTC 2026","passed","Fri Mar 06 06:57:34 UTC 2026","TestLoadMultimodalEmbeddings","test_vllm_prefill_worker_utils","",""
"Test that explicit num_frames takes priority.","1","test_compute_num_frames_explicit","components.src.dynamo.trtllm.tests","Fri Mar 06 07:01:51 UTC 2026","passed","Fri Mar 06 07:01:51 UTC 2026","TestVideoHandlerComputeNumFrames","test_trtllm_video_diffusion","",""
"Verify ChatCompletionRequest has all fields read by prepost.py.

        preprocess_chat_request() accesses these fields after model_validate().
        New fields in vLLM are fine; missing fields break preprocessing.
        ","0","test_chat_completion_request_has_required_fields","components.src.dynamo.vllm.tests","Fri Mar 06 06:57:34 UTC 2026","passed","Fri Mar 06 06:57:34 UTC 2026","TestVllmRendererApi","test_vllm_renderer_api","",""
"","50","test_disagg_scale_up","tests.planner.unit","Fri Mar 06 06:57:34 UTC 2026","passed","Fri Mar 06 06:57:34 UTC 2026","","test_sla_planner_scaling","",""
"
    Test onboarding determinism under eviction scenario.

    Validates that:
    - Multiple onboarding cycles produce deterministic results
    - Responses are consistent when blocks are onboarded multiple times
    - Tests onboarded vs onboarded (not initial vs onboarded)
    ","633","test_onboarding_determinism[llm_server_kvbm0]","tests.kvbm_integration","Fri Mar 06 07:02:59 UTC 2026","passed","Fri Mar 06 07:03:00 UTC 2026","","test_kvbm","",""
